{
  "type": "FeatureCollection",
  "crs": {
    "type": "name",
    "properties": {
      "name": "urn:ogc:def:crs:OGC:1.3:CRS84"
    }
  },
  "features": [
    {
      "type": "Feature",
      "geometry": {
        "type": "Polygon",
        "coordinates": [
          [
            [
              -70.45560371870684,
              -33.4793797298535
            ],
            [
              -70.46001144318528,
              -33.48229917535392
            ],
            [
              -70.45937691051024,
              -33.48654225144345
            ],
            [
              -70.45433454067326,
              -33.48786579054246
            ],
            [
              -70.44992697008757,
              -33.48494635899794
            ],
            [
              -70.45056161543211,
              -33.4807033744099
            ],
            [
              -70.45560371870684,
              -33.4793797298535
            ]
          ]
        ]
      },
      "properties": {
        "h3_index": "88b2c50a8bfffff",
        "resolucion": 8,
        "area_km2": 0.74,
        "res_nombre": "Barrio"
      }
    },
    {
      "type": "Feature",
      "geometry": {
        "type": "Polygon",
        "coordinates": [
          [
            [
              -70.53320056463411,
              -33.38142303046004
            ],
            [
              -70.53760999861616,
              -33.384343262834136
            ],
            [
              -70.53697667551339,
              -33.388594428840904
            ],
            [
              -70.53193380539115,
              -33.38992527092071
            ],
            [
              -70.5275245240803,
              -33.38700505225831
            ],
            [
              -70.52815796020649,
              -33.38275397781582
            ],
            [
              -70.53320056463411,
              -33.38142303046004
            ]
          ]
        ]
      },
      "properties": {
        "h3_index": "88b2c519cbfffff",
        "resolucion": 8,
        "area_km2": 0.74,
        "res_nombre": "Barrio"
      }
    },
    {
      "type": "Feature",
      "geometry": {
        "type": "Polygon",
        "coordinates": [
          [
            [
              -70.52374897314672,
              -33.379833469650514
            ],
            [
              -70.52815796020649,
              -33.38275397781582
            ],
            [
              -70.5275245240803,
              -33.38700505225831
            ],
            [
              -70.52248198791224,
              -33.38833552691911
            ],
            [
              -70.51807315365593,
              -33.38541503247634
            ],
            [
              -70.51870670275022,
              -33.38116404966165
            ],
            [
              -70.52374897314672,
              -33.379833469650514
            ]
          ]
        ]
      },
      "properties": {
        "h3_index": "88b2c51837fffff",
        "resolucion": 8,
        "area_km2": 0.74,
        "res_nombre": "Barrio"
      }
    },
    {
      "type": "Feature",
      "geometry": {
        "type": "Polygon",
        "coordinates": [
          [
            [
              -70.43674260757184,
              -33.443556848229875
            ],
            [
              -70.44114885766638,
              -33.44647774157202
            ],
            [
              -70.44051418344398,
              -33.45072279363862
            ],
            [
              -70.4354731465837,
              -33.45204686057519
            ],
            [
              -70.43106705060475,
              -33.44912598116643
            ],
            [
              -70.43170183735646,
              -33.44488102089909
            ],
            [
              -70.43674260757184,
              -33.443556848229875
            ]
          ]
        ]
      },
      "properties": {
        "h3_index": "88b2c50139fffff",
        "resolucion": 8,
        "area_km2": 0.74,
        "res_nombre": "Barrio"
      }
    },
    {
      "type": "Feature",
      "geometry": {
        "type": "Polygon",
        "coordinates": [
          [
            [
              -70.42920042529792,
              -33.429222905340445
            ],
            [
              -70.43360608561204,
              -33.43214437684976
            ],
            [
              -70.43297135485943,
              -33.4363902187231
            ],
            [
              -70.42793085130545,
              -33.43771449717997
            ],
            [
              -70.42352534519591,
              -33.43479303959481
            ],
            [
              -70.42416018842177,
              -33.43054728964
            ],
            [
              -70.42920042529792,
              -33.429222905340445
            ]
          ]
        ]
      },
      "properties": {
        "h3_index": "88b2c5010bfffff",
        "resolucion": 8,
        "area_km2": 0.74,
        "res_nombre": "Barrio"
      }
    },
    {
      "type": "Feature",
      "geometry": {
        "type": "Polygon",
        "coordinates": [
          [
            [
              -70.48214653456681,
              -33.39896924418851
            ],
            [
              -70.48655401444358,
              -33.40189024843005
            ],
            [
              -70.4859200148395,
              -33.40613919364817
            ],
            [
              -70.48087842259646,
              -33.4074670428661
            ],
            [
              -70.47647109613686,
              -33.40454605243183
            ],
            [
              -70.47710520848914,
              -33.40029719898376
            ],
            [
              -70.48214653456681,
              -33.39896924418851
            ]
          ]
        ]
      },
      "properties": {
        "h3_index": "88b2c51887fffff",
        "resolucion": 8,
        "area_km2": 0.74,
        "res_nombre": "Barrio"
      }
    },
    {
      "type": "Feature",
      "geometry": {
        "type": "Polygon",
        "coordinates": [
          [
            [
              -70.53130039778928,
              -33.39417595050513
            ],
            [
              -70.5357099733471,
              -33.39709587952581
            ],
            [
              -70.53507659428224,
              -33.40134616416814
            ],
            [
              -70.53003352662142,
              -33.40267642829262
            ],
            [
              -70.52562410377745,
              -33.39975651300412
            ],
            [
              -70.52625759586645,
              -33.39550631987037
            ],
            [
              -70.53130039778928,
              -33.39417595050513
            ]
          ]
        ]
      },
      "properties": {
        "h3_index": "88b2c519d5fffff",
        "resolucion": 8,
        "area_km2": 0.74,
        "res_nombre": "Barrio"
      }
    },
    {
      "type": "Feature",
      "geometry": {
        "type": "Polygon",
        "coordinates": [
          [
            [
              -70.4896938180467,
              -33.4133084590176
            ],
            [
              -70.49410188697469,
              -33.41622888461221
            ],
            [
              -70.49346794419712,
              -33.42047704007422
            ],
            [
              -70.48842581967331,
              -33.4218046783022
            ],
            [
              -70.48401790407314,
              -33.41888426652432
            ],
            [
              -70.48465195965494,
              -33.414636202713105
            ],
            [
              -70.4896938180467,
              -33.4133084590176
            ]
          ]
        ]
      },
      "properties": {
        "h3_index": "88b2c518b5fffff",
        "resolucion": 8,
        "area_km2": 0.74,
        "res_nombre": "Barrio"
      }
    },
    {
      "type": "Feature",
      "geometry": {
        "type": "Polygon",
        "coordinates": [
          [
            [
              -70.4859200148395,
              -33.40613919364817
            ],
            [
              -70.49032778924385,
              -33.40905990863562
            ],
            [
              -70.4896938180467,
              -33.4133084590176
            ],
            [
              -70.48465195965494,
              -33.414636202713105
            ],
            [
              -70.48024433862308,
              -33.41171550153767
            ],
            [
              -70.48087842259646,
              -33.4074670428661
            ],
            [
              -70.4859200148395,
              -33.40613919364817
            ]
          ]
        ]
      },
      "properties": {
        "h3_index": "88b2c518bdfffff",
        "resolucion": 8,
        "area_km2": 0.74,
        "res_nombre": "Barrio"
      }
    },
    {
      "type": "Feature",
      "geometry": {
        "type": "Polygon",
        "coordinates": [
          [
            [
              -70.48024433862308,
              -33.41171550153767
            ],
            [
              -70.48465195965494,
              -33.414636202713105
            ],
            [
              -70.48401790407314,
              -33.41888426652432
            ],
            [
              -70.47897611469658,
              -33.420211537457334
            ],
            [
              -70.47456864712456,
              -33.417290850109644
            ],
            [
              -70.47520281545526,
              -33.41304287801259
            ],
            [
              -70.48024433862308,
              -33.41171550153767
            ]
          ]
        ]
      },
      "properties": {
        "h3_index": "88b2c518b1fffff",
        "resolucion": 8,
        "area_km2": 0.74,
        "res_nombre": "Barrio"
      }
    },
    {
      "type": "Feature",
      "geometry": {
        "type": "Polygon",
        "coordinates": [
          [
            [
              -70.47076324524008,
              -33.4427725118661
            ],
            [
              -70.475170995031,
              -33.445692592549364
            ],
            [
              -70.47453674309632,
              -33.44993840636465
            ],
            [
              -70.46949462863384,
              -33.451264047902015
            ],
            [
              -70.46508703247554,
              -33.44834398110295
            ],
            [
              -70.46572139713308,
              -33.44409825889371
            ],
            [
              -70.47076324524008,
              -33.4427725118661
            ]
          ]
        ]
      },
      "properties": {
        "h3_index": "88b2c50125fffff",
        "resolucion": 8,
        "area_km2": 0.74,
        "res_nombre": "Barrio"
      }
    },
    {
      "type": "Feature",
      "geometry": {
        "type": "Polygon",
        "coordinates": [
          [
            [
              -70.45376919146268,
              -33.42684369226619
            ],
            [
              -70.45817590338034,
              -33.42976462731383
            ],
            [
              -70.45754148204975,
              -33.43401113952026
            ],
            [
              -70.45250023617604,
              -33.435336624901964
            ],
            [
              -70.44809367811213,
              -33.43241570374038
            ],
            [
              -70.44872821205418,
              -33.42816928332244
            ],
            [
              -70.45376919146268,
              -33.42684369226619
            ]
          ]
        ]
      },
      "properties": {
        "h3_index": "88b2c50163fffff",
        "resolucion": 8,
        "area_km2": 0.74,
        "res_nombre": "Barrio"
      }
    },
    {
      "type": "Feature",
      "geometry": {
        "type": "Polygon",
        "coordinates": [
          [
            [
              -70.55208434666088,
              -33.41727317459137
            ],
            [
              -70.55649525161215,
              -33.42019195739361
            ],
            [
              -70.5558620713981,
              -33.42444114797289
            ],
            [
              -70.55081787305522,
              -33.42577146449493
            ],
            [
              -70.54640712055078,
              -33.42285269542817
            ],
            [
              -70.54704041392841,
              -33.418603596115325
            ],
            [
              -70.55208434666088,
              -33.41727317459137
            ]
          ]
        ]
      },
      "properties": {
        "h3_index": "88b2c519bdfffff",
        "resolucion": 8,
        "area_km2": 0.74,
        "res_nombre": "Barrio"
      }
    },
    {
      "type": "Feature",
      "geometry": {
        "type": "Polygon",
        "coordinates": [
          [
            [
              -70.47453674309632,
              -33.44993840636465
            ],
            [
              -70.47894478758167,
              -33.452858197359255
            ],
            [
              -70.47831056403058,
              -33.457103615991066
            ],
            [
              -70.47326818322921,
              -33.45842915209318
            ],
            [
              -70.46886029233181,
              -33.455509374987344
            ],
            [
              -70.46949462863384,
              -33.451264047902015
            ],
            [
              -70.47453674309632,
              -33.44993840636465
            ]
          ]
        ]
      },
      "properties": {
        "h3_index": "88b2c50a1bfffff",
        "resolucion": 8,
        "area_km2": 0.74,
        "res_nombre": "Barrio"
      }
    },
    {
      "type": "Feature",
      "geometry": {
        "type": "Polygon",
        "coordinates": [
          [
            [
              -70.51427146733593,
              -33.41091476034311
            ],
            [
              -70.51868058448994,
              -33.41383464812036
            ],
            [
              -70.5180469519535,
              -33.41808347325319
            ],
            [
              -70.51300408930683,
              -33.419412319099976
            ],
            [
              -70.50859512512898,
              -33.41649244510184
            ],
            [
              -70.50922887060767,
              -33.41224371148921
            ],
            [
              -70.51427146733593,
              -33.41091476034311
            ]
          ]
        ]
      },
      "properties": {
        "h3_index": "88b2c5199bfffff",
        "resolucion": 8,
        "area_km2": 0.74,
        "res_nombre": "Barrio"
      }
    },
    {
      "type": "Feature",
      "geometry": {
        "type": "Polygon",
        "coordinates": [
          [
            [
              -70.45947856649832,
              -33.388610952613966
            ],
            [
              -70.4638848555791,
              -33.39153279618319
            ],
            [
              -70.46325060219581,
              -33.39578195243075
            ],
            [
              -70.45820994710829,
              -33.397109173163976
            ],
            [
              -70.45380381175315,
              -33.39418734341923
            ],
            [
              -70.45443817774587,
              -33.38993827912816
            ],
            [
              -70.45947856649832,
              -33.388610952613966
            ]
          ]
        ]
      },
      "properties": {
        "h3_index": "88b2c518d7fffff",
        "resolucion": 8,
        "area_km2": 0.74,
        "res_nombre": "Barrio"
      }
    },
    {
      "type": "Feature",
      "geometry": {
        "type": "Polygon",
        "coordinates": [
          [
            [
              -70.57289435968914,
              -33.40769833040302
            ],
            [
              -70.57730601550216,
              -33.410616864002264
            ],
            [
              -70.5766731177489,
              -33.414867118779526
            ],
            [
              -70.57162845089516,
              -33.41619874877399
            ],
            [
              -70.5672169472214,
              -33.41328022886832
            ],
            [
              -70.56784995824806,
              -33.409030065286004
            ],
            [
              -70.57289435968914,
              -33.40769833040302
            ]
          ]
        ]
      },
      "properties": {
        "h3_index": "88b2c519adfffff",
        "resolucion": 8,
        "area_km2": 0.74,
        "res_nombre": "Barrio"
      }
    },
    {
      "type": "Feature",
      "geometry": {
        "type": "Polygon",
        "coordinates": [
          [
            [
              -70.49911539568616,
              -33.44755248083067
            ],
            [
              -70.50352448951979,
              -33.45047173363232
            ],
            [
              -70.50289057608614,
              -33.45471782188629
            ],
            [
              -70.4978474559158,
              -33.45604456593372
            ],
            [
              -70.49343851531852,
              -33.453125326983
            ],
            [
              -70.49407254164122,
              -33.448879330145346
            ],
            [
              -70.49911539568616,
              -33.44755248083067
            ]
          ]
        ]
      },
      "properties": {
        "h3_index": "88b2c50a03fffff",
        "resolucion": 8,
        "area_km2": 0.74,
        "res_nombre": "Barrio"
      }
    },
    {
      "type": "Feature",
      "geometry": {
        "type": "Polygon",
        "coordinates": [
          [
            [
              -70.50669377673634,
              -33.4292368827222
            ],
            [
              -70.51110288231749,
              -33.432156453121486
            ],
            [
              -70.51046910933285,
              -33.43640390996057
            ],
            [
              -70.50542611783739,
              -33.4377317049435
            ],
            [
              -70.50101716536247,
              -33.4348121483593
            ],
            [
              -70.50165105126275,
              -33.43056478298848
            ],
            [
              -70.50669377673634,
              -33.4292368827222
            ]
          ]
        ]
      },
      "properties": {
        "h3_index": "88b2c50a47fffff",
        "resolucion": 8,
        "area_km2": 0.74,
        "res_nombre": "Barrio"
      }
    },
    {
      "type": "Feature",
      "geometry": {
        "type": "Polygon",
        "coordinates": [
          [
            [
              -70.43293400058697,
              -33.469023358059204
            ],
            [
              -70.43734053230631,
              -33.47194364477925
            ],
            [
              -70.43670574606895,
              -33.47618693304569
            ],
            [
              -70.43166431556767,
              -33.47750984291631
            ],
            [
              -70.42725793804942,
              -33.47458957017022
            ],
            [
              -70.42789283681735,
              -33.47034637359095
            ],
            [
              -70.43293400058697,
              -33.469023358059204
            ]
          ]
        ]
      },
      "properties": {
        "h3_index": "88b2c50adbfffff",
        "resolucion": 8,
        "area_km2": 0.74,
        "res_nombre": "Barrio"
      }
    },
    {
      "type": "Feature",
      "geometry": {
        "type": "Polygon",
        "coordinates": [
          [
            [
              -70.56343874866573,
              -33.40611125505946
            ],
            [
              -70.56784995824806,
              -33.409030065286004
            ],
            [
              -70.5672169472214,
              -33.41328022886832
            ],
            [
              -70.56217261338023,
              -33.414611490977016
            ],
            [
              -70.55776155606966,
              -33.41169269445486
            ],
            [
              -70.55839468031448,
              -33.40744262213101
            ],
            [
              -70.56343874866573,
              -33.40611125505946
            ]
          ]
        ]
      },
      "properties": {
        "h3_index": "88b2c519a9fffff",
        "resolucion": 8,
        "area_km2": 0.74,
        "res_nombre": "Barrio"
      }
    },
    {
      "type": "Feature",
      "geometry": {
        "type": "Polygon",
        "coordinates": [
          [
            [
              -70.53317634515282,
              -33.41409525508028
            ],
            [
              -70.53758635656808,
              -33.41701459065961
            ],
            [
              -70.5369529500822,
              -33.42126359864258
            ],
            [
              -70.53190941911413,
              -33.42259317966426
            ],
            [
              -70.52749956041048,
              -33.419673857842184
            ],
            [
              -70.52813307994928,
              -33.41542494125257
            ],
            [
              -70.53317634515282,
              -33.41409525508028
            ]
          ]
        ]
      },
      "properties": {
        "h3_index": "88b2c51995fffff",
        "resolucion": 8,
        "area_km2": 0.74,
        "res_nombre": "Barrio"
      }
    },
    {
      "type": "Feature",
      "geometry": {
        "type": "Polygon",
        "coordinates": [
          [
            [
              -70.52942477650073,
              -33.37425094774749
            ],
            [
              -70.53383391627654,
              -33.37717146961963
            ],
            [
              -70.53320056463411,
              -33.38142303046004
            ],
            [
              -70.52815796020649,
              -33.38275397781582
            ],
            [
              -70.52374897314672,
              -33.379833469650514
            ],
            [
              -70.52438243778454,
              -33.375582000434
            ],
            [
              -70.52942477650073,
              -33.37425094774749
            ]
          ]
        ]
      },
      "properties": {
        "h3_index": "88b2c51835fffff",
        "resolucion": 8,
        "area_km2": 0.74,
        "res_nombre": "Barrio"
      }
    },
    {
      "type": "Feature",
      "geometry": {
        "type": "Polygon",
        "coordinates": [
          [
            [
              -70.5766731177489,
              -33.414867118779526
            ],
            [
              -70.58108506760415,
              -33.41778536192402
            ],
            [
              -70.58045219852546,
              -33.42203522135332
            ],
            [
              -70.57540726627602,
              -33.42336674651408
            ],
            [
              -70.570995468515,
              -33.42044851706785
            ],
            [
              -70.57162845089516,
              -33.41619874877399
            ],
            [
              -70.5766731177489,
              -33.414867118779526
            ]
          ]
        ]
      },
      "properties": {
        "h3_index": "88b2c519a5fffff",
        "resolucion": 8,
        "area_km2": 0.74,
        "res_nombre": "Barrio"
      }
    },
    {
      "type": "Feature",
      "geometry": {
        "type": "Polygon",
        "coordinates": [
          [
            [
              -70.59370596188407,
              -33.39811716849259
            ],
            [
              -70.5981183674965,
              -33.40103545263895
            ],
            [
              -70.59748575241599,
              -33.40528677142117
            ],
            [
              -70.59244061832584,
              -33.40661971494523
            ],
            [
              -70.58802836454484,
              -33.403701444450654
            ],
            [
              -70.58866109300858,
              -33.39945021679167
            ],
            [
              -70.59370596188407,
              -33.39811716849259
            ]
          ]
        ]
      },
      "properties": {
        "h3_index": "88b2c556ddfffff",
        "resolucion": 8,
        "area_km2": 0.74,
        "res_nombre": "Barrio"
      }
    },
    {
      "type": "Feature",
      "geometry": {
        "type": "Polygon",
        "coordinates": [
          [
            [
              -70.52562410377745,
              -33.39975651300412
            ],
            [
              -70.53003352662142,
              -33.40267642829262
            ],
            [
              -70.5294000630541,
              -33.40692622645996
            ],
            [
              -70.52435706363192,
              -33.40825601783771
            ],
            [
              -70.5199477935892,
              -33.40533611629701
            ],
            [
              -70.5205813701534,
              -33.401086409642154
            ],
            [
              -70.52562410377745,
              -33.39975651300412
            ]
          ]
        ]
      },
      "properties": {
        "h3_index": "88b2c519d7fffff",
        "resolucion": 8,
        "area_km2": 0.74,
        "res_nombre": "Barrio"
      }
    },
    {
      "type": "Feature",
      "geometry": {
        "type": "Polygon",
        "coordinates": [
          [
            [
              -70.58423160202729,
              -33.429202637902186
            ],
            [
              -70.58864413995424,
              -33.43212029972169
            ],
            [
              -70.58801132826282,
              -33.43636936820405
            ],
            [
              -70.58296586527287,
              -33.437700683861834
            ],
            [
              -70.57855347935012,
              -33.43478303574993
            ],
            [
              -70.57918640439912,
              -33.43053405828407
            ],
            [
              -70.58423160202729,
              -33.429202637902186
            ]
          ]
        ]
      },
      "properties": {
        "h3_index": "88b2c55693fffff",
        "resolucion": 8,
        "area_km2": 0.74,
        "res_nombre": "Barrio"
      }
    },
    {
      "type": "Feature",
      "geometry": {
        "type": "Polygon",
        "coordinates": [
          [
            [
              -70.4934973653612,
              -33.38781275004167
            ],
            [
              -70.49790515181029,
              -33.39073378185048
            ],
            [
              -70.49727132098074,
              -33.394983700077546
            ],
            [
              -70.49222959088529,
              -33.39631249474469
            ],
            [
              -70.48782195767869,
              -33.39339147671165
            ],
            [
              -70.48845590131107,
              -33.389141650247076
            ],
            [
              -70.4934973653612,
              -33.38781275004167
            ]
          ]
        ]
      },
      "properties": {
        "h3_index": "88b2c518e3fffff",
        "resolucion": 8,
        "area_km2": 0.74,
        "res_nombre": "Barrio"
      }
    },
    {
      "type": "Feature",
      "geometry": {
        "type": "Polygon",
        "coordinates": [
          [
            [
              -70.46892558002104,
              -33.39020510275322
            ],
            [
              -70.47333231732426,
              -33.39312667128876
            ],
            [
              -70.47269817660577,
              -33.39737591942942
            ],
            [
              -70.46765718590527,
              -33.398703507152824
            ],
            [
              -70.46325060219581,
              -33.39578195243075
            ],
            [
              -70.4638848555791,
              -33.39153279618319
            ],
            [
              -70.46892558002104,
              -33.39020510275322
            ]
          ]
        ]
      },
      "properties": {
        "h3_index": "88b2c5188bfffff",
        "resolucion": 8,
        "area_km2": 0.74,
        "res_nombre": "Barrio"
      }
    },
    {
      "type": "Feature",
      "geometry": {
        "type": "Polygon",
        "coordinates": [
          [
            [
              -70.46512017376803,
              -33.41569679105686
            ],
            [
              -70.46952719313127,
              -33.41861775382935
            ],
            [
              -70.46889294045529,
              -33.42286523932399
            ],
            [
              -70.46385155573587,
              -33.42419167027638
            ],
            [
              -70.45944469005177,
              -33.421270721358454
            ],
            [
              -70.46007905539392,
              -33.41702332764497
            ],
            [
              -70.46512017376803,
              -33.41569679105686
            ]
          ]
        ]
      },
      "properties": {
        "h3_index": "88b2c5016dfffff",
        "resolucion": 8,
        "area_km2": 0.74,
        "res_nombre": "Barrio"
      }
    },
    {
      "type": "Feature",
      "geometry": {
        "type": "Polygon",
        "coordinates": [
          [
            [
              -70.44805830470288,
              -33.465052631273764
            ],
            [
              -70.45246543943935,
              -33.46797265632608
            ],
            [
              -70.45183085010733,
              -33.47221652305642
            ],
            [
              -70.4467890134114,
              -33.47354027312528
            ],
            [
              -70.4423820326569,
              -33.470620262019956
            ],
            [
              -70.44301673460234,
              -33.46637648691015
            ],
            [
              -70.44805830470288,
              -33.465052631273764
            ]
          ]
        ]
      },
      "properties": {
        "h3_index": "88b2c50addfffff",
        "resolucion": 8,
        "area_km2": 0.74,
        "res_nombre": "Barrio"
      }
    },
    {
      "type": "Feature",
      "geometry": {
        "type": "Polygon",
        "coordinates": [
          [
            [
              -70.45750734572593,
              -33.46664843337248
            ],
            [
              -70.46191492918534,
              -33.469568182653795
            ],
            [
              -70.46128045252215,
              -33.47381214094154
            ],
            [
              -70.4562382797167,
              -33.47513625840196
            ],
            [
              -70.45183085010733,
              -33.47221652305642
            ],
            [
              -70.45246543943935,
              -33.46797265632608
            ],
            [
              -70.45750734572593,
              -33.46664843337248
            ]
          ]
        ]
      },
      "properties": {
        "h3_index": "88b2c50ac3fffff",
        "resolucion": 8,
        "area_km2": 0.74,
        "res_nombre": "Barrio"
      }
    },
    {
      "type": "Feature",
      "geometry": {
        "type": "Polygon",
        "coordinates": [
          [
            [
              -70.48588959899162,
              -33.438793590456356
            ],
            [
              -70.49029795039071,
              -33.44171340918146
            ],
            [
              -70.48966389564103,
              -33.4459598012382
            ],
            [
              -70.48462137667262,
              -33.44728628304214
            ],
            [
              -70.48021317868672,
              -33.44436647817446
            ],
            [
              -70.48084734624203,
              -33.440120177656816
            ],
            [
              -70.48588959899162,
              -33.438793590456356
            ]
          ]
        ]
      },
      "properties": {
        "h3_index": "88b2c50a57fffff",
        "resolucion": 8,
        "area_km2": 0.74,
        "res_nombre": "Barrio"
      }
    },
    {
      "type": "Feature",
      "geometry": {
        "type": "Polygon",
        "coordinates": [
          [
            [
              -70.5615395177539,
              -33.41886116807191
            ],
            [
              -70.56595086920088,
              -33.4217796742685
            ],
            [
              -70.56531780220574,
              -33.42602895605073
            ],
            [
              -70.56027327053071,
              -33.42735964044485
            ],
            [
              -70.5558620713981,
              -33.42444114797289
            ],
            [
              -70.55649525161215,
              -33.42019195739361
            ],
            [
              -70.5615395177539,
              -33.41886116807191
            ]
          ]
        ]
      },
      "properties": {
        "h3_index": "88b2c519a3fffff",
        "resolucion": 8,
        "area_km2": 0.74,
        "res_nombre": "Barrio"
      }
    },
    {
      "type": "Feature",
      "geometry": {
        "type": "Polygon",
        "coordinates": [
          [
            [
              -70.51052349471938,
              -33.37107081527932
            ],
            [
              -70.51493174037174,
              -33.37399188832095
            ],
            [
              -70.51429816279384,
              -33.37824326585
            ],
            [
              -70.50925622666483,
              -33.379573478597834
            ],
            [
              -70.50484813399285,
              -33.37665241928474
            ],
            [
              -70.5054818244555,
              -33.372401133506685
            ],
            [
              -70.51052349471938,
              -33.37107081527932
            ]
          ]
        ]
      },
      "properties": {
        "h3_index": "88b2c5183bfffff",
        "resolucion": 8,
        "area_km2": 0.74,
        "res_nombre": "Barrio"
      }
    },
    {
      "type": "Feature",
      "geometry": {
        "type": "Polygon",
        "coordinates": [
          [
            [
              -70.47831056403058,
              -33.457103615991066
            ],
            [
              -70.48271890320639,
              -33.46002311715856
            ],
            [
              -70.48208470805157,
              -33.46426814052347
            ],
            [
              -70.47704206092796,
              -33.465593571245336
            ],
            [
              -70.47263387529541,
              -33.46267408397114
            ],
            [
              -70.47326818322921,
              -33.45842915209318
            ],
            [
              -70.47831056403058,
              -33.457103615991066
            ]
          ]
        ]
      },
      "properties": {
        "h3_index": "88b2c50a13fffff",
        "resolucion": 8,
        "area_km2": 0.74,
        "res_nombre": "Barrio"
      }
    },
    {
      "type": "Feature",
      "geometry": {
        "type": "Polygon",
        "coordinates": [
          [
            [
              -70.47266603016497,
              -33.430033003414174
            ],
            [
              -70.47707363884744,
              -33.43295338751146
            ],
            [
              -70.47643944290587,
              -33.437200083105076
            ],
            [
              -70.47139752554565,
              -33.438526302950855
            ],
            [
              -70.4669900704531,
              -33.43560593271745
            ],
            [
              -70.46762437911687,
              -33.43135932878579
            ],
            [
              -70.47266603016497,
              -33.430033003414174
            ]
          ]
        ]
      },
      "properties": {
        "h3_index": "88b2c50a5bfffff",
        "resolucion": 8,
        "area_km2": 0.74,
        "res_nombre": "Barrio"
      }
    },
    {
      "type": "Feature",
      "geometry": {
        "type": "Polygon",
        "coordinates": [
          [
            [
              -70.50479226039474,
              -33.441978675143226
            ],
            [
              -70.50920150737727,
              -33.444897941780184
            ],
            [
              -70.50856767840499,
              -33.44914451672528
            ],
            [
              -70.50352448951979,
              -33.45047173363232
            ],
            [
              -70.49911539568616,
              -33.44755248083067
            ],
            [
              -70.49974933757483,
              -33.4433059972981
            ],
            [
              -70.50479226039474,
              -33.441978675143226
            ]
          ]
        ]
      },
      "properties": {
        "h3_index": "88b2c50a01fffff",
        "resolucion": 8,
        "area_km2": 0.74,
        "res_nombre": "Barrio"
      }
    },
    {
      "type": "Feature",
      "geometry": {
        "type": "Polygon",
        "coordinates": [
          [
            [
              -70.46695717142215,
              -33.46824359230105
            ],
            [
              -70.47136520342401,
              -33.4711630656663
            ],
            [
              -70.47073083948507,
              -33.475407115448334
            ],
            [
              -70.465688330806,
              -33.47673160038221
            ],
            [
              -70.46128045252215,
              -33.47381214094154
            ],
            [
              -70.46191492918534,
              -33.469568182653795
            ],
            [
              -70.46695717142215,
              -33.46824359230105
            ]
          ]
        ]
      },
      "properties": {
        "h3_index": "88b2c50ac7fffff",
        "resolucion": 8,
        "area_km2": 0.74,
        "res_nombre": "Barrio"
      }
    },
    {
      "type": "Feature",
      "geometry": {
        "type": "Polygon",
        "coordinates": [
          [
            [
              -70.43864665905626,
              -33.43081962560476
            ],
            [
              -70.44305276833536,
              -33.433740822012766
            ],
            [
              -70.44241815011141,
              -33.43798675574142
            ],
            [
              -70.43737731006568,
              -33.43931140121812
            ],
            [
              -70.43297135485943,
              -33.4363902187231
            ],
            [
              -70.43360608561204,
              -33.43214437684976
            ],
            [
              -70.43864665905626,
              -33.43081962560476
            ]
          ]
        ]
      },
      "properties": {
        "h3_index": "88b2c50101fffff",
        "resolucion": 8,
        "area_km2": 0.74,
        "res_nombre": "Barrio"
      }
    },
    {
      "type": "Feature",
      "geometry": {
        "type": "Polygon",
        "coordinates": [
          [
            [
              -70.56533781168613,
              -33.393358697131546
            ],
            [
              -70.56974887940198,
              -33.39627781122445
            ],
            [
              -70.56911592433771,
              -33.400528856446215
            ],
            [
              -70.56407178832625,
              -33.401860696272486
            ],
            [
              -70.55966087283959,
              -33.39894159586367
            ],
            [
              -70.5602939411212,
              -33.39469064195591
            ],
            [
              -70.56533781168613,
              -33.393358697131546
            ]
          ]
        ]
      },
      "properties": {
        "h3_index": "88b2c519e1fffff",
        "resolucion": 8,
        "area_km2": 0.74,
        "res_nombre": "Barrio"
      }
    },
    {
      "type": "Feature",
      "geometry": {
        "type": "Polygon",
        "coordinates": [
          [
            [
              -70.48217743567054,
              -33.36629579797098
            ],
            [
              -70.48658433878103,
              -33.36921769667983
            ],
            [
              -70.48595042271478,
              -33.373468798765316
            ],
            [
              -70.4809094908053,
              -33.37479791021174
            ],
            [
              -70.47650274107129,
              -33.37187602526406
            ],
            [
              -70.47713676985629,
              -33.36762501512014
            ],
            [
              -70.48217743567054,
              -33.36629579797098
            ]
          ]
        ]
      },
      "properties": {
        "h3_index": "88b2c518cdfffff",
        "resolucion": 8,
        "area_km2": 0.74,
        "res_nombre": "Barrio"
      }
    },
    {
      "type": "Feature",
      "geometry": {
        "type": "Polygon",
        "coordinates": [
          [
            [
              -70.43483838808808,
              -33.456291425873445
            ],
            [
              -70.43924477899606,
              -33.45921201598619
            ],
            [
              -70.43861004876916,
              -33.46345618623191
            ],
            [
              -70.43356881509038,
              -33.464779674633064
            ],
            [
              -70.42916257834075,
              -33.46185909847403
            ],
            [
              -70.42979742109758,
              -33.45761501997152
            ],
            [
              -70.43483838808808,
              -33.456291425873445
            ]
          ]
        ]
      },
      "properties": {
        "h3_index": "88b2c50133fffff",
        "resolucion": 8,
        "area_km2": 0.74,
        "res_nombre": "Barrio"
      }
    },
    {
      "type": "Feature",
      "geometry": {
        "type": "Polygon",
        "coordinates": [
          [
            [
              -70.5218227594521,
              -33.425251501269805
            ],
            [
              -70.52623246535666,
              -33.42817080931901
            ],
            [
              -70.52559888984034,
              -33.43241884417067
            ],
            [
              -70.52055549540711,
              -33.43374747958343
            ],
            [
              -70.5161459423891,
              -33.4308281853227
            ],
            [
              -70.51677963090377,
              -33.426580241872145
            ],
            [
              -70.5218227594521,
              -33.425251501269805
            ]
          ]
        ]
      },
      "properties": {
        "h3_index": "88b2c50a69fffff",
        "resolucion": 8,
        "area_km2": 0.74,
        "res_nombre": "Barrio"
      }
    },
    {
      "type": "Feature",
      "geometry": {
        "type": "Polygon",
        "coordinates": [
          [
            [
              -70.50101716536247,
              -33.4348121483593
            ],
            [
              -70.50542611783739,
              -33.4377317049435
            ],
            [
              -70.50479226039474,
              -33.441978675143226
            ],
            [
              -70.49974933757483,
              -33.4433059972981
            ],
            [
              -70.49534053829358,
              -33.440386454544615
            ],
            [
              -70.49597450862456,
              -33.43613957581695
            ],
            [
              -70.50101716536247,
              -33.4348121483593
            ]
          ]
        ]
      },
      "properties": {
        "h3_index": "88b2c50a09fffff",
        "resolucion": 8,
        "area_km2": 0.74,
        "res_nombre": "Barrio"
      }
    },
    {
      "type": "Feature",
      "geometry": {
        "type": "Polygon",
        "coordinates": [
          [
            [
              -70.52749956041048,
              -33.419673857842184
            ],
            [
              -70.53190941911413,
              -33.42259317966426
            ],
            [
              -70.53127592810705,
              -33.42684170109558
            ],
            [
              -70.52623246535666,
              -33.42817080931901
            ],
            [
              -70.5218227594521,
              -33.425251501269805
            ],
            [
              -70.52245636348482,
              -33.42100307123572
            ],
            [
              -70.52749956041048,
              -33.419673857842184
            ]
          ]
        ]
      },
      "properties": {
        "h3_index": "88b2c51997fffff",
        "resolucion": 8,
        "area_km2": 0.74,
        "res_nombre": "Barrio"
      }
    },
    {
      "type": "Feature",
      "geometry": {
        "type": "Polygon",
        "coordinates": [
          [
            [
              -70.56156002172595,
              -33.38618785268169
            ],
            [
              -70.56597079538686,
              -33.38910725681337
            ],
            [
              -70.56533781168613,
              -33.393358697131546
            ],
            [
              -70.5602939411212,
              -33.39469064195591
            ],
            [
              -70.5558833197344,
              -33.391771251503506
            ],
            [
              -70.55651641662443,
              -33.38751990255889
            ],
            [
              -70.56156002172595,
              -33.38618785268169
            ]
          ]
        ]
      },
      "properties": {
        "h3_index": "88b2c519e9fffff",
        "resolucion": 8,
        "area_km2": 0.74,
        "res_nombre": "Barrio"
      }
    },
    {
      "type": "Feature",
      "geometry": {
        "type": "Polygon",
        "coordinates": [
          [
            [
              -70.46318382650458,
              -33.46107938400305
            ],
            [
              -70.46759156372663,
              -33.46399914720447
            ],
            [
              -70.46695717142215,
              -33.46824359230105
            ],
            [
              -70.46191492918534,
              -33.469568182653795
            ],
            [
              -70.45750734572593,
              -33.46664843337248
            ],
            [
              -70.45814185072665,
              -33.4624040798297
            ],
            [
              -70.46318382650458,
              -33.46107938400305
            ]
          ]
        ]
      },
      "properties": {
        "h3_index": "88b2c50ac1fffff",
        "resolucion": 8,
        "area_km2": 0.74,
        "res_nombre": "Barrio"
      }
    },
    {
      "type": "Feature",
      "geometry": {
        "type": "Polygon",
        "coordinates": [
          [
            [
              -70.4669900704531,
              -33.43560593271745
            ],
            [
              -70.47139752554565,
              -33.438526302950855
            ],
            [
              -70.47076324524008,
              -33.4427725118661
            ],
            [
              -70.46572139713308,
              -33.44409825889371
            ],
            [
              -70.46131409571777,
              -33.44117790253991
            ],
            [
              -70.46194848871819,
              -33.43693178529028
            ],
            [
              -70.4669900704531,
              -33.43560593271745
            ]
          ]
        ]
      },
      "properties": {
        "h3_index": "88b2c5012dfffff",
        "resolucion": 8,
        "area_km2": 0.74,
        "res_nombre": "Barrio"
      }
    },
    {
      "type": "Feature",
      "geometry": {
        "type": "Polygon",
        "coordinates": [
          [
            [
              -70.54265293683838,
              -33.383011948052435
            ],
            [
              -70.54706281756145,
              -33.3859319044905
            ],
            [
              -70.5464296075374,
              -33.39018316199798
            ],
            [
              -70.54138640369756,
              -33.39151437157809
            ],
            [
              -70.53697667551339,
              -33.388594428840904
            ],
            [
              -70.53760999861616,
              -33.384343262834136
            ],
            [
              -70.54265293683838,
              -33.383011948052435
            ]
          ]
        ]
      },
      "properties": {
        "h3_index": "88b2c519c1fffff",
        "resolucion": 8,
        "area_km2": 0.74,
        "res_nombre": "Barrio"
      }
    },
    {
      "type": "Feature",
      "geometry": {
        "type": "Polygon",
        "coordinates": [
          [
            [
              -70.47647109613686,
              -33.40454605243183
            ],
            [
              -70.48087842259646,
              -33.4074670428661
            ],
            [
              -70.48024433862308,
              -33.41171550153767
            ],
            [
              -70.47520281545526,
              -33.41304287801259
            ],
            [
              -70.47079564250016,
              -33.41012190140134
            ],
            [
              -70.4714298391944,
              -33.40587353450355
            ],
            [
              -70.47647109613686,
              -33.40454605243183
            ]
          ]
        ]
      },
      "properties": {
        "h3_index": "88b2c518b9fffff",
        "resolucion": 8,
        "area_km2": 0.74,
        "res_nombre": "Barrio"
      }
    },
    {
      "type": "Feature",
      "geometry": {
        "type": "Polygon",
        "coordinates": [
          [
            [
              -70.54640712055078,
              -33.42285269542817
            ],
            [
              -70.55081787305522,
              -33.42577146449493
            ],
            [
              -70.55018460826541,
              -33.43002016853042
            ],
            [
              -70.54514047782088,
              -33.43135001224022
            ],
            [
              -70.54072987785082,
              -33.42843125692451
            ],
            [
              -70.54136325577691,
              -33.42418264415937
            ],
            [
              -70.54640712055078,
              -33.42285269542817
            ]
          ]
        ]
      },
      "properties": {
        "h3_index": "88b2c519b1fffff",
        "resolucion": 8,
        "area_km2": 0.74,
        "res_nombre": "Barrio"
      }
    },
    {
      "type": "Feature",
      "geometry": {
        "type": "Polygon",
        "coordinates": [
          [
            [
              -70.46702296086016,
              -33.40295226876747
            ],
            [
              -70.4714298391944,
              -33.40587353450355
            ],
            [
              -70.47079564250016,
              -33.41012190140134
            ],
            [
              -70.46575445479222,
              -33.411448910737306
            ],
            [
              -70.46134773009443,
              -33.40852765883528
            ],
            [
              -70.46198203945416,
              -33.40427938377462
            ],
            [
              -70.46702296086016,
              -33.40295226876747
            ]
          ]
        ]
      },
      "properties": {
        "h3_index": "88b2c51895fffff",
        "resolucion": 8,
        "area_km2": 0.74,
        "res_nombre": "Barrio"
      }
    },
    {
      "type": "Feature",
      "geometry": {
        "type": "Polygon",
        "coordinates": [
          [
            [
              -70.51997374497992,
              -33.37266120290468
            ],
            [
              -70.52438243778454,
              -33.375582000434
            ],
            [
              -70.52374897314672,
              -33.379833469650514
            ],
            [
              -70.51870670275022,
              -33.38116404966165
            ],
            [
              -70.51429816279384,
              -33.37824326585
            ],
            [
              -70.51493174037174,
              -33.37399188832095
            ],
            [
              -70.51997374497992,
              -33.37266120290468
            ]
          ]
        ]
      },
      "properties": {
        "h3_index": "88b2c51831fffff",
        "resolucion": 8,
        "area_km2": 0.74,
        "res_nombre": "Barrio"
      }
    },
    {
      "type": "Feature",
      "geometry": {
        "type": "Polygon",
        "coordinates": [
          [
            [
              -70.47840477146728,
              -33.35912211403683
            ],
            [
              -70.48281138012362,
              -33.36204430143437
            ],
            [
              -70.48217743567054,
              -33.36629579797098
            ],
            [
              -70.47713676985629,
              -33.36762501512014
            ],
            [
              -70.47273031462107,
              -33.36470284147887
            ],
            [
              -70.47336437176494,
              -33.360451436943556
            ],
            [
              -70.47840477146728,
              -33.35912211403683
            ]
          ]
        ]
      },
      "properties": {
        "h3_index": "88b2c51aa7fffff",
        "resolucion": 8,
        "area_km2": 0.74,
        "res_nombre": "Barrio"
      }
    },
    {
      "type": "Feature",
      "geometry": {
        "type": "Polygon",
        "coordinates": [
          [
            [
              -70.58990970736629,
              -33.42362128070255
            ],
            [
              -70.59432239720985,
              -33.42653895621418
            ],
            [
              -70.59368967020322,
              -33.43078851122425
            ],
            [
              -70.58864413995424,
              -33.43212029972169
            ],
            [
              -70.58423160202729,
              -33.429202637902186
            ],
            [
              -70.58486444241872,
              -33.424953173904555
            ],
            [
              -70.58990970736629,
              -33.42362128070255
            ]
          ]
        ]
      },
      "properties": {
        "h3_index": "88b2c55691fffff",
        "resolucion": 8,
        "area_km2": 0.74,
        "res_nombre": "Barrio"
      }
    },
    {
      "type": "Feature",
      "geometry": {
        "type": "Polygon",
        "coordinates": [
          [
            [
              -70.45563810607037,
              -33.44674891284198
            ],
            [
              -70.46004525372112,
              -33.44966925530048
            ],
            [
              -70.45941080472356,
              -33.45391449077608
            ],
            [
              -70.4543690954211,
              -33.45523929213166
            ],
            [
              -70.44996210162225,
              -33.45231896358419
            ],
            [
              -70.45059666325992,
              -33.448073819781484
            ],
            [
              -70.45563810607037,
              -33.44674891284198
            ]
          ]
        ]
      },
      "properties": {
        "h3_index": "88b2c50123fffff",
        "resolucion": 8,
        "area_km2": 0.74,
        "res_nombre": "Barrio"
      }
    },
    {
      "type": "Feature",
      "geometry": {
        "type": "Polygon",
        "coordinates": [
          [
            [
              -70.54262995565442,
              -33.41568453685215
            ],
            [
              -70.54704041392841,
              -33.418603596115325
            ],
            [
              -70.54640712055078,
              -33.42285269542817
            ],
            [
              -70.54136325577691,
              -33.42418264415937
            ],
            [
              -70.5369529500822,
              -33.42126359864258
            ],
            [
              -70.53758635656808,
              -33.41701459065961
            ],
            [
              -70.54262995565442,
              -33.41568453685215
            ]
          ]
        ]
      },
      "properties": {
        "h3_index": "88b2c519b9fffff",
        "resolucion": 8,
        "area_km2": 0.74,
        "res_nombre": "Barrio"
      }
    },
    {
      "type": "Feature",
      "geometry": {
        "type": "Polygon",
        "coordinates": [
          [
            [
              -70.5672169472214,
              -33.41328022886832
            ],
            [
              -70.57162845089516,
              -33.41619874877399
            ],
            [
              -70.570995468515,
              -33.42044851706785
            ],
            [
              -70.56595086920088,
              -33.4217796742685
            ],
            [
              -70.5615395177539,
              -33.41886116807191
            ],
            [
              -70.56217261338023,
              -33.414611490977016
            ],
            [
              -70.5672169472214,
              -33.41328022886832
            ]
          ]
        ]
      },
      "properties": {
        "h3_index": "88b2c519a1fffff",
        "resolucion": 8,
        "area_km2": 0.74,
        "res_nombre": "Barrio"
      }
    },
    {
      "type": "Feature",
      "geometry": {
        "type": "Polygon",
        "coordinates": [
          [
            [
              -70.45941080472356,
              -33.45391449077608
            ],
            [
              -70.46381824716194,
              -33.45683454367527
            ],
            [
              -70.46318382650458,
              -33.46107938400305
            ],
            [
              -70.45814185072665,
              -33.4624040798297
            ],
            [
              -70.45373456209558,
              -33.45948404084609
            ],
            [
              -70.4543690954211,
              -33.45523929213166
            ],
            [
              -70.45941080472356,
              -33.45391449077608
            ]
          ]
        ]
      },
      "properties": {
        "h3_index": "88b2c50ac9fffff",
        "resolucion": 8,
        "area_km2": 0.74,
        "res_nombre": "Barrio"
      }
    },
    {
      "type": "Feature",
      "geometry": {
        "type": "Polygon",
        "coordinates": [
          [
            [
              -70.50674914942388,
              -33.3638976809874
            ],
            [
              -70.5111571007682,
              -33.36681904312004
            ],
            [
              -70.51052349471938,
              -33.37107081527932
            ],
            [
              -70.5054818244555,
              -33.372401133506685
            ],
            [
              -70.50107402613632,
              -33.369479785097674
            ],
            [
              -70.5017077450419,
              -33.36522810474907
            ],
            [
              -70.50674914942388,
              -33.3638976809874
            ]
          ]
        ]
      },
      "properties": {
        "h3_index": "88b2c51815fffff",
        "resolucion": 8,
        "area_km2": 0.74,
        "res_nombre": "Barrio"
      }
    },
    {
      "type": "Feature",
      "geometry": {
        "type": "Polygon",
        "coordinates": [
          [
            [
              -70.45754148204975,
              -33.43401113952026
            ],
            [
              -70.46194848871819,
              -33.43693178529028
            ],
            [
              -70.46131409571777,
              -33.44117790253991
            ],
            [
              -70.45627258339543,
              -33.44250328230202
            ],
            [
              -70.45186573053616,
              -33.4395826504227
            ],
            [
              -70.45250023617604,
              -33.435336624901964
            ],
            [
              -70.45754148204975,
              -33.43401113952026
            ]
          ]
        ]
      },
      "properties": {
        "h3_index": "88b2c50129fffff",
        "resolucion": 8,
        "area_km2": 0.74,
        "res_nombre": "Barrio"
      }
    },
    {
      "type": "Feature",
      "geometry": {
        "type": "Polygon",
        "coordinates": [
          [
            [
              -70.50294695068294,
              -33.389404514477285
            ],
            [
              -70.50735518468065,
              -33.392325270806424
            ],
            [
              -70.5067214667093,
              -33.39657528073251
            ],
            [
              -70.50167940186806,
              -33.397904442641845
            ],
            [
              -70.49727132098074,
              -33.394983700077546
            ],
            [
              -70.49790515181029,
              -33.39073378185048
            ],
            [
              -70.50294695068294,
              -33.389404514477285
            ]
          ]
        ]
      },
      "properties": {
        "h3_index": "88b2c518e7fffff",
        "resolucion": 8,
        "area_km2": 0.74,
        "res_nombre": "Barrio"
      }
    },
    {
      "type": "Feature",
      "geometry": {
        "type": "Polygon",
        "coordinates": [
          [
            [
              -70.5539839171445,
              -33.40452353542184
            ],
            [
              -70.55839468031448,
              -33.40744262213101
            ],
            [
              -70.55776155606966,
              -33.41169269445486
            ],
            [
              -70.55271755547807,
              -33.41302358875894
            ],
            [
              -70.54830694471234,
              -33.41010451576497
            ],
            [
              -70.54894018211996,
              -33.40585453476314
            ],
            [
              -70.5539839171445,
              -33.40452353542184
            ]
          ]
        ]
      },
      "properties": {
        "h3_index": "88b2c51985fffff",
        "resolucion": 8,
        "area_km2": 0.74,
        "res_nombre": "Barrio"
      }
    },
    {
      "type": "Feature",
      "geometry": {
        "type": "Polygon",
        "coordinates": [
          [
            [
              -70.51049630559073,
              -33.40374536276203
            ],
            [
              -70.51490512836335,
              -33.40666554019532
            ],
            [
              -70.51427146733593,
              -33.41091476034311
            ],
            [
              -70.50922887060767,
              -33.41224371148921
            ],
            [
              -70.50482020085596,
              -33.409323547830304
            ],
            [
              -70.50545397479762,
              -33.40507441926233
            ],
            [
              -70.51049630559073,
              -33.40374536276203
            ]
          ]
        ]
      },
      "properties": {
        "h3_index": "88b2c518a5fffff",
        "resolucion": 8,
        "area_km2": 0.74,
        "res_nombre": "Barrio"
      }
    },
    {
      "type": "Feature",
      "geometry": {
        "type": "Polygon",
        "coordinates": [
          [
            [
              -70.44428608248472,
              -33.45788805472722
            ],
            [
              -70.44869292234438,
              -33.460808369347944
            ],
            [
              -70.44805830470288,
              -33.465052631273764
            ],
            [
              -70.44301673460234,
              -33.46637648691015
            ],
            [
              -70.43861004876916,
              -33.46345618623191
            ],
            [
              -70.43924477899606,
              -33.45921201598619
            ],
            [
              -70.44428608248472,
              -33.45788805472722
            ]
          ]
        ]
      },
      "properties": {
        "h3_index": "88b2c50137fffff",
        "resolucion": 8,
        "area_km2": 0.74,
        "res_nombre": "Barrio"
      }
    },
    {
      "type": "Feature",
      "geometry": {
        "type": "Polygon",
        "coordinates": [
          [
            [
              -70.43487549112284,
              -33.42365181162092
            ],
            [
              -70.43928130555433,
              -33.426573297038544
            ],
            [
              -70.43864665905626,
              -33.43081962560476
            ],
            [
              -70.43360608561204,
              -33.43214437684976
            ],
            [
              -70.42920042529792,
              -33.429222905340445
            ],
            [
              -70.42983518429662,
              -33.424976668689204
            ],
            [
              -70.43487549112284,
              -33.42365181162092
            ]
          ]
        ]
      },
      "properties": {
        "h3_index": "88b2c50109fffff",
        "resolucion": 8,
        "area_km2": 0.74,
        "res_nombre": "Barrio"
      }
    },
    {
      "type": "Feature",
      "geometry": {
        "type": "Polygon",
        "coordinates": [
          [
            [
              -70.48595042271478,
              -33.373468798765316
            ],
            [
              -70.49035762027546,
              -33.37639040864646
            ],
            [
              -70.48972373260878,
              -33.38064111619659
            ],
            [
              -70.48468253462065,
              -33.381970121995096
            ],
            [
              -70.48027549039182,
              -33.37904852588004
            ],
            [
              -70.4809094908053,
              -33.37479791021174
            ],
            [
              -70.48595042271478,
              -33.373468798765316
            ]
          ]
        ]
      },
      "properties": {
        "h3_index": "88b2c518c5fffff",
        "resolucion": 8,
        "area_km2": 0.74,
        "res_nombre": "Barrio"
      }
    },
    {
      "type": "Feature",
      "geometry": {
        "type": "Polygon",
        "coordinates": [
          [
            [
              -70.59180791856734,
              -33.41087054730485
            ],
            [
              -70.59622046629623,
              -33.413788527215566
            ],
            [
              -70.59558779525568,
              -33.41803896419201
            ],
            [
              -70.59054246308823,
              -33.41937133020135
            ],
            [
              -70.58613006723336,
              -33.416453363962646
            ],
            [
              -70.5867628516579,
              -33.412203018054015
            ],
            [
              -70.59180791856734,
              -33.41087054730485
            ]
          ]
        ]
      },
      "properties": {
        "h3_index": "88b2c556d7fffff",
        "resolucion": 8,
        "area_km2": 0.74,
        "res_nombre": "Barrio"
      }
    },
    {
      "type": "Feature",
      "geometry": {
        "type": "Polygon",
        "coordinates": [
          [
            [
              -70.47837337721992,
              -33.39179861086135
            ],
            [
              -70.48278056256513,
              -33.39471990421815
            ],
            [
              -70.48214653456681,
              -33.39896924418851
            ],
            [
              -70.47710520848914,
              -33.40029719898376
            ],
            [
              -70.47269817660577,
              -33.39737591942942
            ],
            [
              -70.47333231732426,
              -33.39312667128876
            ],
            [
              -70.47837337721992,
              -33.39179861086135
            ]
          ]
        ]
      },
      "properties": {
        "h3_index": "88b2c51881fffff",
        "resolucion": 8,
        "area_km2": 0.74,
        "res_nombre": "Barrio"
      }
    },
    {
      "type": "Feature",
      "geometry": {
        "type": "Polygon",
        "coordinates": [
          [
            [
              -70.54072987785082,
              -33.42843125692451
            ],
            [
              -70.54514047782088,
              -33.43135001224022
            ],
            [
              -70.54450712846723,
              -33.435598229703864
            ],
            [
              -70.53946306602053,
              -33.436927600588916
            ],
            [
              -70.53505261867235,
              -33.4340088590398
            ],
            [
              -70.535686081135,
              -33.42976073285045
            ],
            [
              -70.54072987785082,
              -33.42843125692451
            ]
          ]
        ]
      },
      "properties": {
        "h3_index": "88b2c519b3fffff",
        "resolucion": 8,
        "area_km2": 0.74,
        "res_nombre": "Barrio"
      }
    },
    {
      "type": "Feature",
      "geometry": {
        "type": "Polygon",
        "coordinates": [
          [
            [
              -70.46325060219581,
              -33.39578195243075
            ],
            [
              -70.46765718590527,
              -33.398703507152824
            ],
            [
              -70.46702296086016,
              -33.40295226876747
            ],
            [
              -70.46198203945416,
              -33.40427938377462
            ],
            [
              -70.45757560942573,
              -33.40135784288183
            ],
            [
              -70.45820994710829,
              -33.397109173163976
            ],
            [
              -70.46325060219581,
              -33.39578195243075
            ]
          ]
        ]
      },
      "properties": {
        "h3_index": "88b2c5189dfffff",
        "resolucion": 8,
        "area_km2": 0.74,
        "res_nombre": "Barrio"
      }
    },
    {
      "type": "Feature",
      "geometry": {
        "type": "Polygon",
        "coordinates": [
          [
            [
              -70.6069439182398,
              -33.40687145340309
            ],
            [
              -70.61135706330728,
              -33.40978916989845
            ],
            [
              -70.61072459042653,
              -33.4140401843219
            ],
            [
              -70.60567885899782,
              -33.41537339126132
            ],
            [
              -70.601265865584,
              -33.412455688411754
            ],
            [
              -70.60189845193126,
              -33.40820476498842
            ],
            [
              -70.6069439182398,
              -33.40687145340309
            ]
          ]
        ]
      },
      "properties": {
        "h3_index": "88b2c55689fffff",
        "resolucion": 8,
        "area_km2": 0.74,
        "res_nombre": "Barrio"
      }
    },
    {
      "type": "Feature",
      "geometry": {
        "type": "Polygon",
        "coordinates": [
          [
            [
              -70.56531780220574,
              -33.42602895605073
            ],
            [
              -70.56972944778494,
              -33.428947171783186
            ],
            [
              -70.5690964094337,
              -33.43319605816907
            ],
            [
              -70.56405161224232,
              -33.43452663769046
            ],
            [
              -70.55964011893255,
              -33.43160843568727
            ],
            [
              -70.56027327053071,
              -33.42735964044485
            ],
            [
              -70.56531780220574,
              -33.42602895605073
            ]
          ]
        ]
      },
      "properties": {
        "h3_index": "88b2c50b49fffff",
        "resolucion": 8,
        "area_km2": 0.74,
        "res_nombre": "Barrio"
      }
    },
    {
      "type": "Feature",
      "geometry": {
        "type": "Polygon",
        "coordinates": [
          [
            [
              -70.59558779525568,
              -33.41803896419201
            ],
            [
              -70.60000063692819,
              -33.42095665338034
            ],
            [
              -70.59936799461829,
              -33.42520669488988
            ],
            [
              -70.59432239720985,
              -33.42653895621418
            ],
            [
              -70.58990970736629,
              -33.42362128070255
            ],
            [
              -70.59054246308823,
              -33.41937133020135
            ],
            [
              -70.59558779525568,
              -33.41803896419201
            ]
          ]
        ]
      },
      "properties": {
        "h3_index": "88b2c5569dfffff",
        "resolucion": 8,
        "area_km2": 0.74,
        "res_nombre": "Barrio"
      }
    },
    {
      "type": "Feature",
      "geometry": {
        "type": "Polygon",
        "coordinates": [
          [
            [
              -70.5464296075374,
              -33.39018316199798
            ],
            [
              -70.55083978241362,
              -33.393102828665164
            ],
            [
              -70.55020660096993,
              -33.397353691195356
            ],
            [
              -70.54516313152932,
              -33.39868479562865
            ],
            [
              -70.54075310914713,
              -33.395765142667166
            ],
            [
              -70.54138640369756,
              -33.39151437157809
            ],
            [
              -70.5464296075374,
              -33.39018316199798
            ]
          ]
        ]
      },
      "properties": {
        "h3_index": "88b2c519c7fffff",
        "resolucion": 8,
        "area_km2": 0.74,
        "res_nombre": "Barrio"
      }
    },
    {
      "type": "Feature",
      "geometry": {
        "type": "Polygon",
        "coordinates": [
          [
            [
              -70.46889294045529,
              -33.42286523932399
            ],
            [
              -70.4733002544801,
              -33.42578591282821
            ],
            [
              -70.47266603016497,
              -33.430033003414174
            ],
            [
              -70.46762437911687,
              -33.43135932878579
            ],
            [
              -70.46321721872657,
              -33.428438669140796
            ],
            [
              -70.46385155573587,
              -33.42419167027638
            ],
            [
              -70.46889294045529,
              -33.42286523932399
            ]
          ]
        ]
      },
      "properties": {
        "h3_index": "88b2c50165fffff",
        "resolucion": 8,
        "area_km2": 0.74,
        "res_nombre": "Barrio"
      }
    },
    {
      "type": "Feature",
      "geometry": {
        "type": "Polygon",
        "coordinates": [
          [
            [
              -70.49534053829358,
              -33.440386454544615
            ],
            [
              -70.49974933757483,
              -33.4433059972981
            ],
            [
              -70.49911539568616,
              -33.44755248083067
            ],
            [
              -70.49407254164122,
              -33.448879330145346
            ],
            [
              -70.48966389564103,
              -33.4459598012382
            ],
            [
              -70.49029795039071,
              -33.44171340918146
            ],
            [
              -70.49534053829358,
              -33.440386454544615
            ]
          ]
        ]
      },
      "properties": {
        "h3_index": "88b2c50a0bfffff",
        "resolucion": 8,
        "area_km2": 0.74,
        "res_nombre": "Barrio"
      }
    },
    {
      "type": "Feature",
      "geometry": {
        "type": "Polygon",
        "coordinates": [
          [
            [
              -70.57857175504574,
              -33.40211547271713
            ],
            [
              -70.58298356291044,
              -33.40503401999442
            ],
            [
              -70.58235074979599,
              -33.409284761226736
            ],
            [
              -70.57730601550216,
              -33.410616864002264
            ],
            [
              -70.57289435968914,
              -33.40769833040302
            ],
            [
              -70.57352728610427,
              -33.4034476803616
            ],
            [
              -70.57857175504574,
              -33.40211547271713
            ]
          ]
        ]
      },
      "properties": {
        "h3_index": "88b2c556dbfffff",
        "resolucion": 8,
        "area_km2": 0.74,
        "res_nombre": "Barrio"
      }
    },
    {
      "type": "Feature",
      "geometry": {
        "type": "Polygon",
        "coordinates": [
          [
            [
              -70.51617239444728,
              -33.398166218450164
            ],
            [
              -70.5205813701534,
              -33.401086409642154
            ],
            [
              -70.5199477935892,
              -33.40533611629701
            ],
            [
              -70.51490512836335,
              -33.40666554019532
            ],
            [
              -70.51049630559073,
              -33.40374536276203
            ],
            [
              -70.51112999509647,
              -33.39949574768314
            ],
            [
              -70.51617239444728,
              -33.398166218450164
            ]
          ]
        ]
      },
      "properties": {
        "h3_index": "88b2c519d3fffff",
        "resolucion": 8,
        "area_km2": 0.74,
        "res_nombre": "Barrio"
      }
    },
    {
      "type": "Feature",
      "geometry": {
        "type": "Polygon",
        "coordinates": [
          [
            [
              -70.44615433976008,
              -33.47778365301583
            ],
            [
              -70.45056161543211,
              -33.4807033744099
            ],
            [
              -70.44992697008757,
              -33.48494635899794
            ],
            [
              -70.44488493644293,
              -33.48626953063874
            ],
            [
              -70.44047781479561,
              -33.4833498232118
            ],
            [
              -70.44111257275421,
              -33.47910693018833
            ],
            [
              -70.44615433976008,
              -33.47778365301583
            ]
          ]
        ]
      },
      "properties": {
        "h3_index": "88b2c50ad7fffff",
        "resolucion": 8,
        "area_km2": 0.74,
        "res_nombre": "Barrio"
      }
    },
    {
      "type": "Feature",
      "geometry": {
        "type": "Polygon",
        "coordinates": [
          [
            [
              -70.5558833197344,
              -33.391771251503506
            ],
            [
              -70.5602939411212,
              -33.39469064195591
            ],
            [
              -70.55966087283959,
              -33.39894159586367
            ],
            [
              -70.5546170699951,
              -33.400273067952874
            ],
            [
              -70.55020660096993,
              -33.397353691195356
            ],
            [
              -70.55083978241362,
              -33.393102828665164
            ],
            [
              -70.5558833197344,
              -33.391771251503506
            ]
          ]
        ]
      },
      "properties": {
        "h3_index": "88b2c519ebfffff",
        "resolucion": 8,
        "area_km2": 0.74,
        "res_nombre": "Barrio"
      }
    },
    {
      "type": "Feature",
      "geometry": {
        "type": "Polygon",
        "coordinates": [
          [
            [
              -70.52184846731426,
              -33.39258611493533
            ],
            [
              -70.52625759586645,
              -33.39550631987037
            ],
            [
              -70.52562410377745,
              -33.39975651300412
            ],
            [
              -70.5205813701534,
              -33.401086409642154
            ],
            [
              -70.51617239444728,
              -33.398166218450164
            ],
            [
              -70.51680599950514,
              -33.3939161168885
            ],
            [
              -70.52184846731426,
              -33.39258611493533
            ]
          ]
        ]
      },
      "properties": {
        "h3_index": "88b2c519d1fffff",
        "resolucion": 8,
        "area_km2": 0.74,
        "res_nombre": "Barrio"
      }
    },
    {
      "type": "Feature",
      "geometry": {
        "type": "Polygon",
        "coordinates": [
          [
            [
              -70.49539888716086,
              -33.375060930181036
            ],
            [
              -70.49980653236756,
              -33.37798226485065
            ],
            [
              -70.49917275750302,
              -33.382233064219136
            ],
            [
              -70.49413122461564,
              -33.383562437111046
            ],
            [
              -70.48972373260878,
              -33.38064111619659
            ],
            [
              -70.49035762027546,
              -33.37639040864646
            ],
            [
              -70.49539888716086,
              -33.375060930181036
            ]
          ]
        ]
      },
      "properties": {
        "h3_index": "88b2c518e9fffff",
        "resolucion": 8,
        "area_km2": 0.74,
        "res_nombre": "Barrio"
      }
    },
    {
      "type": "Feature",
      "geometry": {
        "type": "Polygon",
        "coordinates": [
          [
            [
              -70.46508703247554,
              -33.44834398110295
            ],
            [
              -70.46949462863384,
              -33.451264047902015
            ],
            [
              -70.46886029233181,
              -33.455509374987344
            ],
            [
              -70.46381824716194,
              -33.45683454367527
            ],
            [
              -70.45941080472356,
              -33.45391449077608
            ],
            [
              -70.46004525372112,
              -33.44966925530048
            ],
            [
              -70.46508703247554,
              -33.44834398110295
            ]
          ]
        ]
      },
      "properties": {
        "h3_index": "88b2c50127fffff",
        "resolucion": 8,
        "area_km2": 0.74,
        "res_nombre": "Barrio"
      }
    },
    {
      "type": "Feature",
      "geometry": {
        "type": "Polygon",
        "coordinates": [
          [
            [
              -70.55020660096993,
              -33.397353691195356
            ],
            [
              -70.5546170699951,
              -33.400273067952874
            ],
            [
              -70.5539839171445,
              -33.40452353542184
            ],
            [
              -70.54894018211996,
              -33.40585453476314
            ],
            [
              -70.54452986554394,
              -33.40293517171606
            ],
            [
              -70.54516313152932,
              -33.39868479562865
            ],
            [
              -70.55020660096993,
              -33.397353691195356
            ]
          ]
        ]
      },
      "properties": {
        "h3_index": "88b2c5198dfffff",
        "resolucion": 8,
        "area_km2": 0.74,
        "res_nombre": "Barrio"
      }
    },
    {
      "type": "Feature",
      "geometry": {
        "type": "Polygon",
        "coordinates": [
          [
            [
              -70.53885311356777,
              -33.40851569302467
            ],
            [
              -70.54326327760717,
              -33.41143504234567
            ],
            [
              -70.54262995565442,
              -33.41568453685215
            ],
            [
              -70.53758635656808,
              -33.41701459065961
            ],
            [
              -70.53317634515282,
              -33.41409525508028
            ],
            [
              -70.53380978018578,
              -33.409845851963226
            ],
            [
              -70.53885311356777,
              -33.40851569302467
            ]
          ]
        ]
      },
      "properties": {
        "h3_index": "88b2c51983fffff",
        "resolucion": 8,
        "area_km2": 0.74,
        "res_nombre": "Barrio"
      }
    },
    {
      "type": "Feature",
      "geometry": {
        "type": "Polygon",
        "coordinates": [
          [
            [
              -70.5369529500822,
              -33.42126359864258
            ],
            [
              -70.54136325577691,
              -33.42418264415937
            ],
            [
              -70.54072987785082,
              -33.42843125692451
            ],
            [
              -70.535686081135,
              -33.42976073285045
            ],
            [
              -70.53127592810705,
              -33.42684170109558
            ],
            [
              -70.53190941911413,
              -33.42259317966426
            ],
            [
              -70.5369529500822,
              -33.42126359864258
            ]
          ]
        ]
      },
      "properties": {
        "h3_index": "88b2c519bbfffff",
        "resolucion": 8,
        "area_km2": 0.74,
        "res_nombre": "Barrio"
      }
    },
    {
      "type": "Feature",
      "geometry": {
        "type": "Polygon",
        "coordinates": [
          [
            [
              -70.48966389564103,
              -33.4459598012382
            ],
            [
              -70.49407254164122,
              -33.448879330145346
            ],
            [
              -70.49343851531852,
              -33.453125326983
            ],
            [
              -70.48839573014794,
              -33.45445170344538
            ],
            [
              -70.48398723751623,
              -33.45153218840025
            ],
            [
              -70.48462137667262,
              -33.44728628304214
            ],
            [
              -70.48966389564103,
              -33.4459598012382
            ]
          ]
        ]
      },
      "properties": {
        "h3_index": "88b2c50a1dfffff",
        "resolucion": 8,
        "area_km2": 0.74,
        "res_nombre": "Barrio"
      }
    },
    {
      "type": "Feature",
      "geometry": {
        "type": "Polygon",
        "coordinates": [
          [
            [
              -70.45186573053616,
              -33.4395826504227
            ],
            [
              -70.45627258339543,
              -33.44250328230202
            ],
            [
              -70.45563810607037,
              -33.44674891284198
            ],
            [
              -70.45059666325992,
              -33.448073819781484
            ],
            [
              -70.44618996429712,
              -33.44515320180861
            ],
            [
              -70.44682455423428,
              -33.440907663001155
            ],
            [
              -70.45186573053616,
              -33.4395826504227
            ]
          ]
        ]
      },
      "properties": {
        "h3_index": "88b2c5012bfffff",
        "resolucion": 8,
        "area_km2": 0.74,
        "res_nombre": "Barrio"
      }
    },
    {
      "type": "Feature",
      "geometry": {
        "type": "Polygon",
        "coordinates": [
          [
            [
              -70.47643944290587,
              -33.437200083105076
            ],
            [
              -70.48084734624203,
              -33.440120177656816
            ],
            [
              -70.48021317868672,
              -33.44436647817446
            ],
            [
              -70.475170995031,
              -33.445692592549364
            ],
            [
              -70.47076324524008,
              -33.4427725118661
            ],
            [
              -70.47139752554565,
              -33.438526302950855
            ],
            [
              -70.47643944290587,
              -33.437200083105076
            ]
          ]
        ]
      },
      "properties": {
        "h3_index": "88b2c50a53fffff",
        "resolucion": 8,
        "area_km2": 0.74,
        "res_nombre": "Barrio"
      }
    },
    {
      "type": "Feature",
      "geometry": {
        "type": "Polygon",
        "coordinates": [
          [
            [
              -70.54830694471234,
              -33.41010451576497
            ],
            [
              -70.55271755547807,
              -33.41302358875894
            ],
            [
              -70.55208434666088,
              -33.41727317459137
            ],
            [
              -70.54704041392841,
              -33.418603596115325
            ],
            [
              -70.54262995565442,
              -33.41568453685215
            ],
            [
              -70.54326327760717,
              -33.41143504234567
            ],
            [
              -70.54830694471234,
              -33.41010451576497
            ]
          ]
        ]
      },
      "properties": {
        "h3_index": "88b2c51987fffff",
        "resolucion": 8,
        "area_km2": 0.74,
        "res_nombre": "Barrio"
      }
    },
    {
      "type": "Feature",
      "geometry": {
        "type": "Polygon",
        "coordinates": [
          [
            [
              -70.44055054255936,
              -33.41807975847564
            ],
            [
              -70.44495651102099,
              -33.421001257785775
            ],
            [
              -70.4443219487895,
              -33.42524807301724
            ],
            [
              -70.43928130555433,
              -33.426573297038544
            ],
            [
              -70.43487549112284,
              -33.42365181162092
            ],
            [
              -70.43551016588235,
              -33.41940508830084
            ],
            [
              -70.44055054255936,
              -33.41807975847564
            ]
          ]
        ]
      },
      "properties": {
        "h3_index": "88b2c50147fffff",
        "resolucion": 8,
        "area_km2": 0.74,
        "res_nombre": "Barrio"
      }
    },
    {
      "type": "Feature",
      "geometry": {
        "type": "Polygon",
        "coordinates": [
          [
            [
              -70.55966087283959,
              -33.39894159586367
            ],
            [
              -70.56407178832625,
              -33.401860696272486
            ],
            [
              -70.56343874866573,
              -33.40611125505946
            ],
            [
              -70.55839468031448,
              -33.40744262213101
            ],
            [
              -70.5539839171445,
              -33.40452353542184
            ],
            [
              -70.5546170699951,
              -33.400273067952874
            ],
            [
              -70.55966087283959,
              -33.39894159586367
            ]
          ]
        ]
      },
      "properties": {
        "h3_index": "88b2c519e3fffff",
        "resolucion": 8,
        "area_km2": 0.74,
        "res_nombre": "Barrio"
      }
    },
    {
      "type": "Feature",
      "geometry": {
        "type": "Polygon",
        "coordinates": [
          [
            [
              -70.48972373260878,
              -33.38064111619659
            ],
            [
              -70.49413122461564,
              -33.383562437111046
            ],
            [
              -70.4934973653612,
              -33.38781275004167
            ],
            [
              -70.48845590131107,
              -33.389141650247076
            ],
            [
              -70.48404856259138,
              -33.38622034310357
            ],
            [
              -70.48468253462065,
              -33.381970121995096
            ],
            [
              -70.48972373260878,
              -33.38064111619659
            ]
          ]
        ]
      },
      "properties": {
        "h3_index": "88b2c518ebfffff",
        "resolucion": 8,
        "area_km2": 0.74,
        "res_nombre": "Barrio"
      }
    },
    {
      "type": "Feature",
      "geometry": {
        "type": "Polygon",
        "coordinates": [
          [
            [
              -70.49346794419712,
              -33.42047704007422
            ],
            [
              -70.49787630764476,
              -33.4233971761373
            ],
            [
              -70.49724239329949,
              -33.42764493659556
            ],
            [
              -70.49220000266028,
              -33.428972469410915
            ],
            [
              -70.48779179249576,
              -33.42605234716925
            ],
            [
              -70.48842581967331,
              -33.4218046783022
            ],
            [
              -70.49346794419712,
              -33.42047704007422
            ]
          ]
        ]
      },
      "properties": {
        "h3_index": "88b2c50a4bfffff",
        "resolucion": 8,
        "area_km2": 0.74,
        "res_nombre": "Barrio"
      }
    },
    {
      "type": "Feature",
      "geometry": {
        "type": "Polygon",
        "coordinates": [
          [
            [
              -70.48782195767869,
              -33.39339147671165
            ],
            [
              -70.49222959088529,
              -33.39631249474469
            ],
            [
              -70.4915956756625,
              -33.400561926481345
            ],
            [
              -70.48655401444358,
              -33.40189024843005
            ],
            [
              -70.48214653456681,
              -33.39896924418851
            ],
            [
              -70.48278056256513,
              -33.39471990421815
            ],
            [
              -70.48782195767869,
              -33.39339147671165
            ]
          ]
        ]
      },
      "properties": {
        "h3_index": "88b2c51885fffff",
        "resolucion": 8,
        "area_km2": 0.74,
        "res_nombre": "Barrio"
      }
    },
    {
      "type": "Feature",
      "geometry": {
        "type": "Polygon",
        "coordinates": [
          [
            [
              -70.45757560942573,
              -33.40135784288183
            ],
            [
              -70.46198203945416,
              -33.40427938377462
            ],
            [
              -70.46134773009443,
              -33.40852765883528
            ],
            [
              -70.4563068780822,
              -33.40985430111402
            ],
            [
              -70.4519006018221,
              -33.4069327740663
            ],
            [
              -70.45253502379192,
              -33.402684590906134
            ],
            [
              -70.45757560942573,
              -33.40135784288183
            ]
          ]
        ]
      },
      "properties": {
        "h3_index": "88b2c51891fffff",
        "resolucion": 8,
        "area_km2": 0.74,
        "res_nombre": "Barrio"
      }
    },
    {
      "type": "Feature",
      "geometry": {
        "type": "Polygon",
        "coordinates": [
          [
            [
              -70.43106705060475,
              -33.44912598116643
            ],
            [
              -70.4354731465837,
              -33.45204686057519
            ],
            [
              -70.43483838808808,
              -33.456291425873445
            ],
            [
              -70.42979742109758,
              -33.45761501997152
            ],
            [
              -70.42539147932148,
              -33.454694154511905
            ],
            [
              -70.426026350319,
              -33.450449681016465
            ],
            [
              -70.43106705060475,
              -33.44912598116643
            ]
          ]
        ]
      },
      "properties": {
        "h3_index": "88b2c5013bfffff",
        "resolucion": 8,
        "area_km2": 0.74,
        "res_nombre": "Barrio"
      }
    },
    {
      "type": "Feature",
      "geometry": {
        "type": "Polygon",
        "coordinates": [
          [
            [
              -70.44241815011141,
              -33.43798675574142
            ],
            [
              -70.44682455423428,
              -33.440907663001155
            ],
            [
              -70.44618996429712,
              -33.44515320180861
            ],
            [
              -70.44114885766638,
              -33.44647774157202
            ],
            [
              -70.43674260757184,
              -33.443556848229875
            ],
            [
              -70.43737731006568,
              -33.43931140121812
            ],
            [
              -70.44241815011141,
              -33.43798675574142
            ]
          ]
        ]
      },
      "properties": {
        "h3_index": "88b2c50107fffff",
        "resolucion": 8,
        "area_km2": 0.74,
        "res_nombre": "Barrio"
      }
    },
    {
      "type": "Feature",
      "geometry": {
        "type": "Polygon",
        "coordinates": [
          [
            [
              -70.5842491331798,
              -33.39653165585182
            ],
            [
              -70.58866109300858,
              -33.39945021679167
            ],
            [
              -70.58802836454484,
              -33.403701444450654
            ],
            [
              -70.58298356291044,
              -33.40503401999442
            ],
            [
              -70.57857175504574,
              -33.40211547271713
            ],
            [
              -70.57920459683739,
              -33.39786433624494
            ],
            [
              -70.5842491331798,
              -33.39653165585182
            ]
          ]
        ]
      },
      "properties": {
        "h3_index": "88b2c556d9fffff",
        "resolucion": 8,
        "area_km2": 0.74,
        "res_nombre": "Barrio"
      }
    },
    {
      "type": "Feature",
      "geometry": {
        "type": "Polygon",
        "coordinates": [
          [
            [
              -70.46886029233181,
              -33.455509374987344
            ],
            [
              -70.47326818322921,
              -33.45842915209318
            ],
            [
              -70.47263387529541,
              -33.46267408397114
            ],
            [
              -70.46759156372663,
              -33.46399914720447
            ],
            [
              -70.46318382650458,
              -33.46107938400305
            ],
            [
              -70.46381824716194,
              -33.45683454367527
            ],
            [
              -70.46886029233181,
              -33.455509374987344
            ]
          ]
        ]
      },
      "properties": {
        "h3_index": "88b2c50acdfffff",
        "resolucion": 8,
        "area_km2": 0.74,
        "res_nombre": "Barrio"
      }
    },
    {
      "type": "Feature",
      "geometry": {
        "type": "Polygon",
        "coordinates": [
          [
            [
              -70.44999722394779,
              -33.41967556100002
            ],
            [
              -70.45440364111079,
              -33.42259678518662
            ],
            [
              -70.45376919146268,
              -33.42684369226619
            ],
            [
              -70.44872821205418,
              -33.42816928332244
            ],
            [
              -70.4443219487895,
              -33.42524807301724
            ],
            [
              -70.44495651102099,
              -33.421001257785775
            ],
            [
              -70.44999722394779,
              -33.41967556100002
            ]
          ]
        ]
      },
      "properties": {
        "h3_index": "88b2c5016bfffff",
        "resolucion": 8,
        "area_km2": 0.74,
        "res_nombre": "Barrio"
      }
    },
    {
      "type": "Feature",
      "geometry": {
        "type": "Polygon",
        "coordinates": [
          [
            [
              -70.48779179249576,
              -33.42605234716925
            ],
            [
              -70.49220000266028,
              -33.428972469410915
            ],
            [
              -70.49156600389968,
              -33.4332197432501
            ],
            [
              -70.48652368215558,
              -33.43454680326407
            ],
            [
              -70.48211562536156,
              -33.43162669485952
            ],
            [
              -70.48274973692712,
              -33.42737951261528
            ],
            [
              -70.48779179249576,
              -33.42605234716925
            ]
          ]
        ]
      },
      "properties": {
        "h3_index": "88b2c50a5dfffff",
        "resolucion": 8,
        "area_km2": 0.74,
        "res_nombre": "Barrio"
      }
    },
    {
      "type": "Feature",
      "geometry": {
        "type": "Polygon",
        "coordinates": [
          [
            [
              -70.53507659428224,
              -33.40134616416814
            ],
            [
              -70.53948646408291,
              -33.40426580340833
            ],
            [
              -70.53885311356777,
              -33.40851569302467
            ],
            [
              -70.53380978018578,
              -33.409845851963226
            ],
            [
              -70.5294000630541,
              -33.40692622645996
            ],
            [
              -70.53003352662142,
              -33.40267642829262
            ],
            [
              -70.53507659428224,
              -33.40134616416814
            ]
          ]
        ]
      },
      "properties": {
        "h3_index": "88b2c5198bfffff",
        "resolucion": 8,
        "area_km2": 0.74,
        "res_nombre": "Barrio"
      }
    },
    {
      "type": "Feature",
      "geometry": {
        "type": "Polygon",
        "coordinates": [
          [
            [
              -70.55776155606966,
              -33.41169269445486
            ],
            [
              -70.56217261338023,
              -33.414611490977016
            ],
            [
              -70.5615395177539,
              -33.41886116807191
            ],
            [
              -70.55649525161215,
              -33.42019195739361
            ],
            [
              -70.55208434666088,
              -33.41727317459137
            ],
            [
              -70.55271755547807,
              -33.41302358875894
            ],
            [
              -70.55776155606966,
              -33.41169269445486
            ]
          ]
        ]
      },
      "properties": {
        "h3_index": "88b2c519abfffff",
        "resolucion": 8,
        "area_km2": 0.74,
        "res_nombre": "Barrio"
      }
    },
    {
      "type": "Feature",
      "geometry": {
        "type": "Polygon",
        "coordinates": [
          [
            [
              -70.58613006723336,
              -33.416453363962646
            ],
            [
              -70.59054246308823,
              -33.41937133020135
            ],
            [
              -70.58990970736629,
              -33.42362128070255
            ],
            [
              -70.58486444241872,
              -33.424953173904555
            ],
            [
              -70.58045219852546,
              -33.42203522135332
            ],
            [
              -70.58108506760415,
              -33.41778536192402
            ],
            [
              -70.58613006723336,
              -33.416453363962646
            ]
          ]
        ]
      },
      "properties": {
        "h3_index": "88b2c55699fffff",
        "resolucion": 8,
        "area_km2": 0.74,
        "res_nombre": "Barrio"
      }
    },
    {
      "type": "Feature",
      "geometry": {
        "type": "Polygon",
        "coordinates": [
          [
            [
              -70.5747743125551,
              -33.42761611943576
            ],
            [
              -70.57918640439912,
              -33.43053405828407
            ],
            [
              -70.57855347935012,
              -33.43478303574993
            ],
            [
              -70.57350834914087,
              -33.436113983298945
            ],
            [
              -70.5690964094337,
              -33.43319605816907
            ],
            [
              -70.56972944778494,
              -33.428947171783186
            ],
            [
              -70.5747743125551,
              -33.42761611943576
            ]
          ]
        ]
      },
      "properties": {
        "h3_index": "88b2c50b4dfffff",
        "resolucion": 8,
        "area_km2": 0.74,
        "res_nombre": "Barrio"
      }
    },
    {
      "type": "Feature",
      "geometry": {
        "type": "Polygon",
        "coordinates": [
          [
            [
              -70.44051418344398,
              -33.45072279363862
            ],
            [
              -70.44492072842301,
              -33.45364339768929
            ],
            [
              -70.44428608248472,
              -33.45788805472722
            ],
            [
              -70.43924477899606,
              -33.45921201598619
            ],
            [
              -70.43483838808808,
              -33.456291425873445
            ],
            [
              -70.4354731465837,
              -33.45204686057519
            ],
            [
              -70.44051418344398,
              -33.45072279363862
            ]
          ]
        ]
      },
      "properties": {
        "h3_index": "88b2c50131fffff",
        "resolucion": 8,
        "area_km2": 0.74,
        "res_nombre": "Barrio"
      }
    },
    {
      "type": "Feature",
      "geometry": {
        "type": "Polygon",
        "coordinates": [
          [
            [
              -70.5161459423891,
              -33.4308281853227
            ],
            [
              -70.52055549540711,
              -33.43374747958343
            ],
            [
              -70.51992183539349,
              -33.437995027827455
            ],
            [
              -70.51487850937684,
              -33.43932319041721
            ],
            [
              -70.51046910933285,
              -33.43640390996057
            ],
            [
              -70.51110288231749,
              -33.432156453121486
            ],
            [
              -70.5161459423891,
              -33.4308281853227
            ]
          ]
        ]
      },
      "properties": {
        "h3_index": "88b2c50a6bfffff",
        "resolucion": 8,
        "area_km2": 0.74,
        "res_nombre": "Barrio"
      }
    },
    {
      "type": "Feature",
      "geometry": {
        "type": "Polygon",
        "coordinates": [
          [
            [
              -70.54452986554394,
              -33.40293517171606
            ],
            [
              -70.54894018211996,
              -33.40585453476314
            ],
            [
              -70.54830694471234,
              -33.41010451576497
            ],
            [
              -70.54326327760717,
              -33.41143504234567
            ],
            [
              -70.53885311356777,
              -33.40851569302467
            ],
            [
              -70.53948646408291,
              -33.40426580340833
            ],
            [
              -70.54452986554394,
              -33.40293517171606
            ]
          ]
        ]
      },
      "properties": {
        "h3_index": "88b2c51981fffff",
        "resolucion": 8,
        "area_km2": 0.74,
        "res_nombre": "Barrio"
      }
    },
    {
      "type": "Feature",
      "geometry": {
        "type": "Polygon",
        "coordinates": [
          [
            [
              -70.58235074979599,
              -33.409284761226736
            ],
            [
              -70.5867628516579,
              -33.412203018054015
            ],
            [
              -70.58613006723336,
              -33.416453363962646
            ],
            [
              -70.58108506760415,
              -33.41778536192402
            ],
            [
              -70.5766731177489,
              -33.414867118779526
            ],
            [
              -70.57730601550216,
              -33.410616864002264
            ],
            [
              -70.58235074979599,
              -33.409284761226736
            ]
          ]
        ]
      },
      "properties": {
        "h3_index": "88b2c556d3fffff",
        "resolucion": 8,
        "area_km2": 0.74,
        "res_nombre": "Barrio"
      }
    },
    {
      "type": "Feature",
      "geometry": {
        "type": "Polygon",
        "coordinates": [
          [
            [
              -70.61072459042653,
              -33.4140401843219
            ],
            [
              -70.61513802934311,
              -33.41695760996577
            ],
            [
              -70.61450558523639,
              -33.421208228887124
            ],
            [
              -70.60945958870457,
              -33.42254133123538
            ],
            [
              -70.60504630139656,
              -33.419623919242014
            ],
            [
              -70.60567885899782,
              -33.41537339126132
            ],
            [
              -70.61072459042653,
              -33.4140401843219
            ]
          ]
        ]
      },
      "properties": {
        "h3_index": "88b2c55681fffff",
        "resolucion": 8,
        "area_km2": 0.74,
        "res_nombre": "Barrio"
      }
    },
    {
      "type": "Feature",
      "geometry": {
        "type": "Polygon",
        "coordinates": [
          [
            [
              -70.5123703723038,
              -33.423660657673416
            ],
            [
              -70.51677963090377,
              -33.426580241872145
            ],
            [
              -70.5161459423891,
              -33.4308281853227
            ],
            [
              -70.51110288231749,
              -33.432156453121486
            ],
            [
              -70.50669377673634,
              -33.4292368827222
            ],
            [
              -70.50732757819398,
              -33.42498903073611
            ],
            [
              -70.5123703723038,
              -33.423660657673416
            ]
          ]
        ]
      },
      "properties": {
        "h3_index": "88b2c50a45fffff",
        "resolucion": 8,
        "area_km2": 0.74,
        "res_nombre": "Barrio"
      }
    },
    {
      "type": "Feature",
      "geometry": {
        "type": "Polygon",
        "coordinates": [
          [
            [
              -70.45944469005177,
              -33.421270721358454
            ],
            [
              -70.46385155573587,
              -33.42419167027638
            ],
            [
              -70.46321721872657,
              -33.428438669140796
            ],
            [
              -70.45817590338034,
              -33.42976462731383
            ],
            [
              -70.45376919146268,
              -33.42684369226619
            ],
            [
              -70.45440364111079,
              -33.42259678518662
            ],
            [
              -70.45944469005177,
              -33.421270721358454
            ]
          ]
        ]
      },
      "properties": {
        "h3_index": "88b2c50161fffff",
        "resolucion": 8,
        "area_km2": 0.74,
        "res_nombre": "Barrio"
      }
    },
    {
      "type": "Feature",
      "geometry": {
        "type": "Polygon",
        "coordinates": [
          [
            [
              -70.48785211495512,
              -33.36071461165748
            ],
            [
              -70.49225917135479,
              -33.36363652411171
            ],
            [
              -70.49162533964778,
              -33.36788811258608
            ],
            [
              -70.48658433878103,
              -33.36921769667983
            ],
            [
              -70.48217743567054,
              -33.36629579797098
            ],
            [
              -70.48281138012362,
              -33.36204430143437
            ],
            [
              -70.48785211495512,
              -33.36071461165748
            ]
          ]
        ]
      },
      "properties": {
        "h3_index": "88b2c5181bfffff",
        "resolucion": 8,
        "area_km2": 0.74,
        "res_nombre": "Barrio"
      }
    },
    {
      "type": "Feature",
      "geometry": {
        "type": "Polygon",
        "coordinates": [
          [
            [
              -70.58802836454484,
              -33.403701444450654
            ],
            [
              -70.59244061832584,
              -33.40661971494523
            ],
            [
              -70.59180791856734,
              -33.41087054730485
            ],
            [
              -70.5867628516579,
              -33.412203018054015
            ],
            [
              -70.58235074979599,
              -33.409284761226736
            ],
            [
              -70.58298356291044,
              -33.40503401999442
            ],
            [
              -70.58802836454484,
              -33.403701444450654
            ]
          ]
        ]
      },
      "properties": {
        "h3_index": "88b2c556d1fffff",
        "resolucion": 8,
        "area_km2": 0.74,
        "res_nombre": "Barrio"
      }
    },
    {
      "type": "Feature",
      "geometry": {
        "type": "Polygon",
        "coordinates": [
          [
            [
              -70.48021317868672,
              -33.44436647817446
            ],
            [
              -70.48462137667262,
              -33.44728628304214
            ],
            [
              -70.48398723751623,
              -33.45153218840025
            ],
            [
              -70.47894478758167,
              -33.452858197359255
            ],
            [
              -70.47453674309632,
              -33.44993840636465
            ],
            [
              -70.475170995031,
              -33.445692592549364
            ],
            [
              -70.48021317868672,
              -33.44436647817446
            ]
          ]
        ]
      },
      "properties": {
        "h3_index": "88b2c50a19fffff",
        "resolucion": 8,
        "area_km2": 0.74,
        "res_nombre": "Barrio"
      }
    },
    {
      "type": "Feature",
      "geometry": {
        "type": "Polygon",
        "coordinates": [
          [
            [
              -70.51807315365593,
              -33.38541503247634
            ],
            [
              -70.52248198791224,
              -33.38833552691911
            ],
            [
              -70.52184846731426,
              -33.39258611493533
            ],
            [
              -70.51680599950514,
              -33.3939161168885
            ],
            [
              -70.51239731813968,
              -33.39099563618395
            ],
            [
              -70.51303095167849,
              -33.38674513979944
            ],
            [
              -70.51807315365593,
              -33.38541503247634
            ]
          ]
        ]
      },
      "properties": {
        "h3_index": "88b2c519d9fffff",
        "resolucion": 8,
        "area_km2": 0.74,
        "res_nombre": "Barrio"
      }
    },
    {
      "type": "Feature",
      "geometry": {
        "type": "Polygon",
        "coordinates": [
          [
            [
              -70.56911592433771,
              -33.400528856446215
            ],
            [
              -70.57352728610427,
              -33.4034476803616
            ],
            [
              -70.57289435968914,
              -33.40769833040302
            ],
            [
              -70.56784995824806,
              -33.409030065286004
            ],
            [
              -70.56343874866573,
              -33.40611125505946
            ],
            [
              -70.56407178832625,
              -33.401860696272486
            ],
            [
              -70.56911592433771,
              -33.400528856446215
            ]
          ]
        ]
      },
      "properties": {
        "h3_index": "88b2c519e7fffff",
        "resolucion": 8,
        "area_km2": 0.74,
        "res_nombre": "Barrio"
      }
    },
    {
      "type": "Feature",
      "geometry": {
        "type": "Polygon",
        "coordinates": [
          [
            [
              -70.5275245240803,
              -33.38700505225831
            ],
            [
              -70.53193380539115,
              -33.38992527092071
            ],
            [
              -70.53130039778928,
              -33.39417595050513
            ],
            [
              -70.52625759586645,
              -33.39550631987037
            ],
            [
              -70.52184846731426,
              -33.39258611493533
            ],
            [
              -70.52248198791224,
              -33.38833552691911
            ],
            [
              -70.5275245240803,
              -33.38700505225831
            ]
          ]
        ]
      },
      "properties": {
        "h3_index": "88b2c519ddfffff",
        "resolucion": 8,
        "area_km2": 0.74,
        "res_nombre": "Barrio"
      }
    },
    {
      "type": "Feature",
      "geometry": {
        "type": "Polygon",
        "coordinates": [
          [
            [
              -70.47263387529541,
              -33.46267408397114
            ],
            [
              -70.47704206092796,
              -33.465593571245336
            ],
            [
              -70.47640778137506,
              -33.469838107832544
            ],
            [
              -70.47136520342401,
              -33.4711630656663
            ],
            [
              -70.46695717142215,
              -33.46824359230105
            ],
            [
              -70.46759156372663,
              -33.46399914720447
            ],
            [
              -70.47263387529541,
              -33.46267408397114
            ]
          ]
        ]
      },
      "properties": {
        "h3_index": "88b2c50ac5fffff",
        "resolucion": 8,
        "area_km2": 0.74,
        "res_nombre": "Barrio"
      }
    },
    {
      "type": "Feature",
      "geometry": {
        "type": "Polygon",
        "coordinates": [
          [
            [
              -70.48401790407314,
              -33.41888426652432
            ],
            [
              -70.48842581967331,
              -33.4218046783022
            ],
            [
              -70.48779179249576,
              -33.42605234716925
            ],
            [
              -70.48274973692712,
              -33.42737951261528
            ],
            [
              -70.47834197474211,
              -33.42445911466985
            ],
            [
              -70.47897611469658,
              -33.420211537457334
            ],
            [
              -70.48401790407314,
              -33.41888426652432
            ]
          ]
        ]
      },
      "properties": {
        "h3_index": "88b2c518b7fffff",
        "resolucion": 8,
        "area_km2": 0.74,
        "res_nombre": "Barrio"
      }
    },
    {
      "type": "Feature",
      "geometry": {
        "type": "Polygon",
        "coordinates": [
          [
            [
              -70.48027549039182,
              -33.37904852588004
            ],
            [
              -70.48468253462065,
              -33.381970121995096
            ],
            [
              -70.48404856259138,
              -33.38622034310357
            ],
            [
              -70.47900743359982,
              -33.38754887622272
            ],
            [
              -70.47460054279013,
              -33.3846272938895
            ],
            [
              -70.47523462753888,
              -33.38037716466667
            ],
            [
              -70.48027549039182,
              -33.37904852588004
            ]
          ]
        ]
      },
      "properties": {
        "h3_index": "88b2c518c7fffff",
        "resolucion": 8,
        "area_km2": 0.74,
        "res_nombre": "Barrio"
      }
    },
    {
      "type": "Feature",
      "geometry": {
        "type": "Polygon",
        "coordinates": [
          [
            [
              -70.47456864712456,
              -33.417290850109644
            ],
            [
              -70.47897611469658,
              -33.420211537457334
            ],
            [
              -70.47834197474211,
              -33.42445911466985
            ],
            [
              -70.4733002544801,
              -33.42578591282821
            ],
            [
              -70.46889294045529,
              -33.42286523932399
            ],
            [
              -70.46952719313127,
              -33.41861775382935
            ],
            [
              -70.47456864712456,
              -33.417290850109644
            ]
          ]
        ]
      },
      "properties": {
        "h3_index": "88b2c518b3fffff",
        "resolucion": 8,
        "area_km2": 0.74,
        "res_nombre": "Barrio"
      }
    },
    {
      "type": "Feature",
      "geometry": {
        "type": "Polygon",
        "coordinates": [
          [
            [
              -70.5067214667093,
              -33.39657528073251
            ],
            [
              -70.51112999509647,
              -33.39949574768314
            ],
            [
              -70.51049630559073,
              -33.40374536276203
            ],
            [
              -70.50545397479762,
              -33.40507441926233
            ],
            [
              -70.50104559947611,
              -33.402153966081336
            ],
            [
              -70.50167940186806,
              -33.397904442641845
            ],
            [
              -70.5067214667093,
              -33.39657528073251
            ]
          ]
        ]
      },
      "properties": {
        "h3_index": "88b2c518adfffff",
        "resolucion": 8,
        "area_km2": 0.74,
        "res_nombre": "Barrio"
      }
    },
    {
      "type": "Feature",
      "geometry": {
        "type": "Polygon",
        "coordinates": [
          [
            [
              -70.49730024107953,
              -33.36230646738315
            ],
            [
              -70.5017077450419,
              -33.36522810474907
            ],
            [
              -70.50107402613632,
              -33.369479785097674
            ],
            [
              -70.49603269045298,
              -33.370809736217524
            ],
            [
              -70.49162533964778,
              -33.36788811258608
            ],
            [
              -70.49225917135479,
              -33.36363652411171
            ],
            [
              -70.49730024107953,
              -33.36230646738315
            ]
          ]
        ]
      },
      "properties": {
        "h3_index": "88b2c51811fffff",
        "resolucion": 8,
        "area_km2": 0.74,
        "res_nombre": "Barrio"
      }
    },
    {
      "type": "Feature",
      "geometry": {
        "type": "Polygon",
        "coordinates": [
          [
            [
              -70.54075310914713,
              -33.395765142667166
            ],
            [
              -70.54516313152932,
              -33.39868479562865
            ],
            [
              -70.54452986554394,
              -33.40293517171606
            ],
            [
              -70.53948646408291,
              -33.40426580340833
            ],
            [
              -70.53507659428224,
              -33.40134616416814
            ],
            [
              -70.5357099733471,
              -33.39709587952581
            ],
            [
              -70.54075310914713,
              -33.395765142667166
            ]
          ]
        ]
      },
      "properties": {
        "h3_index": "88b2c51989fffff",
        "resolucion": 8,
        "area_km2": 0.74,
        "res_nombre": "Barrio"
      }
    },
    {
      "type": "Feature",
      "geometry": {
        "type": "Polygon",
        "coordinates": [
          [
            [
              -70.46128045252215,
              -33.47381214094154
            ],
            [
              -70.465688330806,
              -33.47673160038221
            ],
            [
              -70.46505388249301,
              -33.48097516333165
            ],
            [
              -70.46001144318528,
              -33.48229917535392
            ],
            [
              -70.45560371870684,
              -33.4793797298535
            ],
            [
              -70.4562382797167,
              -33.47513625840196
            ],
            [
              -70.46128045252215,
              -33.47381214094154
            ]
          ]
        ]
      },
      "properties": {
        "h3_index": "88b2c50a89fffff",
        "resolucion": 8,
        "area_km2": 0.74,
        "res_nombre": "Barrio"
      }
    },
    {
      "type": "Feature",
      "geometry": {
        "type": "Polygon",
        "coordinates": [
          [
            [
              -70.57479308297417,
              -33.39494549865624
            ],
            [
              -70.57920459683739,
              -33.39786433624494
            ],
            [
              -70.57857175504574,
              -33.40211547271713
            ],
            [
              -70.57352728610427,
              -33.4034476803616
            ],
            [
              -70.56911592433771,
              -33.400528856446215
            ],
            [
              -70.56974887940198,
              -33.39627781122445
            ],
            [
              -70.57479308297417,
              -33.39494549865624
            ]
          ]
        ]
      },
      "properties": {
        "h3_index": "88b2c519e5fffff",
        "resolucion": 8,
        "area_km2": 0.74,
        "res_nombre": "Barrio"
      }
    },
    {
      "type": "Feature",
      "geometry": {
        "type": "Polygon",
        "coordinates": [
          [
            [
              -70.45380381175315,
              -33.39418734341923
            ],
            [
              -70.45820994710829,
              -33.397109173163976
            ],
            [
              -70.45757560942573,
              -33.40135784288183
            ],
            [
              -70.45253502379192,
              -33.402684590906134
            ],
            [
              -70.44812904224968,
              -33.39976277500168
            ],
            [
              -70.44876349251433,
              -33.395514197244005
            ],
            [
              -70.45380381175315,
              -33.39418734341923
            ]
          ]
        ]
      },
      "properties": {
        "h3_index": "88b2c51899fffff",
        "resolucion": 8,
        "area_km2": 0.74,
        "res_nombre": "Barrio"
      }
    },
    {
      "type": "Feature",
      "geometry": {
        "type": "Polygon",
        "coordinates": [
          [
            [
              -70.5558620713981,
              -33.42444114797289
            ],
            [
              -70.56027327053071,
              -33.42735964044485
            ],
            [
              -70.55964011893255,
              -33.43160843568727
            ],
            [
              -70.55459565499612,
              -33.43293864726223
            ],
            [
              -70.55018460826541,
              -33.43002016853042
            ],
            [
              -70.55081787305522,
              -33.42577146449493
            ],
            [
              -70.5558620713981,
              -33.42444114797289
            ]
          ]
        ]
      },
      "properties": {
        "h3_index": "88b2c519b5fffff",
        "resolucion": 8,
        "area_km2": 0.74,
        "res_nombre": "Barrio"
      }
    },
    {
      "type": "Feature",
      "geometry": {
        "type": "Polygon",
        "coordinates": [
          [
            [
              -70.51429816279384,
              -33.37824326585
            ],
            [
              -70.51870670275022,
              -33.38116404966165
            ],
            [
              -70.51807315365593,
              -33.38541503247634
            ],
            [
              -70.51303095167849,
              -33.38674513979944
            ],
            [
              -70.50862256465774,
              -33.383824369721175
            ],
            [
              -70.50925622666483,
              -33.379573478597834
            ],
            [
              -70.51429816279384,
              -33.37824326585
            ]
          ]
        ]
      },
      "properties": {
        "h3_index": "88b2c51833fffff",
        "resolucion": 8,
        "area_km2": 0.74,
        "res_nombre": "Barrio"
      }
    },
    {
      "type": "Feature",
      "geometry": {
        "type": "Polygon",
        "coordinates": [
          [
            [
              -70.42916257834075,
              -33.46185909847403
            ],
            [
              -70.43356881509038,
              -33.464779674633064
            ],
            [
              -70.43293400058697,
              -33.469023358059204
            ],
            [
              -70.42789283681735,
              -33.47034637359095
            ],
            [
              -70.42348675431336,
              -33.467425811401355
            ],
            [
              -70.4241216813193,
              -33.46318221972196
            ],
            [
              -70.42916257834075,
              -33.46185909847403
            ]
          ]
        ]
      },
      "properties": {
        "h3_index": "88b2c501e5fffff",
        "resolucion": 8,
        "area_km2": 0.74,
        "res_nombre": "Barrio"
      }
    },
    {
      "type": "Feature",
      "geometry": {
        "type": "Polygon",
        "coordinates": [
          [
            [
              -70.45183085010733,
              -33.47221652305642
            ],
            [
              -70.4562382797167,
              -33.47513625840196
            ],
            [
              -70.45560371870684,
              -33.4793797298535
            ],
            [
              -70.45056161543211,
              -33.4807033744099
            ],
            [
              -70.44615433976008,
              -33.47778365301583
            ],
            [
              -70.4467890134114,
              -33.47354027312528
            ],
            [
              -70.45183085010733,
              -33.47221652305642
            ]
          ]
        ]
      },
      "properties": {
        "h3_index": "88b2c50ad5fffff",
        "resolucion": 8,
        "area_km2": 0.74,
        "res_nombre": "Barrio"
      }
    },
    {
      "type": "Feature",
      "geometry": {
        "type": "Polygon",
        "coordinates": [
          [
            [
              -70.5521060893417,
              -33.384600222201634
            ],
            [
              -70.55651641662443,
              -33.38751990255889
            ],
            [
              -70.5558833197344,
              -33.391771251503506
            ],
            [
              -70.55083978241362,
              -33.393102828665164
            ],
            [
              -70.5464296075374,
              -33.39018316199798
            ],
            [
              -70.54706281756145,
              -33.3859319044905
            ],
            [
              -70.5521060893417,
              -33.384600222201634
            ]
          ]
        ]
      },
      "properties": {
        "h3_index": "88b2c519c5fffff",
        "resolucion": 8,
        "area_km2": 0.74,
        "res_nombre": "Barrio"
      }
    },
    {
      "type": "Feature",
      "geometry": {
        "type": "Polygon",
        "coordinates": [
          [
            [
              -70.48211562536156,
              -33.43162669485952
            ],
            [
              -70.48652368215558,
              -33.43454680326407
            ],
            [
              -70.48588959899162,
              -33.438793590456356
            ],
            [
              -70.48084734624203,
              -33.440120177656816
            ],
            [
              -70.47643944290587,
              -33.437200083105076
            ],
            [
              -70.47707363884744,
              -33.43295338751146
            ],
            [
              -70.48211562536156,
              -33.43162669485952
            ]
          ]
        ]
      },
      "properties": {
        "h3_index": "88b2c50a51fffff",
        "resolucion": 8,
        "area_km2": 0.74,
        "res_nombre": "Barrio"
      }
    },
    {
      "type": "Feature",
      "geometry": {
        "type": "Polygon",
        "coordinates": [
          [
            [
              -70.47460054279013,
              -33.3846272938895
            ],
            [
              -70.47900743359982,
              -33.38754887622272
            ],
            [
              -70.47837337721992,
              -33.39179861086135
            ],
            [
              -70.47333231732426,
              -33.39312667128876
            ],
            [
              -70.46892558002104,
              -33.39020510275322
            ],
            [
              -70.46955974909305,
              -33.38595546000398
            ],
            [
              -70.47460054279013,
              -33.3846272938895
            ]
          ]
        ]
      },
      "properties": {
        "h3_index": "88b2c51889fffff",
        "resolucion": 8,
        "area_km2": 0.74,
        "res_nombre": "Barrio"
      }
    },
    {
      "type": "Feature",
      "geometry": {
        "type": "Polygon",
        "coordinates": [
          [
            [
              -70.43297135485943,
              -33.4363902187231
            ],
            [
              -70.43737731006568,
              -33.43931140121812
            ],
            [
              -70.43674260757184,
              -33.443556848229875
            ],
            [
              -70.43170183735646,
              -33.44488102089909
            ],
            [
              -70.42729603631032,
              -33.44195985233284
            ],
            [
              -70.42793085130545,
              -33.43771449717997
            ],
            [
              -70.43297135485943,
              -33.4363902187231
            ]
          ]
        ]
      },
      "properties": {
        "h3_index": "88b2c50103fffff",
        "resolucion": 8,
        "area_km2": 0.74,
        "res_nombre": "Barrio"
      }
    },
    {
      "type": "Feature",
      "geometry": {
        "type": "Polygon",
        "coordinates": [
          [
            [
              -70.46131409571777,
              -33.44117790253991
            ],
            [
              -70.46572139713308,
              -33.44409825889371
            ],
            [
              -70.46508703247554,
              -33.44834398110295
            ],
            [
              -70.46004525372112,
              -33.44966925530048
            ],
            [
              -70.45563810607037,
              -33.44674891284198
            ],
            [
              -70.45627258339543,
              -33.44250328230202
            ],
            [
              -70.46131409571777,
              -33.44117790253991
            ]
          ]
        ]
      },
      "properties": {
        "h3_index": "88b2c50121fffff",
        "resolucion": 8,
        "area_km2": 0.74,
        "res_nombre": "Barrio"
      }
    },
    {
      "type": "Feature",
      "geometry": {
        "type": "Polygon",
        "coordinates": [
          [
            [
              -70.53697667551339,
              -33.388594428840904
            ],
            [
              -70.54138640369756,
              -33.39151437157809
            ],
            [
              -70.54075310914713,
              -33.395765142667166
            ],
            [
              -70.5357099733471,
              -33.39709587952581
            ],
            [
              -70.53130039778928,
              -33.39417595050513
            ],
            [
              -70.53193380539115,
              -33.38992527092071
            ],
            [
              -70.53697667551339,
              -33.388594428840904
            ]
          ]
        ]
      },
      "properties": {
        "h3_index": "88b2c519c3fffff",
        "resolucion": 8,
        "area_km2": 0.74,
        "res_nombre": "Barrio"
      }
    },
    {
      "type": "Feature",
      "geometry": {
        "type": "Polygon",
        "coordinates": [
          [
            [
              -70.50107402613632,
              -33.369479785097674
            ],
            [
              -70.5054818244555,
              -33.372401133506685
            ],
            [
              -70.50484813399285,
              -33.37665241928474
            ],
            [
              -70.49980653236756,
              -33.37798226485065
            ],
            [
              -70.49539888716086,
              -33.375060930181036
            ],
            [
              -70.49603269045298,
              -33.370809736217524
            ],
            [
              -70.50107402613632,
              -33.369479785097674
            ]
          ]
        ]
      },
      "properties": {
        "h3_index": "88b2c51817fffff",
        "resolucion": 8,
        "area_km2": 0.74,
        "res_nombre": "Barrio"
      }
    },
    {
      "type": "Feature",
      "geometry": {
        "type": "Polygon",
        "coordinates": [
          [
            [
              -70.44618996429712,
              -33.44515320180861
            ],
            [
              -70.45059666325992,
              -33.448073819781484
            ],
            [
              -70.44996210162225,
              -33.45231896358419
            ],
            [
              -70.44492072842301,
              -33.45364339768929
            ],
            [
              -70.44051418344398,
              -33.45072279363862
            ],
            [
              -70.44114885766638,
              -33.44647774157202
            ],
            [
              -70.44618996429712,
              -33.44515320180861
            ]
          ]
        ]
      },
      "properties": {
        "h3_index": "88b2c5013dfffff",
        "resolucion": 8,
        "area_km2": 0.74,
        "res_nombre": "Barrio"
      }
    },
    {
      "type": "Feature",
      "geometry": {
        "type": "Polygon",
        "coordinates": [
          [
            [
              -70.5029187670797,
              -33.422069170532744
            ],
            [
              -70.50732757819398,
              -33.42498903073611
            ],
            [
              -70.50669377673634,
              -33.4292368827222
            ],
            [
              -70.50165105126275,
              -33.43056478298848
            ],
            [
              -70.49724239329949,
              -33.42764493659556
            ],
            [
              -70.49787630764476,
              -33.4233971761373
            ],
            [
              -70.5029187670797,
              -33.422069170532744
            ]
          ]
        ]
      },
      "properties": {
        "h3_index": "88b2c50a41fffff",
        "resolucion": 8,
        "area_km2": 0.74,
        "res_nombre": "Barrio"
      }
    },
    {
      "type": "Feature",
      "geometry": {
        "type": "Polygon",
        "coordinates": [
          [
            [
              -70.4443219487895,
              -33.42524807301724
            ],
            [
              -70.44872821205418,
              -33.42816928332244
            ],
            [
              -70.44809367811213,
              -33.43241570374038
            ],
            [
              -70.44305276833536,
              -33.433740822012766
            ],
            [
              -70.43864665905626,
              -33.43081962560476
            ],
            [
              -70.43928130555433,
              -33.426573297038544
            ],
            [
              -70.4443219487895,
              -33.42524807301724
            ]
          ]
        ]
      },
      "properties": {
        "h3_index": "88b2c5010dfffff",
        "resolucion": 8,
        "area_km2": 0.74,
        "res_nombre": "Barrio"
      }
    },
    {
      "type": "Feature",
      "geometry": {
        "type": "Polygon",
        "coordinates": [
          [
            [
              -70.5294000630541,
              -33.40692622645996
            ],
            [
              -70.53380978018578,
              -33.409845851963226
            ],
            [
              -70.53317634515282,
              -33.41409525508028
            ],
            [
              -70.52813307994928,
              -33.41542494125257
            ],
            [
              -70.52372351557408,
              -33.41250532950186
            ],
            [
              -70.52435706363192,
              -33.40825601783771
            ],
            [
              -70.5294000630541,
              -33.40692622645996
            ]
          ]
        ]
      },
      "properties": {
        "h3_index": "88b2c5199dfffff",
        "resolucion": 8,
        "area_km2": 0.74,
        "res_nombre": "Barrio"
      }
    },
    {
      "type": "Feature",
      "geometry": {
        "type": "Polygon",
        "coordinates": [
          [
            [
              -70.44047781479561,
              -33.4833498232118
            ],
            [
              -70.44488493644293,
              -33.48626953063874
            ],
            [
              -70.44425020677578,
              -33.49051202833603
            ],
            [
              -70.4392082428606,
              -33.49183472704968
            ],
            [
              -70.4348012753253,
              -33.48891503360558
            ],
            [
              -70.43543611757913,
              -33.4846726274764
            ],
            [
              -70.44047781479561,
              -33.4833498232118
            ]
          ]
        ]
      },
      "properties": {
        "h3_index": "88b2c50a99fffff",
        "resolucion": 8,
        "area_km2": 0.74,
        "res_nombre": "Barrio"
      }
    },
    {
      "type": "Feature",
      "geometry": {
        "type": "Polygon",
        "coordinates": [
          [
            [
              -70.52372351557408,
              -33.41250532950186
            ],
            [
              -70.52813307994928,
              -33.41542494125257
            ],
            [
              -70.52749956041048,
              -33.419673857842184
            ],
            [
              -70.52245636348482,
              -33.42100307123572
            ],
            [
              -70.5180469519535,
              -33.41808347325319
            ],
            [
              -70.51868058448994,
              -33.41383464812036
            ],
            [
              -70.52372351557408,
              -33.41250532950186
            ]
          ]
        ]
      },
      "properties": {
        "h3_index": "88b2c51991fffff",
        "resolucion": 8,
        "area_km2": 0.74,
        "res_nombre": "Barrio"
      }
    },
    {
      "type": "Feature",
      "geometry": {
        "type": "Polygon",
        "coordinates": [
          [
            [
              -70.51239731813968,
              -33.39099563618395
            ],
            [
              -70.51680599950514,
              -33.3939161168885
            ],
            [
              -70.51617239444728,
              -33.398166218450164
            ],
            [
              -70.51112999509647,
              -33.39949574768314
            ],
            [
              -70.5067214667093,
              -33.39657528073251
            ],
            [
              -70.50735518468065,
              -33.392325270806424
            ],
            [
              -70.51239731813968,
              -33.39099563618395
            ]
          ]
        ]
      },
      "properties": {
        "h3_index": "88b2c519dbfffff",
        "resolucion": 8,
        "area_km2": 0.74,
        "res_nombre": "Barrio"
      }
    },
    {
      "type": "Feature",
      "geometry": {
        "type": "Polygon",
        "coordinates": [
          [
            [
              -70.48776161940319,
              -33.45869721356048
            ],
            [
              -70.4921704066767,
              -33.46161643864464
            ],
            [
              -70.49153632435626,
              -33.46586155343332
            ],
            [
              -70.4864933419139,
              -33.467187351725464
            ],
            [
              -70.48208470805157,
              -33.46426814052347
            ],
            [
              -70.48271890320639,
              -33.46002311715856
            ],
            [
              -70.48776161940319,
              -33.45869721356048
            ]
          ]
        ]
      },
      "properties": {
        "h3_index": "88b2c50a17fffff",
        "resolucion": 8,
        "area_km2": 0.74,
        "res_nombre": "Barrio"
      }
    },
    {
      "type": "Feature",
      "geometry": {
        "type": "Polygon",
        "coordinates": [
          [
            [
              -70.45373456209558,
              -33.45948404084609
            ],
            [
              -70.45814185072665,
              -33.4624040798297
            ],
            [
              -70.45750734572593,
              -33.46664843337248
            ],
            [
              -70.45246543943935,
              -33.46797265632608
            ],
            [
              -70.44805830470288,
              -33.465052631273764
            ],
            [
              -70.44869292234438,
              -33.460808369347944
            ],
            [
              -70.45373456209558,
              -33.45948404084609
            ]
          ]
        ]
      },
      "properties": {
        "h3_index": "88b2c50acbfffff",
        "resolucion": 8,
        "area_km2": 0.74,
        "res_nombre": "Barrio"
      }
    },
    {
      "type": "Feature",
      "geometry": {
        "type": "Polygon",
        "coordinates": [
          [
            [
              -70.4519006018221,
              -33.4069327740663
            ],
            [
              -70.4563068780822,
              -33.40985430111402
            ],
            [
              -70.45567248441986,
              -33.414102089592774
            ],
            [
              -70.4506317019007,
              -33.41542825913103
            ],
            [
              -70.44622557949623,
              -33.41250674594419
            ],
            [
              -70.4468600857413,
              -33.4082590493696
            ],
            [
              -70.4519006018221,
              -33.4069327740663
            ]
          ]
        ]
      },
      "properties": {
        "h3_index": "88b2c51893fffff",
        "resolucion": 8,
        "area_km2": 0.74,
        "res_nombre": "Barrio"
      }
    },
    {
      "type": "Feature",
      "geometry": {
        "type": "Polygon",
        "coordinates": [
          [
            [
              -70.49162533964778,
              -33.36788811258608
            ],
            [
              -70.49603269045298,
              -33.370809736217524
            ],
            [
              -70.49539888716086,
              -33.375060930181036
            ],
            [
              -70.49035762027546,
              -33.37639040864646
            ],
            [
              -70.48595042271478,
              -33.373468798765316
            ],
            [
              -70.48658433878103,
              -33.36921769667983
            ],
            [
              -70.49162533964778,
              -33.36788811258608
            ]
          ]
        ]
      },
      "properties": {
        "h3_index": "88b2c51813fffff",
        "resolucion": 8,
        "area_km2": 0.74,
        "res_nombre": "Barrio"
      }
    },
    {
      "type": "Feature",
      "geometry": {
        "type": "Polygon",
        "coordinates": [
          [
            [
              -70.49156600389968,
              -33.4332197432501
            ],
            [
              -70.49597450862456,
              -33.43613957581695
            ],
            [
              -70.49534053829358,
              -33.440386454544615
            ],
            [
              -70.49029795039071,
              -33.44171340918146
            ],
            [
              -70.48588959899162,
              -33.438793590456356
            ],
            [
              -70.48652368215558,
              -33.43454680326407
            ],
            [
              -70.49156600389968,
              -33.4332197432501
            ]
          ]
        ]
      },
      "properties": {
        "h3_index": "88b2c50a55fffff",
        "resolucion": 8,
        "area_km2": 0.74,
        "res_nombre": "Barrio"
      }
    },
    {
      "type": "Feature",
      "geometry": {
        "type": "Polygon",
        "coordinates": [
          [
            [
              -70.5180469519535,
              -33.41808347325319
            ],
            [
              -70.52245636348482,
              -33.42100307123572
            ],
            [
              -70.5218227594521,
              -33.425251501269805
            ],
            [
              -70.51677963090377,
              -33.426580241872145
            ],
            [
              -70.5123703723038,
              -33.423660657673416
            ],
            [
              -70.51300408930683,
              -33.419412319099976
            ],
            [
              -70.5180469519535,
              -33.41808347325319
            ]
          ]
        ]
      },
      "properties": {
        "h3_index": "88b2c51993fffff",
        "resolucion": 8,
        "area_km2": 0.74,
        "res_nombre": "Barrio"
      }
    },
    {
      "type": "Feature",
      "geometry": {
        "type": "Polygon",
        "coordinates": [
          [
            [
              -70.49917275750302,
              -33.382233064219136
            ],
            [
              -70.50358069710722,
              -33.38515410978796
            ],
            [
              -70.50294695068294,
              -33.389404514477285
            ],
            [
              -70.49790515181029,
              -33.39073378185048
            ],
            [
              -70.4934973653612,
              -33.38781275004167
            ],
            [
              -70.49413122461564,
              -33.383562437111046
            ],
            [
              -70.49917275750302,
              -33.382233064219136
            ]
          ]
        ]
      },
      "properties": {
        "h3_index": "88b2c518e1fffff",
        "resolucion": 8,
        "area_km2": 0.74,
        "res_nombre": "Barrio"
      }
    },
    {
      "type": "Feature",
      "geometry": {
        "type": "Polygon",
        "coordinates": [
          [
            [
              -70.4915956756625,
              -33.400561926481345
            ],
            [
              -70.496003603352,
              -33.40348265526508
            ],
            [
              -70.49536971655147,
              -33.40773169218985
            ],
            [
              -70.49032778924385,
              -33.40905990863562
            ],
            [
              -70.4859200148395,
              -33.40613919364817
            ],
            [
              -70.48655401444358,
              -33.40189024843005
            ],
            [
              -70.4915956756625,
              -33.400561926481345
            ]
          ]
        ]
      },
      "properties": {
        "h3_index": "88b2c518abfffff",
        "resolucion": 8,
        "area_km2": 0.74,
        "res_nombre": "Barrio"
      }
    },
    {
      "type": "Feature",
      "geometry": {
        "type": "Polygon",
        "coordinates": [
          [
            [
              -70.45567248441986,
              -33.414102089592774
            ],
            [
              -70.46007905539392,
              -33.41702332764497
            ],
            [
              -70.45944469005177,
              -33.421270721358454
            ],
            [
              -70.45440364111079,
              -33.42259678518662
            ],
            [
              -70.44999722394779,
              -33.41967556100002
            ],
            [
              -70.4506317019007,
              -33.41542825913103
            ],
            [
              -70.45567248441986,
              -33.414102089592774
            ]
          ]
        ]
      },
      "properties": {
        "h3_index": "88b2c50169fffff",
        "resolucion": 8,
        "area_km2": 0.74,
        "res_nombre": "Barrio"
      }
    },
    {
      "type": "Feature",
      "geometry": {
        "type": "Polygon",
        "coordinates": [
          [
            [
              -70.44809367811213,
              -33.43241570374038
            ],
            [
              -70.45250023617604,
              -33.435336624901964
            ],
            [
              -70.45186573053616,
              -33.4395826504227
            ],
            [
              -70.44682455423428,
              -33.440907663001155
            ],
            [
              -70.44241815011141,
              -33.43798675574142
            ],
            [
              -70.44305276833536,
              -33.433740822012766
            ],
            [
              -70.44809367811213,
              -33.43241570374038
            ]
          ]
        ]
      },
      "properties": {
        "h3_index": "88b2c50105fffff",
        "resolucion": 8,
        "area_km2": 0.74,
        "res_nombre": "Barrio"
      }
    },
    {
      "type": "Feature",
      "geometry": {
        "type": "Polygon",
        "coordinates": [
          [
            [
              -70.47834197474211,
              -33.42445911466985
            ],
            [
              -70.48274973692712,
              -33.42737951261528
            ],
            [
              -70.48211562536156,
              -33.43162669485952
            ],
            [
              -70.47707363884744,
              -33.43295338751146
            ],
            [
              -70.47266603016497,
              -33.430033003414174
            ],
            [
              -70.4733002544801,
              -33.42578591282821
            ],
            [
              -70.47834197474211,
              -33.42445911466985
            ]
          ]
        ]
      },
      "properties": {
        "h3_index": "88b2c50a59fffff",
        "resolucion": 8,
        "area_km2": 0.74,
        "res_nombre": "Barrio"
      }
    },
    {
      "type": "Feature",
      "geometry": {
        "type": "Polygon",
        "coordinates": [
          [
            [
              -70.50862256465774,
              -33.383824369721175
            ],
            [
              -70.51303095167849,
              -33.38674513979944
            ],
            [
              -70.51239731813968,
              -33.39099563618395
            ],
            [
              -70.50735518468065,
              -33.392325270806424
            ],
            [
              -70.50294695068294,
              -33.389404514477285
            ],
            [
              -70.50358069710722,
              -33.38515410978796
            ],
            [
              -70.50862256465774,
              -33.383824369721175
            ]
          ]
        ]
      },
      "properties": {
        "h3_index": "88b2c518e5fffff",
        "resolucion": 8,
        "area_km2": 0.74,
        "res_nombre": "Barrio"
      }
    },
    {
      "type": "Feature",
      "geometry": {
        "type": "Polygon",
        "coordinates": [
          [
            [
              -70.49724239329949,
              -33.42764493659556
            ],
            [
              -70.50165105126275,
              -33.43056478298848
            ],
            [
              -70.50101716536247,
              -33.4348121483593
            ],
            [
              -70.49597450862456,
              -33.43613957581695
            ],
            [
              -70.49156600389968,
              -33.4332197432501
            ],
            [
              -70.49220000266028,
              -33.428972469410915
            ],
            [
              -70.49724239329949,
              -33.42764493659556
            ]
          ]
        ]
      },
      "properties": {
        "h3_index": "88b2c50a43fffff",
        "resolucion": 8,
        "area_km2": 0.74,
        "res_nombre": "Barrio"
      }
    },
    {
      "type": "Feature",
      "geometry": {
        "type": "Polygon",
        "coordinates": [
          [
            [
              -70.4423820326569,
              -33.470620262019956
            ],
            [
              -70.4467890134114,
              -33.47354027312528
            ],
            [
              -70.44615433976008,
              -33.47778365301583
            ],
            [
              -70.44111257275421,
              -33.47910693018833
            ],
            [
              -70.43670574606895,
              -33.47618693304569
            ],
            [
              -70.43734053230631,
              -33.47194364477925
            ],
            [
              -70.4423820326569,
              -33.470620262019956
            ]
          ]
        ]
      },
      "properties": {
        "h3_index": "88b2c50ad1fffff",
        "resolucion": 8,
        "area_km2": 0.74,
        "res_nombre": "Barrio"
      }
    },
    {
      "type": "Feature",
      "geometry": {
        "type": "Polygon",
        "coordinates": [
          [
            [
              -70.53127592810705,
              -33.42684170109558
            ],
            [
              -70.535686081135,
              -33.42976073285045
            ],
            [
              -70.53505261867235,
              -33.4340088590398
            ],
            [
              -70.53000889011406,
              -33.435337862147996
            ],
            [
              -70.52559888984034,
              -33.43241884417067
            ],
            [
              -70.52623246535666,
              -33.42817080931901
            ],
            [
              -70.53127592810705,
              -33.42684170109558
            ]
          ]
        ]
      },
      "properties": {
        "h3_index": "88b2c50a6dfffff",
        "resolucion": 8,
        "area_km2": 0.74,
        "res_nombre": "Barrio"
      }
    },
    {
      "type": "Feature",
      "geometry": {
        "type": "Polygon",
        "coordinates": [
          [
            [
              -70.58045219852546,
              -33.42203522135332
            ],
            [
              -70.58486444241872,
              -33.424953173904555
            ],
            [
              -70.58423160202729,
              -33.429202637902186
            ],
            [
              -70.57918640439912,
              -33.43053405828407
            ],
            [
              -70.5747743125551,
              -33.42761611943576
            ],
            [
              -70.57540726627602,
              -33.42336674651408
            ],
            [
              -70.58045219852546,
              -33.42203522135332
            ]
          ]
        ]
      },
      "properties": {
        "h3_index": "88b2c5569bfffff",
        "resolucion": 8,
        "area_km2": 0.74,
        "res_nombre": "Barrio"
      }
    },
    {
      "type": "Feature",
      "geometry": {
        "type": "Polygon",
        "coordinates": [
          [
            [
              -70.43670574606895,
              -33.47618693304569
            ],
            [
              -70.44111257275421,
              -33.47910693018833
            ],
            [
              -70.44047781479561,
              -33.4833498232118
            ],
            [
              -70.43543611757913,
              -33.4846726274764
            ],
            [
              -70.43102944505044,
              -33.48175264431215
            ],
            [
              -70.43166431556767,
              -33.47750984291631
            ],
            [
              -70.43670574606895,
              -33.47618693304569
            ]
          ]
        ]
      },
      "properties": {
        "h3_index": "88b2c50ad3fffff",
        "resolucion": 8,
        "area_km2": 0.74,
        "res_nombre": "Barrio"
      }
    },
    {
      "type": "Feature",
      "geometry": {
        "type": "Polygon",
        "coordinates": [
          [
            [
              -70.48404856259138,
              -33.38622034310357
            ],
            [
              -70.48845590131107,
              -33.389141650247076
            ],
            [
              -70.48782195767869,
              -33.39339147671165
            ],
            [
              -70.48278056256513,
              -33.39471990421815
            ],
            [
              -70.47837337721992,
              -33.39179861086135
            ],
            [
              -70.47900743359982,
              -33.38754887622272
            ],
            [
              -70.48404856259138,
              -33.38622034310357
            ]
          ]
        ]
      },
      "properties": {
        "h3_index": "88b2c5188dfffff",
        "resolucion": 8,
        "area_km2": 0.74,
        "res_nombre": "Barrio"
      }
    },
    {
      "type": "Feature",
      "geometry": {
        "type": "Polygon",
        "coordinates": [
          [
            [
              -70.49536971655147,
              -33.40773169218985
            ],
            [
              -70.49977793871992,
              -33.41065213158549
            ],
            [
              -70.49914408035431,
              -33.414900773614505
            ],
            [
              -70.49410188697469,
              -33.41622888461221
            ],
            [
              -70.4896938180467,
              -33.4133084590176
            ],
            [
              -70.49032778924385,
              -33.40905990863562
            ],
            [
              -70.49536971655147,
              -33.40773169218985
            ]
          ]
        ]
      },
      "properties": {
        "h3_index": "88b2c518a3fffff",
        "resolucion": 8,
        "area_km2": 0.74,
        "res_nombre": "Barrio"
      }
    },
    {
      "type": "Feature",
      "geometry": {
        "type": "Polygon",
        "coordinates": [
          [
            [
              -70.47079564250016,
              -33.41012190140134
            ],
            [
              -70.47520281545526,
              -33.41304287801259
            ],
            [
              -70.47456864712456,
              -33.417290850109644
            ],
            [
              -70.46952719313127,
              -33.41861775382935
            ],
            [
              -70.46512017376803,
              -33.41569679105686
            ],
            [
              -70.46575445479222,
              -33.411448910737306
            ],
            [
              -70.47079564250016,
              -33.41012190140134
            ]
          ]
        ]
      },
      "properties": {
        "h3_index": "88b2c518bbfffff",
        "resolucion": 8,
        "area_km2": 0.74,
        "res_nombre": "Barrio"
      }
    },
    {
      "type": "Feature",
      "geometry": {
        "type": "Polygon",
        "coordinates": [
          [
            [
              -70.5199477935892,
              -33.40533611629701
            ],
            [
              -70.52435706363192,
              -33.40825601783771
            ],
            [
              -70.52372351557408,
              -33.41250532950186
            ],
            [
              -70.51868058448994,
              -33.41383464812036
            ],
            [
              -70.51427146733593,
              -33.41091476034311
            ],
            [
              -70.51490512836335,
              -33.40666554019532
            ],
            [
              -70.5199477935892,
              -33.40533611629701
            ]
          ]
        ]
      },
      "properties": {
        "h3_index": "88b2c51999fffff",
        "resolucion": 8,
        "area_km2": 0.74,
        "res_nombre": "Barrio"
      }
    },
    {
      "type": "Feature",
      "geometry": {
        "type": "Polygon",
        "coordinates": [
          [
            [
              -70.50104559947611,
              -33.402153966081336
            ],
            [
              -70.50545397479762,
              -33.40507441926233
            ],
            [
              -70.50482020085596,
              -33.409323547830304
            ],
            [
              -70.49977793871992,
              -33.41065213158549
            ],
            [
              -70.49536971655147,
              -33.40773169218985
            ],
            [
              -70.496003603352,
              -33.40348265526508
            ],
            [
              -70.50104559947611,
              -33.402153966081336
            ]
          ]
        ]
      },
      "properties": {
        "h3_index": "88b2c518a1fffff",
        "resolucion": 8,
        "area_km2": 0.74,
        "res_nombre": "Barrio"
      }
    },
    {
      "type": "Feature",
      "geometry": {
        "type": "Polygon",
        "coordinates": [
          [
            [
              -70.49343851531852,
              -33.453125326983
            ],
            [
              -70.4978474559158,
              -33.45604456593372
            ],
            [
              -70.49721345803276,
              -33.46029016746884
            ],
            [
              -70.4921704066767,
              -33.46161643864464
            ],
            [
              -70.48776161940319,
              -33.45869721356048
            ],
            [
              -70.48839573014794,
              -33.45445170344538
            ],
            [
              -70.49343851531852,
              -33.453125326983
            ]
          ]
        ]
      },
      "properties": {
        "h3_index": "88b2c50a15fffff",
        "resolucion": 8,
        "area_km2": 0.74,
        "res_nombre": "Barrio"
      }
    },
    {
      "type": "Feature",
      "geometry": {
        "type": "Polygon",
        "coordinates": [
          [
            [
              -70.47273031462107,
              -33.36470284147887
            ],
            [
              -70.47713676985629,
              -33.36762501512014
            ],
            [
              -70.47650274107129,
              -33.37187602526406
            ],
            [
              -70.47146214437359,
              -33.37320476977303
            ],
            [
              -70.46705584264679,
              -33.370282609903846
            ],
            [
              -70.46768998409523,
              -33.36603169176499
            ],
            [
              -70.47273031462107,
              -33.36470284147887
            ]
          ]
        ]
      },
      "properties": {
        "h3_index": "88b2c518c9fffff",
        "resolucion": 8,
        "area_km2": 0.74,
        "res_nombre": "Barrio"
      }
    },
    {
      "type": "Feature",
      "geometry": {
        "type": "Polygon",
        "coordinates": [
          [
            [
              -70.51619883957132,
              -33.36548825224384
            ],
            [
              -70.52060723811668,
              -33.368409338998276
            ],
            [
              -70.51997374497992,
              -33.37266120290468
            ],
            [
              -70.51493174037174,
              -33.37399188832095
            ],
            [
              -70.51052349471938,
              -33.37107081527932
            ],
            [
              -70.5111571007682,
              -33.36681904312004
            ],
            [
              -70.51619883957132,
              -33.36548825224384
            ]
          ]
        ]
      },
      "properties": {
        "h3_index": "88b2c51839fffff",
        "resolucion": 8,
        "area_km2": 0.74,
        "res_nombre": "Barrio"
      }
    },
    {
      "type": "Feature",
      "geometry": {
        "type": "Polygon",
        "coordinates": [
          [
            [
              -70.50859512512898,
              -33.41649244510184
            ],
            [
              -70.51300408930683,
              -33.419412319099976
            ],
            [
              -70.5123703723038,
              -33.423660657673416
            ],
            [
              -70.50732757819398,
              -33.42498903073611
            ],
            [
              -70.5029187670797,
              -33.422069170532744
            ],
            [
              -70.50355259699768,
              -33.41782092348333
            ],
            [
              -70.50859512512898,
              -33.41649244510184
            ]
          ]
        ]
      },
      "properties": {
        "h3_index": "88b2c50a4dfffff",
        "resolucion": 8,
        "area_km2": 0.74,
        "res_nombre": "Barrio"
      }
    },
    {
      "type": "Feature",
      "geometry": {
        "type": "Polygon",
        "coordinates": [
          [
            [
              -70.601265865584,
              -33.412455688411754
            ],
            [
              -70.60567885899782,
              -33.41537339126132
            ],
            [
              -70.60504630139656,
              -33.419623919242014
            ],
            [
              -70.60000063692819,
              -33.42095665338034
            ],
            [
              -70.59558779525568,
              -33.41803896419201
            ],
            [
              -70.59622046629623,
              -33.413788527215566
            ],
            [
              -70.601265865584,
              -33.412455688411754
            ]
          ]
        ]
      },
      "properties": {
        "h3_index": "88b2c5568bfffff",
        "resolucion": 8,
        "area_km2": 0.74,
        "res_nombre": "Barrio"
      }
    },
    {
      "type": "Feature",
      "geometry": {
        "type": "Polygon",
        "coordinates": [
          [
            [
              -70.43861004876916,
              -33.46345618623191
            ],
            [
              -70.44301673460234,
              -33.46637648691015
            ],
            [
              -70.4423820326569,
              -33.470620262019956
            ],
            [
              -70.43734053230631,
              -33.47194364477925
            ],
            [
              -70.43293400058697,
              -33.469023358059204
            ],
            [
              -70.43356881509038,
              -33.464779674633064
            ],
            [
              -70.43861004876916,
              -33.46345618623191
            ]
          ]
        ]
      },
      "properties": {
        "h3_index": "88b2c50ad9fffff",
        "resolucion": 8,
        "area_km2": 0.74,
        "res_nombre": "Barrio"
      }
    },
    {
      "type": "Feature",
      "geometry": {
        "type": "Polygon",
        "coordinates": [
          [
            [
              -70.46321721872657,
              -33.428438669140796
            ],
            [
              -70.46762437911687,
              -33.43135932878579
            ],
            [
              -70.4669900704531,
              -33.43560593271745
            ],
            [
              -70.46194848871819,
              -33.43693178529028
            ],
            [
              -70.45754148204975,
              -33.43401113952026
            ],
            [
              -70.45817590338034,
              -33.42976462731383
            ],
            [
              -70.46321721872657,
              -33.428438669140796
            ]
          ]
        ]
      },
      "properties": {
        "h3_index": "88b2c50167fffff",
        "resolucion": 8,
        "area_km2": 0.74,
        "res_nombre": "Barrio"
      }
    },
    {
      "type": "Feature",
      "geometry": {
        "type": "Polygon",
        "coordinates": [
          [
            [
              -70.50482020085596,
              -33.409323547830304
            ],
            [
              -70.50922887060767,
              -33.41224371148921
            ],
            [
              -70.50859512512898,
              -33.41649244510184
            ],
            [
              -70.50355259699768,
              -33.41782092348333
            ],
            [
              -70.49914408035431,
              -33.414900773614505
            ],
            [
              -70.49977793871992,
              -33.41065213158549
            ],
            [
              -70.50482020085596,
              -33.409323547830304
            ]
          ]
        ]
      },
      "properties": {
        "h3_index": "88b2c518a7fffff",
        "resolucion": 8,
        "area_km2": 0.74,
        "res_nombre": "Barrio"
      }
    },
    {
      "type": "Feature",
      "geometry": {
        "type": "Polygon",
        "coordinates": [
          [
            [
              -70.55018460826541,
              -33.43002016853042
            ],
            [
              -70.55459565499612,
              -33.43293864726223
            ],
            [
              -70.55396241880682,
              -33.437186955936745
            ],
            [
              -70.54891802270848,
              -33.43851669468
            ],
            [
              -70.54450712846723,
              -33.435598229703864
            ],
            [
              -70.54514047782088,
              -33.43135001224022
            ],
            [
              -70.55018460826541,
              -33.43002016853042
            ]
          ]
        ]
      },
      "properties": {
        "h3_index": "88b2c519b7fffff",
        "resolucion": 8,
        "area_km2": 0.74,
        "res_nombre": "Barrio"
      }
    },
    {
      "type": "Feature",
      "geometry": {
        "type": "Polygon",
        "coordinates": [
          [
            [
              -70.44996210162225,
              -33.45231896358419
            ],
            [
              -70.4543690954211,
              -33.45523929213166
            ],
            [
              -70.45373456209558,
              -33.45948404084609
            ],
            [
              -70.44869292234438,
              -33.460808369347944
            ],
            [
              -70.44428608248472,
              -33.45788805472722
            ],
            [
              -70.44492072842301,
              -33.45364339768929
            ],
            [
              -70.44996210162225,
              -33.45231896358419
            ]
          ]
        ]
      },
      "properties": {
        "h3_index": "88b2c50135fffff",
        "resolucion": 8,
        "area_km2": 0.74,
        "res_nombre": "Barrio"
      }
    },
    {
      "type": "Feature",
      "geometry": {
        "type": "Polygon",
        "coordinates": [
          [
            [
              -70.49727132098074,
              -33.394983700077546
            ],
            [
              -70.50167940186806,
              -33.397904442641845
            ],
            [
              -70.50104559947611,
              -33.402153966081336
            ],
            [
              -70.496003603352,
              -33.40348265526508
            ],
            [
              -70.4915956756625,
              -33.400561926481345
            ],
            [
              -70.49222959088529,
              -33.39631249474469
            ],
            [
              -70.49727132098074,
              -33.394983700077546
            ]
          ]
        ]
      },
      "properties": {
        "h3_index": "88b2c518a9fffff",
        "resolucion": 8,
        "area_km2": 0.74,
        "res_nombre": "Barrio"
      }
    },
    {
      "type": "Feature",
      "geometry": {
        "type": "Polygon",
        "coordinates": [
          [
            [
              -70.47269817660577,
              -33.39737591942942
            ],
            [
              -70.47710520848914,
              -33.40029719898376
            ],
            [
              -70.47647109613686,
              -33.40454605243183
            ],
            [
              -70.4714298391944,
              -33.40587353450355
            ],
            [
              -70.46702296086016,
              -33.40295226876747
            ],
            [
              -70.46765718590527,
              -33.398703507152824
            ],
            [
              -70.47269817660577,
              -33.39737591942942
            ]
          ]
        ]
      },
      "properties": {
        "h3_index": "88b2c51883fffff",
        "resolucion": 8,
        "area_km2": 0.74,
        "res_nombre": "Barrio"
      }
    },
    {
      "type": "Feature",
      "geometry": {
        "type": "Polygon",
        "coordinates": [
          [
            [
              -70.48208470805157,
              -33.46426814052347
            ],
            [
              -70.4864933419139,
              -33.467187351725464
            ],
            [
              -70.48585917516803,
              -33.47143197974014
            ],
            [
              -70.48081626173881,
              -33.472757305136746
            ],
            [
              -70.47640778137506,
              -33.469838107832544
            ],
            [
              -70.47704206092796,
              -33.465593571245336
            ],
            [
              -70.48208470805157,
              -33.46426814052347
            ]
          ]
        ]
      },
      "properties": {
        "h3_index": "88b2c50ae9fffff",
        "resolucion": 8,
        "area_km2": 0.74,
        "res_nombre": "Barrio"
      }
    },
    {
      "type": "Feature",
      "geometry": {
        "type": "Polygon",
        "coordinates": [
          [
            [
              -70.49914408035431,
              -33.414900773614505
            ],
            [
              -70.50355259699768,
              -33.41782092348333
            ],
            [
              -70.5029187670797,
              -33.422069170532744
            ],
            [
              -70.49787630764476,
              -33.4233971761373
            ],
            [
              -70.49346794419712,
              -33.42047704007422
            ],
            [
              -70.49410188697469,
              -33.41622888461221
            ],
            [
              -70.49914408035431,
              -33.414900773614505
            ]
          ]
        ]
      },
      "properties": {
        "h3_index": "88b2c50a49fffff",
        "resolucion": 8,
        "area_km2": 0.74,
        "res_nombre": "Barrio"
      }
    },
    {
      "type": "Feature",
      "geometry": {
        "type": "Polygon",
        "coordinates": [
          [
            [
              -70.42539147932148,
              -33.454694154511905
            ],
            [
              -70.42979742109758,
              -33.45761501997152
            ],
            [
              -70.42916257834075,
              -33.46185909847403
            ],
            [
              -70.4241216813193,
              -33.46318221972196
            ],
            [
              -70.41971589383333,
              -33.46026136822728
            ],
            [
              -70.42035084906465,
              -33.45601738153111
            ],
            [
              -70.42539147932148,
              -33.454694154511905
            ]
          ]
        ]
      },
      "properties": {
        "h3_index": "88b2c501edfffff",
        "resolucion": 8,
        "area_km2": 0.74,
        "res_nombre": "Barrio"
      }
    },
    {
      "type": "Feature",
      "geometry": {
        "type": "Polygon",
        "coordinates": [
          [
            [
              -70.42729603631032,
              -33.44195985233284
            ],
            [
              -70.43170183735646,
              -33.44488102089909
            ],
            [
              -70.43106705060475,
              -33.44912598116643
            ],
            [
              -70.426026350319,
              -33.450449681016465
            ],
            [
              -70.42162070352022,
              -33.44752852639476
            ],
            [
              -70.42225560274582,
              -33.443283657989866
            ],
            [
              -70.42729603631032,
              -33.44195985233284
            ]
          ]
        ]
      },
      "properties": {
        "h3_index": "88b2c50115fffff",
        "resolucion": 8,
        "area_km2": 0.74,
        "res_nombre": "Barrio"
      }
    },
    {
      "type": "Feature",
      "geometry": {
        "type": "Polygon",
        "coordinates": [
          [
            [
              -70.50484813399285,
              -33.37665241928474
            ],
            [
              -70.50925622666483,
              -33.379573478597834
            ],
            [
              -70.50862256465774,
              -33.383824369721175
            ],
            [
              -70.50358069710722,
              -33.38515410978796
            ],
            [
              -70.49917275750302,
              -33.382233064219136
            ],
            [
              -70.49980653236756,
              -33.37798226485065
            ],
            [
              -70.50484813399285,
              -33.37665241928474
            ]
          ]
        ]
      },
      "properties": {
        "h3_index": "88b2c518edfffff",
        "resolucion": 8,
        "area_km2": 0.74,
        "res_nombre": "Barrio"
      }
    },
    {
      "type": "Feature",
      "geometry": {
        "type": "Polygon",
        "coordinates": [
          [
            [
              -70.570995468515,
              -33.42044851706785
            ],
            [
              -70.57540726627602,
              -33.42336674651408
            ],
            [
              -70.5747743125551,
              -33.42761611943576
            ],
            [
              -70.56972944778494,
              -33.428947171783186
            ],
            [
              -70.56531780220574,
              -33.42602895605073
            ],
            [
              -70.56595086920088,
              -33.4217796742685
            ],
            [
              -70.570995468515,
              -33.42044851706785
            ]
          ]
        ]
      },
      "properties": {
        "h3_index": "88b2c519a7fffff",
        "resolucion": 8,
        "area_km2": 0.74,
        "res_nombre": "Barrio"
      }
    },
    {
      "type": "Feature",
      "geometry": {
        "type": "Polygon",
        "coordinates": [
          [
            [
              -70.46134773009443,
              -33.40852765883528
            ],
            [
              -70.46575445479222,
              -33.411448910737306
            ],
            [
              -70.46512017376803,
              -33.41569679105686
            ],
            [
              -70.46007905539392,
              -33.41702332764497
            ],
            [
              -70.45567248441986,
              -33.414102089592774
            ],
            [
              -70.4563068780822,
              -33.40985430111402
            ],
            [
              -70.46134773009443,
              -33.40852765883528
            ]
          ]
        ]
      },
      "properties": {
        "h3_index": "88b2c51897fffff",
        "resolucion": 8,
        "area_km2": 0.74,
        "res_nombre": "Barrio"
      }
    },
    {
      "type": "Feature",
      "geometry": {
        "type": "Polygon",
        "coordinates": [
          [
            [
              -70.47640778137506,
              -33.469838107832544
            ],
            [
              -70.48081626173881,
              -33.472757305136746
            ],
            [
              -70.48018201057953,
              -33.4770014463499
            ],
            [
              -70.47513916626284,
              -33.478326298839114
            ],
            [
              -70.47073083948507,
              -33.475407115448334
            ],
            [
              -70.47136520342401,
              -33.4711630656663
            ],
            [
              -70.47640778137506,
              -33.469838107832544
            ]
          ]
        ]
      },
      "properties": {
        "h3_index": "88b2c50aebfffff",
        "resolucion": 8,
        "area_km2": 0.74,
        "res_nombre": "Barrio"
      }
    },
    {
      "type": "Feature",
      "geometry": {
        "type": "Polygon",
        "coordinates": [
          [
            [
              -70.59748575241599,
              -33.40528677142117
            ],
            [
              -70.60189845193126,
              -33.40820476498842
            ],
            [
              -70.601265865584,
              -33.412455688411754
            ],
            [
              -70.59622046629623,
              -33.413788527215566
            ],
            [
              -70.59180791856734,
              -33.41087054730485
            ],
            [
              -70.59244061832584,
              -33.40661971494523
            ],
            [
              -70.59748575241599,
              -33.40528677142117
            ]
          ]
        ]
      },
      "properties": {
        "h3_index": "88b2c556d5fffff",
        "resolucion": 8,
        "area_km2": 0.74,
        "res_nombre": "Barrio"
      }
    },
    {
      "type": "Feature",
      "geometry": {
        "type": "Polygon",
        "coordinates": [
          [
            [
              -70.48398723751623,
              -33.45153218840025
            ],
            [
              -70.48839573014794,
              -33.45445170344538
            ],
            [
              -70.48776161940319,
              -33.45869721356048
            ],
            [
              -70.48271890320639,
              -33.46002311715856
            ],
            [
              -70.47831056403058,
              -33.457103615991066
            ],
            [
              -70.47894478758167,
              -33.452858197359255
            ],
            [
              -70.48398723751623,
              -33.45153218840025
            ]
          ]
        ]
      },
      "properties": {
        "h3_index": "88b2c50a11fffff",
        "resolucion": 8,
        "area_km2": 0.74,
        "res_nombre": "Barrio"
      }
    }
  ]
}