{
"type": "FeatureCollection",
"name": "limite_comunal",
"crs": { "type": "name", "properties": { "name": "urn:ogc:def:crs:OGC:1.3:CRS84" } },
"features": [
{ "type": "Feature", "properties": { "cod_com": "13114", "nom_com": "LAS CONDES", "id": "1" }, "geometry": { "type": "Polygon", "coordinates": [ [ [ -70.479508491423701, -33.364331978170497 ], [ -70.479601874327003, -33.364312828006803 ], [ -70.4797303631657, -33.364284240357598 ], [ -70.479907910022007, -33.3642370313462 ], [ -70.480067780703493, -33.364217087081101 ], [ -70.480291088662796, -33.364214424188603 ], [ -70.480519845614396, -33.3642116965448 ], [ -70.4805372304088, -33.364211488801402 ], [ -70.480682449335504, -33.364218775108597 ], [ -70.480772931925202, -33.3642267143236 ], [ -70.480890583933302, -33.364252367485001 ], [ -70.481095293013297, -33.364316541307602 ], [ -70.481185164064001, -33.364344936501801 ], [ -70.481252418963905, -33.364357527909903 ], [ -70.481346908932693, -33.364364164007199 ], [ -70.481444962015402, -33.364362993989197 ], [ -70.481583464804999, -33.364370360336103 ], [ -70.481656821605, -33.364378502797898 ], [ -70.481793615682804, -33.364403925732802 ], [ -70.4819050416843, -33.3644386701407 ], [ -70.481982887899903, -33.364473814747001 ], [ -70.482055696113406, -33.364509021406498 ], [ -70.482183669640605, -33.364588659970899 ], [ -70.482383597924596, -33.364712534388197 ], [ -70.482510899658294, -33.364792181046603 ], [ -70.482627822316104, -33.364853915008403 ], [ -70.482743019175004, -33.364893122751603 ], [ -70.482764732406494, -33.364898747111702 ], [ -70.482836323837304, -33.364917289333697 ], [ -70.482842876297596, -33.364918986354297 ], [ -70.482943021203397, -33.364922299456801 ], [ -70.483124355104806, -33.364920132990001 ], [ -70.483194315165505, -33.364910660430802 ], [ -70.483270458065107, -33.364900349703603 ], [ -70.483446691011906, -33.364835112882403 ], [ -70.483582655914802, -33.364752320395503 ], [ -70.483828635782899, -33.364541950982499 ], [ -70.483936576012098, -33.364450475541197 ], [ -70.484047325723495, -33.364386020230903 ], [ -70.484201057632703, -33.3643210514076 ], [ -70.484302834807906, -33.364301796922597 ], [ -70.484360439982296, -33.364292090539799 ], [ -70.484481845760499, -33.3642816188339 ], [ -70.484578709040093, -33.364289478908603 ], [ -70.484681098653795, -33.364306291734202 ], [ -70.4847725237329, -33.364327326876797 ], [ -70.4848892035739, -33.3643593427417 ], [ -70.485052612188298, -33.364407505933897 ], [ -70.485187631903699, -33.364444870966302 ], [ -70.485353902160796, -33.364487633729603 ], [ -70.4854574842755, -33.3645084647261 ], [ -70.485598902667206, -33.364531831810801 ], [ -70.485748197321399, -33.3645460464951 ], [ -70.486343054788094, -33.364584747919999 ], [ -70.487913926686304, -33.364686949575301 ], [ -70.488110189333696, -33.364693615350298 ], [ -70.488173587940693, -33.364706178879302 ], [ -70.488174557409906, -33.364706371334201 ], [ -70.488261529046298, -33.364705329019998 ], [ -70.488655576893294, -33.364709622383401 ], [ -70.488837868572702, -33.3646848892284 ], [ -70.488958373230304, -33.364660897114902 ], [ -70.489092231920907, -33.364632234821997 ], [ -70.4892585111713, -33.364594166519801 ], [ -70.489356515690602, -33.364570443303499 ], [ -70.489407740174997, -33.364560809765798 ], [ -70.489410034345596, -33.364560323232503 ], [ -70.489475341313906, -33.3645464709751 ], [ -70.48956536435, -33.364527354086398 ], [ -70.4896481532396, -33.364517341034698 ], [ -70.489789782972096, -33.364511132115197 ], [ -70.489982120078807, -33.364504314354903 ], [ -70.490618977683695, -33.3644876499174 ], [ -70.491249120050796, -33.364471061922202 ], [ -70.491353294818694, -33.364474320166003 ], [ -70.491449899992901, -33.364486686743398 ], [ -70.491600799936904, -33.364511929814 ], [ -70.491783572753704, -33.364554826576203 ], [ -70.491895365678502, -33.364571519792001 ], [ -70.491980142069806, -33.364579520161001 ], [ -70.492076592560593, -33.3645828701356 ], [ -70.492234160078397, -33.364585485364103 ], [ -70.492465679747298, -33.364591720363897 ], [ -70.492610227779707, -33.364599001275103 ], [ -70.4927168307171, -33.3646067372433 ], [ -70.492802096339602, -33.364623748819199 ], [ -70.492940698054696, -33.3646761936836 ], [ -70.492941479565602, -33.364676324085302 ], [ -70.492991221967301, -33.364684605042797 ], [ -70.493085526675699, -33.364719545502901 ], [ -70.493226297555594, -33.364780981789103 ], [ -70.493375925858203, -33.364869368059097 ], [ -70.493662451660796, -33.365028255781603 ], [ -70.493931851673594, -33.365187349448902 ], [ -70.494007997271197, -33.365240545247197 ], [ -70.494077424933195, -33.365293821085203 ], [ -70.494143132099893, -33.365365178692201 ], [ -70.494257266859293, -33.3654990841477 ], [ -70.494413294737697, -33.365686597290903 ], [ -70.494515187925501, -33.365811630934203 ], [ -70.494805963924094, -33.366159856524398 ], [ -70.495075096838207, -33.366499321818502 ], [ -70.495149316088003, -33.366607927546099 ], [ -70.495257115123707, -33.366725358320799 ], [ -70.4952627952418, -33.366731544757201 ], [ -70.495359795218306, -33.366813322808802 ], [ -70.495362987811603, -33.366816015379001 ], [ -70.495428492630793, -33.366855810379498 ], [ -70.495550800429001, -33.366917466999702 ], [ -70.495635215292907, -33.3669435050709 ], [ -70.495724848922606, -33.366960462687402 ], [ -70.4958257447623, -33.3669682652055 ], [ -70.495930335916199, -33.366976022757399 ], [ -70.496026041768303, -33.366974869826599 ], [ -70.496162533673996, -33.366982243368 ], [ -70.496494802593006, -33.366987256189098 ], [ -70.496799817557502, -33.367006104180497 ], [ -70.496800102642595, -33.367006122166998 ], [ -70.496800168293106, -33.367006123066297 ], [ -70.497036058667106, -33.367008312915502 ], [ -70.497346537013001, -33.367011195242704 ], [ -70.497424429993401, -33.367011645802997 ], [ -70.497785262280004, -33.367013733129497 ], [ -70.497843101278093, -33.367014068576601 ], [ -70.498268327721107, -33.367022146287198 ], [ -70.4983049705979, -33.367022842362402 ], [ -70.498413750793901, -33.367024909004499 ], [ -70.498521687425907, -33.367034520059299 ], [ -70.498710175434198, -33.367051303207298 ], [ -70.498712787065401, -33.367051535232399 ], [ -70.499030057990794, -33.367132906790403 ], [ -70.499060843582996, -33.367140802838001 ], [ -70.499199775349297, -33.367178745235101 ], [ -70.499219280745194, -33.367184071919603 ], [ -70.499342298108601, -33.367217666993902 ], [ -70.499388641072898, -33.367230323153102 ], [ -70.499412274356899, -33.367236778486699 ], [ -70.4995027479534, -33.367286763705401 ], [ -70.499840336362396, -33.367453745326301 ], [ -70.499935209442299, -33.367500671950602 ], [ -70.500034051230401, -33.367549561795002 ], [ -70.500162907891806, -33.367615204210502 ], [ -70.500197520998796, -33.367632836318499 ], [ -70.500370037946894, -33.367718369938999 ], [ -70.500532063403995, -33.367798701880801 ], [ -70.500829641874404, -33.367946241058398 ], [ -70.500832192351794, -33.3679475055052 ], [ -70.500871909111297, -33.3679671970607 ], [ -70.500955013662903, -33.368008401298901 ], [ -70.500991446997702, -33.368026464182201 ], [ -70.501078092180194, -33.368067394127102 ], [ -70.501513212065007, -33.3682729422747 ], [ -70.501536173555493, -33.3682837889979 ], [ -70.501573224724496, -33.3683012925028 ], [ -70.501612507111503, -33.368321816830601 ], [ -70.501666998832903, -33.368350290265901 ], [ -70.5017060240137, -33.368370682393198 ], [ -70.501823402627906, -33.368432016156802 ], [ -70.501969404864099, -33.368508304746598 ], [ -70.502204726866594, -33.368601963741803 ], [ -70.502213154413496, -33.368605318213099 ], [ -70.502286180262999, -33.368634382502897 ], [ -70.502341529937596, -33.368656412295799 ], [ -70.502491634880997, -33.368716522082003 ], [ -70.502678190246201, -33.368801830872002 ], [ -70.502681678716399, -33.368803426269302 ], [ -70.502829725111695, -33.368871125434197 ], [ -70.502910482432796, -33.368908054295403 ], [ -70.503030519442902, -33.368962071174799 ], [ -70.503062866258205, -33.368977160899398 ], [ -70.503217790668501, -33.369049433116999 ], [ -70.503247838816705, -33.369063450849801 ], [ -70.503380731635403, -33.369125444715699 ], [ -70.503656678712701, -33.369254172773999 ], [ -70.503766629826103, -33.369305464707601 ], [ -70.503772741618704, -33.369308316457797 ], [ -70.503777650118394, -33.369310606131698 ], [ -70.504283343401497, -33.369546510894899 ], [ -70.504408467876402, -33.369587532570698 ], [ -70.504409092006, -33.369587736716802 ], [ -70.504467358181998, -33.3696068401158 ], [ -70.504478025940102, -33.369610337579203 ], [ -70.504502902986502, -33.369618493530801 ], [ -70.504566846582705, -33.369639455828398 ], [ -70.504630841440104, -33.369663896703599 ], [ -70.504734819256399, -33.369703608966503 ], [ -70.504831877689, -33.369740678122 ], [ -70.504856822184493, -33.369750351229897 ], [ -70.504978164110895, -33.369797406457302 ], [ -70.505002068090903, -33.369807220758801 ], [ -70.505108697108696, -33.369851002453998 ], [ -70.505213762205301, -33.369894141133798 ], [ -70.505235691274095, -33.369903145146203 ], [ -70.505245628782703, -33.369906083231299 ], [ -70.505321538757997, -33.369928524913597 ], [ -70.5055067316503, -33.369983276539102 ], [ -70.505596019940398, -33.370009673439803 ], [ -70.505632795916796, -33.370020545343998 ], [ -70.505673049571598, -33.370032446072699 ], [ -70.505832702617099, -33.370074289728898 ], [ -70.505909081139094, -33.370094307738299 ], [ -70.505940599678894, -33.370096926564102 ], [ -70.506067976056201, -33.3701176181657 ], [ -70.506110450137101, -33.370124517764502 ], [ -70.506258985763594, -33.370148647474203 ], [ -70.506323523811503, -33.3701538032876 ], [ -70.506747268171907, -33.370187659165303 ], [ -70.506772270224104, -33.370189657458901 ], [ -70.506812540066605, -33.370192874333902 ], [ -70.506837635648296, -33.370193713401299 ], [ -70.5068978020918, -33.370195723386097 ], [ -70.506921581066095, -33.370196518386798 ], [ -70.507209642011304, -33.370206142931302 ], [ -70.507318213564602, -33.3702097707965 ], [ -70.507335038980798, -33.370210349959798 ], [ -70.507377629973604, -33.3702118167541 ], [ -70.507798606220703, -33.370250127873199 ], [ -70.507889008770704, -33.370258354871297 ], [ -70.507889210218806, -33.370258372857798 ], [ -70.508052633222405, -33.370273244946503 ], [ -70.508192463411405, -33.370293439222998 ], [ -70.508251965255994, -33.370302032245199 ], [ -70.508338694974796, -33.370314558002597 ], [ -70.508702985154599, -33.370367168342298 ], [ -70.508745423262596, -33.370373297222102 ], [ -70.508851589129506, -33.370388629763603 ], [ -70.508977258593603, -33.370406778981803 ], [ -70.509053152381099, -33.370417739918899 ], [ -70.509182354382105, -33.3704363990527 ], [ -70.509250505006804, -33.370446241233203 ], [ -70.5093027466244, -33.370453786545198 ], [ -70.509578863673596, -33.370493662484698 ], [ -70.509612377808907, -33.370498501736598 ], [ -70.509719542822594, -33.370513979069003 ], [ -70.509807179957406, -33.370525799757999 ], [ -70.509932435733305, -33.370542695321298 ], [ -70.510015560969407, -33.370556057448297 ], [ -70.510127099386096, -33.3705739872319 ], [ -70.510140603605905, -33.370576158195298 ], [ -70.510196572014095, -33.370585155013003 ], [ -70.510433870726501, -33.370623299757703 ], [ -70.510724744751101, -33.370670057309397 ], [ -70.510881597307801, -33.370698070291901 ], [ -70.510935750884101, -33.3707077425005 ], [ -70.511028210183696, -33.370724254952599 ], [ -70.5111289090718, -33.370742240494202 ], [ -70.511335595761096, -33.370775751931603 ], [ -70.511381602379004, -33.370783210908598 ], [ -70.511448511939307, -33.370794059430402 ], [ -70.511467716961505, -33.3707971728834 ], [ -70.511469160373395, -33.370797406707098 ], [ -70.511488645084896, -33.370801961773303 ], [ -70.511659465012301, -33.370841896168699 ], [ -70.511835377800395, -33.370883020367302 ], [ -70.512053011936899, -33.370933896814002 ], [ -70.512368293561806, -33.371007602550897 ], [ -70.5124562256742, -33.371028158355003 ], [ -70.512469895369406, -33.371031352746897 ], [ -70.512754021780694, -33.371110924761503 ], [ -70.512797373599895, -33.371123457713601 ], [ -70.512803827134903, -33.371125323806801 ], [ -70.512896825128294, -33.371152210837998 ], [ -70.512925403784294, -33.371160472909601 ], [ -70.513034628245506, -33.371192049905297 ], [ -70.513253532224695, -33.371255336097001 ], [ -70.513698892689703, -33.371384092933702 ], [ -70.513897906363198, -33.371446906981298 ], [ -70.514068548224898, -33.371504135339698 ], [ -70.514260494126503, -33.371567034822903 ], [ -70.514928414314895, -33.371766469379203 ], [ -70.515011922661998, -33.371793320437497 ], [ -70.515289671980696, -33.371882626713997 ], [ -70.515568396164497, -33.371963434397102 ], [ -70.515785964650505, -33.372020609695497 ], [ -70.515853209657806, -33.372038982844899 ], [ -70.515934517364002, -33.3720611969988 ], [ -70.515952779896907, -33.372066187336799 ], [ -70.516022535811302, -33.372085245769597 ], [ -70.516239755360402, -33.372176986510802 ], [ -70.516292979937006, -33.3721994650654 ], [ -70.516350101276103, -33.372223589379303 ], [ -70.516585782108095, -33.3723223133562 ], [ -70.517019867772703, -33.372504148179999 ], [ -70.5171106480379, -33.372540566226299 ], [ -70.517423021255397, -33.372665880458101 ], [ -70.517490092693606, -33.372693390719597 ], [ -70.5175013594002, -33.372698012335498 ], [ -70.517622779567603, -33.372747814092499 ], [ -70.517623891129602, -33.372748270048703 ], [ -70.517661987310802, -33.372764947976101 ], [ -70.517670738613702, -33.3727683878829 ], [ -70.517723143907901, -33.372788982357797 ], [ -70.517723187974696, -33.372789000344198 ], [ -70.517723223947598, -33.372789014733399 ], [ -70.517725415595393, -33.372789954524897 ], [ -70.517734570693804, -33.372793965501302 ], [ -70.517743715000407, -33.372797971081603 ], [ -70.517788779128793, -33.372817714797897 ], [ -70.517789306131505, -33.3728179459236 ], [ -70.517789834033593, -33.372818177948702 ], [ -70.517872594144904, -33.372854460197303 ], [ -70.518032265176899, -33.372924493103 ], [ -70.518292206120407, -33.373038449796702 ], [ -70.518311129654904, -33.373046737948698 ], [ -70.518361228188098, -33.373071274152103 ], [ -70.518516843277695, -33.373147488997503 ], [ -70.518520444163102, -33.373149167132503 ], [ -70.518536099561302, -33.373156461533597 ], [ -70.518676875837102, -33.373222051788296 ], [ -70.518760582035199, -33.373261051788198 ], [ -70.518773758002496, -33.373267067353403 ], [ -70.518815732959695, -33.373286227409601 ], [ -70.518845650706197, -33.373299884514203 ], [ -70.518861473378294, -33.3733071060702 ], [ -70.518943135417302, -33.373344382969002 ], [ -70.5190794483578, -33.373401305557898 ], [ -70.519096391585194, -33.373408380524403 ], [ -70.519303855288598, -33.373495013116397 ], [ -70.5193039856903, -33.373495067075801 ], [ -70.519304026159801, -33.373495084162897 ], [ -70.519304138575094, -33.373495130927701 ], [ -70.5193853248728, -33.3735290335702 ], [ -70.5193857529501, -33.373529212535203 ], [ -70.519501139565904, -33.373577395512498 ], [ -70.519523189143797, -33.373586601872297 ], [ -70.519532022285006, -33.373590642526302 ], [ -70.519534966665304, -33.373591988811299 ], [ -70.519914798928795, -33.373765714448297 ], [ -70.519944134813997, -33.373779132333198 ], [ -70.519992839398, -33.373801808738598 ], [ -70.519995337714604, -33.3738029679647 ], [ -70.519995803563504, -33.373803183802103 ], [ -70.519997369283104, -33.373803923944003 ], [ -70.520202667419099, -33.3738995353674 ], [ -70.520203621599805, -33.373899980531803 ], [ -70.5202037106327, -33.373900021001297 ], [ -70.520203780779795, -33.373900054276199 ], [ -70.520206490437104, -33.373901316024998 ], [ -70.520263815023, -33.373927569034201 ], [ -70.520312219233503, -33.373949736423299 ], [ -70.520395820210894, -33.373988022361502 ], [ -70.520435650284995, -33.3740062624112 ], [ -70.520437875207705, -33.374007281343097 ], [ -70.520441096579304, -33.374008757130497 ], [ -70.520443064295904, -33.374009658251197 ], [ -70.520450543957395, -33.374013082869602 ], [ -70.5204505826283, -33.374013100855997 ], [ -70.520450636587597, -33.374013126036999 ], [ -70.520468596948106, -33.374021393504599 ], [ -70.520537770101996, -33.374053161156503 ], [ -70.520585237218896, -33.374074960723 ], [ -70.520595108177602, -33.374079171348797 ], [ -70.520596957183798, -33.374079959154898 ], [ -70.520602333330999, -33.374082252426099 ], [ -70.520605228248698, -33.3740834871953 ], [ -70.5206279154459, -33.3740931621019 ], [ -70.520629870571995, -33.3740939957734 ], [ -70.520669370594902, -33.374110264509298 ], [ -70.520689734843401, -33.374118650687301 ], [ -70.520693638800395, -33.374120324325602 ], [ -70.521368999079996, -33.3744414074771 ], [ -70.521463143709099, -33.374479558516903 ], [ -70.522513393578194, -33.3749051500847 ], [ -70.522799063226202, -33.375020909019803 ], [ -70.523939346023994, -33.3754829671972 ], [ -70.524269694890506, -33.375616824988597 ], [ -70.5243846138588, -33.375670322059797 ], [ -70.524507513410995, -33.375728645792499 ], [ -70.524661226434404, -33.375807141318603 ], [ -70.524764743797803, -33.375868964313298 ], [ -70.524813025700595, -33.375897799276103 ], [ -70.524924465191901, -33.375960382198002 ], [ -70.524991390040597, -33.375997965765599 ], [ -70.525156099074707, -33.376087980707801 ], [ -70.525160279123597, -33.376090265885203 ], [ -70.525297173925395, -33.376165080486203 ], [ -70.525379457395999, -33.376210049286399 ], [ -70.525406717645893, -33.376224947455398 ], [ -70.525503561140397, -33.3762778725578 ], [ -70.525555432237397, -33.376306520461597 ], [ -70.525606357247597, -33.376334645859302 ], [ -70.525642047742295, -33.376354358099199 ], [ -70.525642500101199, -33.376354561345998 ], [ -70.525642651187397, -33.376354628795099 ], [ -70.525648298929795, -33.376357172077903 ], [ -70.525652264940007, -33.376358957232199 ], [ -70.525753702171599, -33.376404619409698 ], [ -70.525849057288099, -33.376448625935403 ], [ -70.525849226360705, -33.376448704176497 ], [ -70.525849395433198, -33.376448782417498 ], [ -70.525892883050105, -33.376468851688202 ], [ -70.525993452435799, -33.376515265698998 ], [ -70.525999155036899, -33.376518159717399 ], [ -70.526020801718602, -33.376529143137503 ], [ -70.526082158864497, -33.376560273170099 ], [ -70.526094857291795, -33.376566897576303 ], [ -70.526174172100298, -33.376608268189102 ], [ -70.526190054127696, -33.3766166040051 ], [ -70.526190105389006, -33.376616630984799 ], [ -70.526190156650401, -33.376616657964497 ], [ -70.526237395339507, -33.376641718472598 ], [ -70.526336604050996, -33.3766943467988 ], [ -70.526351712661395, -33.376702106149402 ], [ -70.526366459744295, -33.376709679340301 ], [ -70.526427464355905, -33.376741007223799 ], [ -70.526471571605697, -33.376763658448098 ], [ -70.526478132159994, -33.376767054288202 ], [ -70.526503574880095, -33.3767803192884 ], [ -70.526520935392796, -33.376789369166097 ], [ -70.526520992050095, -33.376789398843698 ], [ -70.5265210496067, -33.376789429420697 ], [ -70.526546227026699, -33.376802516355099 ], [ -70.526567760393803, -33.376813708417998 ], [ -70.5266111895547, -33.376836282300701 ], [ -70.526612924346907, -33.376837400157903 ], [ -70.526621671153194, -33.376843038907197 ], [ -70.526876172097602, -33.377007103127397 ], [ -70.527121132134496, -33.377164154434297 ], [ -70.527152094893196, -33.3771865628417 ], [ -70.527186851891699, -33.3772117177787 ], [ -70.527201053086102, -33.377221996130302 ], [ -70.527408748814693, -33.377372314212998 ], [ -70.527411695892994, -33.377374469887897 ], [ -70.527504931307504, -33.377442679867897 ], [ -70.527639287323197, -33.377568599343398 ], [ -70.527677429369803, -33.3776054553595 ], [ -70.527753378015902, -33.377678841837103 ], [ -70.527954516787503, -33.377880732441902 ], [ -70.527954743416601, -33.377880959071 ], [ -70.528051821634193, -33.377978399715403 ], [ -70.528106939283802, -33.378048656552302 ], [ -70.528112497094, -33.378055741411401 ], [ -70.528128347645094, -33.378075945580498 ], [ -70.528220543443297, -33.378193462690199 ], [ -70.528413999306593, -33.378432982728 ], [ -70.528677397244095, -33.378759098485702 ], [ -70.528679566408798, -33.378760871049401 ], [ -70.528699329010806, -33.378781974540502 ], [ -70.528900119744705, -33.378996388204797 ], [ -70.528900548721296, -33.378996854053597 ], [ -70.529145187700195, -33.379262799770501 ], [ -70.529389346441107, -33.379500144348199 ], [ -70.529854522568101, -33.379934365810399 ], [ -70.5301048380678, -33.3801670644905 ], [ -70.530474745413102, -33.380510936462599 ], [ -70.530636578415297, -33.3806617212934 ], [ -70.530730258994197, -33.380749005893897 ], [ -70.531307480755601, -33.381286822061199 ], [ -70.531363920408594, -33.381342774281698 ], [ -70.531453503676204, -33.381431585031699 ], [ -70.531564301051603, -33.381541426427702 ], [ -70.531580898939296, -33.381557881323197 ], [ -70.531595243125906, -33.3815721014033 ], [ -70.531604609564994, -33.381581386903498 ], [ -70.531620984420798, -33.381597618767103 ], [ -70.531621059064605, -33.381597694310202 ], [ -70.531643140118803, -33.381619583808799 ], [ -70.531657855725399, -33.381634173510299 ], [ -70.531666430761106, -33.381642673902299 ], [ -70.531674795355499, -33.3816509665509 ], [ -70.531812123630601, -33.3817871095195 ], [ -70.531883966871504, -33.3818583313289 ], [ -70.531940461383201, -33.381914338408002 ], [ -70.531958697835606, -33.3819314597011 ], [ -70.532050107626304, -33.382017284702002 ], [ -70.532053131147094, -33.382020122962302 ], [ -70.532054714853203, -33.382021611340299 ], [ -70.532073511583206, -33.382039258736803 ], [ -70.532106390797296, -33.382070128865301 ], [ -70.532120120746896, -33.382083731111301 ], [ -70.532127422342597, -33.382096505981004 ], [ -70.532130909913505, -33.3821026087804 ], [ -70.532131613183395, -33.3821038399523 ], [ -70.532136921881403, -33.382109103684201 ], [ -70.532163268420007, -33.3821348629656 ], [ -70.532203882703001, -33.382174573429801 ], [ -70.532233781563704, -33.3822414137423 ], [ -70.532242368290596, -33.3822606097714 ], [ -70.532245184068003, -33.382266903226999 ], [ -70.532255584727395, -33.382290156097902 ], [ -70.532260840365396, -33.382301903941702 ], [ -70.532273155681494, -33.382329436686099 ], [ -70.532278234153097, -33.382340787929003 ], [ -70.532286379312893, -33.3823589983012 ], [ -70.532295305983595, -33.382378955156597 ], [ -70.532304245244703, -33.382398938991798 ], [ -70.532311680839399, -33.382406618302802 ], [ -70.532325353232395, -33.382420734960903 ], [ -70.532334752946397, -33.3824304413438 ], [ -70.532491680146904, -33.382592482988699 ], [ -70.532580390172797, -33.3826884568388 ], [ -70.532584757280702, -33.382693180977597 ], [ -70.532710127270505, -33.382828814929901 ], [ -70.532860189046502, -33.382991163243602 ], [ -70.533008115831805, -33.383151202098297 ], [ -70.533038276395303, -33.383183831300798 ], [ -70.533065584309199, -33.383213374929298 ], [ -70.533077771921597, -33.383226560789097 ], [ -70.533170510910296, -33.383323641704699 ], [ -70.533210277132497, -33.383365047391003 ], [ -70.5332305379589, -33.383386143687602 ], [ -70.533260176016299, -33.383417003923597 ], [ -70.533336973622397, -33.3834969680426 ], [ -70.533567164992604, -33.383736649958401 ], [ -70.533682502145695, -33.3838567427265 ], [ -70.533782968109406, -33.383961350967603 ], [ -70.533847466587204, -33.384028508740698 ], [ -70.5338920333906, -33.3839977744097 ], [ -70.5338926080574, -33.383997377808697 ], [ -70.533948962274707, -33.3839585145058 ], [ -70.533954518286393, -33.383954682494497 ], [ -70.533984755292195, -33.383933829015 ], [ -70.533986474795896, -33.383932642809199 ], [ -70.534060987224706, -33.383881256446799 ], [ -70.534069580246907, -33.383875329914602 ], [ -70.534091167573294, -33.383860627797702 ], [ -70.534119283977802, -33.383841480332002 ], [ -70.534143497324493, -33.383824990363003 ], [ -70.534204874255494, -33.383799741896503 ], [ -70.534227797075104, -33.383790313404198 ], [ -70.534232757735495, -33.383788271943203 ], [ -70.534278168103, -33.383769593024297 ], [ -70.534279821956204, -33.383768913136798 ], [ -70.534293738964806, -33.383763188052697 ], [ -70.5343109897603, -33.383753329684403 ], [ -70.534341226766202, -33.383736051909203 ], [ -70.534394018768893, -33.383705884151198 ], [ -70.534397839988301, -33.3837037014966 ], [ -70.534408801824696, -33.383696045568101 ], [ -70.534418831963507, -33.383689039849301 ], [ -70.5344275868636, -33.383682925358698 ], [ -70.534444820572006, -33.383670888832398 ], [ -70.5344534549629, -33.383664858878099 ], [ -70.534489780379005, -33.383639489003201 ], [ -70.534493793153999, -33.383636685816398 ], [ -70.5344946259262, -33.383636103954998 ], [ -70.534499048792, -33.383633014783797 ], [ -70.534516441680395, -33.383620868540199 ], [ -70.534525782039196, -33.383614344858103 ], [ -70.534548915300107, -33.383598189436903 ], [ -70.534571875891302, -33.383582152726099 ], [ -70.534600206334403, -33.383560819907899 ], [ -70.534635107224403, -33.383535718930297 ], [ -70.534640353869193, -33.383532472377702 ], [ -70.534642156110607, -33.383531357218402 ], [ -70.534645105886895, -33.383529532493903 ], [ -70.534649845314107, -33.383526599804703 ], [ -70.534651697917496, -33.383525453169099 ], [ -70.534655711591796, -33.383522969241596 ], [ -70.534655934623601, -33.383523409010103 ], [ -70.534662880087794, -33.383537126369298 ], [ -70.534665320847907, -33.383541946735399 ], [ -70.534670946107198, -33.383553054262002 ], [ -70.534671302238806, -33.383591677445999 ], [ -70.534671531565905, -33.383616584169999 ], [ -70.534672275305198, -33.383697113962597 ], [ -70.534679385345299, -33.383763853551002 ], [ -70.534681703797602, -33.383785616245198 ], [ -70.534686162636305, -33.383827465297301 ], [ -70.534689164573294, -33.383855637459703 ], [ -70.5346913202482, -33.383875864111801 ], [ -70.534693834752701, -33.3838994722149 ], [ -70.534713655810506, -33.3839304124905 ], [ -70.534780202044701, -33.384034288683402 ], [ -70.534785973893506, -33.384039074875403 ], [ -70.534824820109407, -33.384071284094503 ], [ -70.535031719038599, -33.384192145782897 ], [ -70.535056541226396, -33.384204358576199 ], [ -70.535314554023401, -33.384331294285801 ], [ -70.535346744356701, -33.384347131346999 ], [ -70.535594789068199, -33.384440195890299 ], [ -70.535625316555098, -33.384451650555199 ], [ -70.535650854603205, -33.384461231932299 ], [ -70.535749657720501, -33.384498301987001 ], [ -70.535784498355895, -33.384511374532302 ], [ -70.535829426686604, -33.384528231424703 ], [ -70.535843615290602, -33.384532943872301 ], [ -70.536192895785504, -33.384627586725699 ], [ -70.536210357921604, -33.384634266889897 ], [ -70.536236531790493, -33.384644279941497 ], [ -70.536386180777598, -33.384701528085003 ], [ -70.5365399756393, -33.384760363531903 ], [ -70.536547434616395, -33.384763216181398 ], [ -70.536802094740807, -33.384880385253503 ], [ -70.536920187416698, -33.384934718694304 ], [ -70.537076503977502, -33.385006641075599 ], [ -70.537108745572098, -33.385021475392698 ], [ -70.537118579658696, -33.385025999881996 ], [ -70.537247803243503, -33.385085454961697 ], [ -70.537289506605404, -33.385104642896898 ], [ -70.537652830014096, -33.3852718079795 ], [ -70.537737590217603, -33.385310806180797 ], [ -70.537898648903493, -33.385384909418001 ], [ -70.538052024681207, -33.385455477420301 ], [ -70.538118432419694, -33.385475608744301 ], [ -70.538160976647703, -33.385488506821098 ], [ -70.538163807713502, -33.385489364774301 ], [ -70.538172300910901, -33.385491940432701 ], [ -70.538224297913004, -33.385512801106799 ], [ -70.538263888767403, -33.385528684932801 ], [ -70.538291772247504, -33.385539872499102 ], [ -70.538571259955603, -33.385652005367703 ], [ -70.538679798234099, -33.385695551440499 ], [ -70.538680239801195, -33.385695727707599 ], [ -70.538683027699506, -33.385696849162201 ], [ -70.538685058368699, -33.385697663048603 ], [ -70.538686635779598, -33.385698297070697 ], [ -70.538693226910894, -33.385700940178197 ], [ -70.538700299179396, -33.385703775740602 ], [ -70.538700581566601, -33.385703889954499 ], [ -70.538700971872302, -33.385704047335899 ], [ -70.538701024932294, -33.385704068020303 ], [ -70.538701101374699, -33.385704097697896 ], [ -70.538701185910995, -33.385704132771401 ], [ -70.538706864230306, -33.385706418848102 ], [ -70.538707162805295, -33.385706539357201 ], [ -70.538720497053205, -33.385711909209199 ], [ -70.538721899995707, -33.385712489271903 ], [ -70.538724488244497, -33.385713614323798 ], [ -70.538726491034694, -33.385714483968201 ], [ -70.538728203343894, -33.3857152277076 ], [ -70.538729614380102, -33.385715841045197 ], [ -70.538844391255594, -33.385765723741102 ], [ -70.539094516098999, -33.385874431092098 ], [ -70.5390945565685, -33.3858744490785 ], [ -70.539122842045501, -33.385886740112902 ], [ -70.540006541069005, -33.386270700264603 ], [ -70.540120725291203, -33.386319444418803 ], [ -70.540178388921404, -33.3863503936876 ], [ -70.540194786260301, -33.386359928300003 ], [ -70.540228498246606, -33.386379528124699 ], [ -70.540235065096098, -33.3863833457468 ], [ -70.540241632844996, -33.386387165167498 ], [ -70.540342666281006, -33.3864459061856 ], [ -70.540364783308107, -33.3864587646922 ], [ -70.540462130422995, -33.386530259895501 ], [ -70.540928724780798, -33.386872943863203 ], [ -70.540936869940495, -33.3868789261535 ], [ -70.540962833367999, -33.386897994478801 ], [ -70.5410731343176, -33.386943767272903 ], [ -70.541128448918798, -33.386966722468202 ], [ -70.5411763656967, -33.386986607377899 ], [ -70.541179141903896, -33.3869877594095 ], [ -70.541237705755506, -33.3870120617892 ], [ -70.541459132333003, -33.387100957974802 ], [ -70.541594547750194, -33.3871553228918 ], [ -70.541653807677093, -33.387179114456501 ], [ -70.542530500082506, -33.3875320830711 ], [ -70.543507653955004, -33.3879231478669 ], [ -70.543508438163798, -33.387923481515401 ], [ -70.543517588765695, -33.387927451122899 ], [ -70.543783128888293, -33.388042660572196 ], [ -70.544113318574801, -33.388160708282001 ], [ -70.544114513773806, -33.388161135459903 ], [ -70.544133034411999, -33.388167229266202 ], [ -70.544334449275397, -33.388233505703703 ], [ -70.544679806028199, -33.388347148534002 ], [ -70.5448230779227, -33.3883927585509 ], [ -70.544934538098403, -33.388428242201499 ], [ -70.545034220752697, -33.388459976578602 ], [ -70.545920787714095, -33.388747910719403 ], [ -70.5459209990548, -33.388747979067901 ], [ -70.545921211294896, -33.388748048315698 ], [ -70.545934279343498, -33.388752293115701 ], [ -70.545947570424005, -33.388756572989401 ], [ -70.5459477871606, -33.388756643136503 ], [ -70.545979859682703, -33.388766976346801 ], [ -70.545979900152204, -33.388766988937299 ], [ -70.545979940621706, -33.388767002427102 ], [ -70.546185969906603, -33.388833150261597 ], [ -70.546678666187503, -33.389017621897601 ], [ -70.546813071665895, -33.389067945261402 ], [ -70.546813464669597, -33.389068091850902 ], [ -70.546817242721502, -33.389069506484397 ], [ -70.546820441610095, -33.389070703482098 ], [ -70.546821994739204, -33.389071285343398 ], [ -70.5472047039339, -33.3892145680298 ], [ -70.547211247401094, -33.389217514208802 ], [ -70.547279093155595, -33.389247962555402 ], [ -70.547602169204694, -33.389392953953603 ], [ -70.547679992937304, -33.389428407926601 ], [ -70.547680028910193, -33.389428425013698 ], [ -70.547745916840498, -33.389458443484301 ], [ -70.547760523629194, -33.389465098467397 ], [ -70.547958602007796, -33.389551249922199 ], [ -70.547996777329402, -33.389567854105103 ], [ -70.548044804723901, -33.389588743557603 ], [ -70.548044831703606, -33.389588755248802 ], [ -70.548140273155099, -33.389630266155798 ], [ -70.548149296053097, -33.3896337717131 ], [ -70.548152609155494, -33.3896350595423 ], [ -70.548154424886803, -33.3896357655101 ], [ -70.548166169133395, -33.389640326871501 ], [ -70.548175265775896, -33.389643862106396 ], [ -70.548197402588002, -33.389652463222497 ], [ -70.548200792132803, -33.389653779829999 ], [ -70.548227626103994, -33.389664521332499 ], [ -70.548241453180495, -33.389670054861099 ], [ -70.548407885315598, -33.389736671242296 ], [ -70.548407952764805, -33.389736698221903 ], [ -70.548408021113204, -33.389736726100899 ], [ -70.548408246843096, -33.389736816932498 ], [ -70.548408556209793, -33.389736941938203 ], [ -70.548408819711199, -33.389737048058201 ], [ -70.548437435239407, -33.389748594453998 ], [ -70.548437707733996, -33.389748669097699 ], [ -70.548442066747995, -33.389750331044802 ], [ -70.548447621860205, -33.389752449847599 ], [ -70.548449594073503, -33.389753202580103 ], [ -70.548460698902105, -33.389757438387001 ], [ -70.548460749264095, -33.389757457272701 ], [ -70.5484608212099, -33.389757485151698 ], [ -70.548461564049902, -33.389757770236798 ], [ -70.548462626149202, -33.389758176730403 ], [ -70.548462946307893, -33.389758299937498 ], [ -70.548481082935595, -33.389765257092797 ], [ -70.548489165142797, -33.3897683570559 ], [ -70.548501481358201, -33.389773081194697 ], [ -70.548540920227296, -33.389788208690803 ], [ -70.548656305943695, -33.389833548011701 ], [ -70.548757036308103, -33.389873128074299 ], [ -70.548761005016303, -33.389874687498697 ], [ -70.548762432240395, -33.389875247776402 ], [ -70.548763545601105, -33.389875685746198 ], [ -70.548840693043502, -33.389905999194397 ], [ -70.548979373898902, -33.3899604891172 ], [ -70.549135987235999, -33.390022026127497 ], [ -70.549137202220095, -33.390022481184403 ], [ -70.549184261944106, -33.390038356916598 ], [ -70.549207725256295, -33.390046272749203 ], [ -70.549258472200705, -33.390063394042301 ], [ -70.549263982346901, -33.390065252941 ], [ -70.549479577720305, -33.390137990108101 ], [ -70.5494984913623, -33.390144370797998 ], [ -70.549513688106202, -33.390149503228898 ], [ -70.549646249974401, -33.390189273048399 ], [ -70.549801994566295, -33.390235998224703 ], [ -70.549827014605, -33.390243504865801 ], [ -70.549827126120903, -33.390243538140602 ], [ -70.549827236737499, -33.390243571415603 ], [ -70.549971106681198, -33.390286734377199 ], [ -70.5500347544004, -33.3903058287829 ], [ -70.550038765376698, -33.390307400797802 ], [ -70.550039390405502, -33.390307626527601 ], [ -70.550185683122706, -33.390364933127103 ], [ -70.550212720340696, -33.390375524442803 ], [ -70.550256100938299, -33.390392518032201 ], [ -70.550428794153504, -33.390460166835098 ], [ -70.5505741299921, -33.390517099316597 ], [ -70.550603757257505, -33.390528705067602 ], [ -70.550754963870503, -33.390587937115498 ], [ -70.550769783798401, -33.390593743138602 ], [ -70.550895357035103, -33.390643483741698 ], [ -70.550929092403607, -33.390656846767897 ], [ -70.550955566646095, -33.390667333762401 ], [ -70.551030344374894, -33.390696953833299 ], [ -70.551031216717305, -33.390697300072198 ], [ -70.551039202696998, -33.390700462987901 ], [ -70.551490688444503, -33.390875170684502 ], [ -70.5516131554227, -33.390922561358998 ], [ -70.551613321797305, -33.390922626110203 ], [ -70.551613489970507, -33.390922690861402 ], [ -70.551825154407297, -33.391004597516101 ], [ -70.552287505763701, -33.3911835041473 ], [ -70.552351913410106, -33.3912084261598 ], [ -70.553370293104507, -33.391602487496698 ], [ -70.553370377640803, -33.391602519872301 ], [ -70.553370457680401, -33.391602558543099 ], [ -70.553403770367694, -33.391614263219502 ], [ -70.553475588427602, -33.391639498196199 ], [ -70.553483053699907, -33.391642121518601 ], [ -70.553913373003695, -33.3917933164403 ], [ -70.554408006424296, -33.391967109526398 ], [ -70.555615671825805, -33.392391431251397 ], [ -70.556047089201698, -33.392543011082999 ], [ -70.556474985731896, -33.392691621353102 ], [ -70.556568653720404, -33.392724152529503 ], [ -70.556607981073498, -33.392737810533397 ], [ -70.556685663612399, -33.392764789295498 ], [ -70.557003806880104, -33.3928752809014 ], [ -70.557003931885902, -33.392875324068797 ], [ -70.557003963362206, -33.392875334860697 ], [ -70.557004058690296, -33.392875368135599 ], [ -70.557279199975099, -33.3929709247003 ], [ -70.557415819584406, -33.393018372931401 ], [ -70.557543742749502, -33.393062801239203 ], [ -70.559879979976998, -33.393869870829697 ], [ -70.559959986364206, -33.393897509694099 ], [ -70.560068496763705, -33.393934996135002 ], [ -70.560111868367997, -33.393949978840297 ], [ -70.560156489130605, -33.393965394119498 ], [ -70.560250338782097, -33.393997815578601 ], [ -70.560271585265397, -33.394005154945802 ], [ -70.560511748318504, -33.394088121001801 ], [ -70.560548404685093, -33.394100784355601 ], [ -70.560631411210593, -33.394129729934903 ], [ -70.560691423870097, -33.394150658058301 ], [ -70.560760902793405, -33.394174886693499 ], [ -70.560816263259895, -33.394194193339203 ], [ -70.560820921748103, -33.394195818414197 ], [ -70.560825582034994, -33.394197443489098 ], [ -70.561349420938996, -33.394380119178997 ], [ -70.561367398386693, -33.394386388352899 ], [ -70.561435424005595, -33.394410109770597 ], [ -70.561436505890001, -33.394410487485899 ], [ -70.5614910731545, -33.394429516241097 ], [ -70.561514310736797, -33.394437620032001 ], [ -70.561519891030102, -33.394439566164898 ], [ -70.561526865272597, -33.3944419943344 ], [ -70.561528175584797, -33.394442450290697 ], [ -70.561573806286106, -33.394458158748797 ], [ -70.561601723940399, -33.394468983888402 ], [ -70.561605037942101, -33.394470170094102 ], [ -70.561608235031997, -33.394471295145998 ], [ -70.561611924050993, -33.394472591968402 ], [ -70.561612207337504, -33.394472691793098 ], [ -70.5616171167365, -33.394474419390797 ], [ -70.561617185084998, -33.394474442773202 ], [ -70.561617254332802, -33.394474467954197 ], [ -70.561623317561995, -33.3944766479108 ], [ -70.561633827938707, -33.394480425962698 ], [ -70.561637718406004, -33.3944818253078 ], [ -70.561653650795293, -33.394487552190597 ], [ -70.561666921191403, -33.394492323094099 ], [ -70.561680991084799, -33.394497093098302 ], [ -70.561685130664202, -33.394498496040598 ], [ -70.561690917801599, -33.3945004583613 ], [ -70.561693011423301, -33.394501167027101 ], [ -70.561698490992498, -33.394503025026403 ], [ -70.561701037872595, -33.394503888375603 ], [ -70.561701150287803, -33.394503927046401 ], [ -70.561703718751602, -33.394504815576603 ], [ -70.561704661241095, -33.3945051402319 ], [ -70.561705593837999, -33.394505462189201 ], [ -70.561707439246902, -33.394506099808503 ], [ -70.561708049886505, -33.394506309350497 ], [ -70.561708346662797, -33.394506414571197 ], [ -70.561711489793396, -33.394507560307503 ], [ -70.561712693086307, -33.394507999176703 ], [ -70.561755209435304, -33.394523500790797 ], [ -70.561795151025393, -33.394538065311302 ], [ -70.561800185430201, -33.394539900827603 ], [ -70.56182956808, -33.394550615350497 ], [ -70.561841197213397, -33.394554603843702 ], [ -70.561843278244694, -33.3945553179055 ], [ -70.561845162324303, -33.394555964517998 ], [ -70.561848168757905, -33.394556995141102 ], [ -70.561893329113801, -33.3945724868626 ], [ -70.561960128956699, -33.394595400688999 ], [ -70.562612216580504, -33.394819095356802 ], [ -70.563097592380004, -33.394985600337002 ], [ -70.563452160888502, -33.395107241737598 ], [ -70.563606012407504, -33.395159994170299 ], [ -70.563729739335898, -33.395202435875497 ], [ -70.563892157796801, -33.395258151574303 ], [ -70.564204021098604, -33.395365126831003 ], [ -70.564459935777407, -33.395452913253202 ], [ -70.564514559699106, -33.395471651527302 ], [ -70.564757418919697, -33.3955549593258 ], [ -70.565015175409997, -33.395643377071998 ], [ -70.565033868718004, -33.395649790137497 ], [ -70.565090912715405, -33.395669604000801 ], [ -70.565090952285601, -33.395669617490697 ], [ -70.565090991855797, -33.3956696309805 ], [ -70.565151411008799, -33.395690615761097 ], [ -70.565399729114205, -33.395776210535502 ], [ -70.5657027997444, -33.3958806784823 ], [ -70.565859871735697, -33.395934820367501 ], [ -70.565912979400395, -33.395953126067802 ], [ -70.566085504442398, -33.396012595536703 ], [ -70.5662027688427, -33.396053011968696 ], [ -70.566349155089398, -33.396103470230798 ], [ -70.566643949258804, -33.3962050828302 ], [ -70.567122151166302, -33.396369915970602 ], [ -70.567229293696897, -33.396406847529803 ], [ -70.567364552631901, -33.396453485471802 ], [ -70.567464400761395, -33.396487885439399 ], [ -70.567827196268098, -33.396612939767202 ], [ -70.567994531322498, -33.396670618685903 ], [ -70.568420954763198, -33.396817606579098 ], [ -70.5686098348759, -33.396882712099298 ], [ -70.568673666056796, -33.396904714013203 ], [ -70.568683436291494, -33.396908081074898 ], [ -70.5686932056269, -33.396911449035898 ], [ -70.568709798118704, -33.396917167824803 ], [ -70.568752624733804, -33.396931930196203 ], [ -70.568770387243504, -33.396938052780698 ], [ -70.568803204404304, -33.396949385137802 ], [ -70.568934429880002, -33.396994657908998 ], [ -70.568934758132599, -33.396994781116099 ], [ -70.569131261798205, -33.397068419403901 ], [ -70.569162274019703, -33.397080033248699 ], [ -70.569175379839905, -33.397084938151202 ], [ -70.569226964952406, -33.397104243897601 ], [ -70.569240843290203, -33.397109438381698 ], [ -70.569254723426695, -33.3971146328659 ], [ -70.569435247038996, -33.397182196233203 ], [ -70.569675142993404, -33.397271979150297 ], [ -70.569689008740696, -33.397277168238503 ], [ -70.569701574068304, -33.397281870793499 ], [ -70.569704177605701, -33.3972828465579 ], [ -70.569721998571296, -33.397289515930197 ], [ -70.569762251326793, -33.397304580473801 ], [ -70.569769730988199, -33.397307380063303 ], [ -70.569777209750399, -33.3973101787536 ], [ -70.569801733363207, -33.397319357234402 ], [ -70.569973583913693, -33.397383674049102 ], [ -70.570221086334001, -33.397476448111398 ], [ -70.570274888275407, -33.3974966010191 ], [ -70.570327604735198, -33.397516347433303 ], [ -70.570640566109205, -33.397633572263402 ], [ -70.570757140729398, -33.3976772370467 ], [ -70.570849246595401, -33.397711736839 ], [ -70.570996880201804, -33.397767035252301 ], [ -70.571028608283598, -33.397778918893799 ], [ -70.571041686224802, -33.397783818400299 ], [ -70.571054765065298, -33.397788717007501 ], [ -70.571125131619496, -33.397815074337998 ], [ -70.571125537213703, -33.3978152308201 ], [ -70.571126751298493, -33.3978157002662 ], [ -70.571254472116195, -33.397867374411597 ], [ -70.571259438172504, -33.397869383497003 ], [ -70.571263801683102, -33.397871148866201 ], [ -70.571266198376307, -33.3978721183354 ], [ -70.571275101664597, -33.397875732710702 ], [ -70.571283348447693, -33.397879079088099 ], [ -70.571283399709102, -33.397879099772403 ], [ -70.571283468057601, -33.397879126752102 ], [ -70.571285168675601, -33.397879794049103 ], [ -70.571286034722704, -33.3978801339928 ], [ -70.571286064400297, -33.3978801447847 ], [ -70.571360673955894, -33.397908270182299 ], [ -70.571505686937897, -33.397963018210497 ], [ -70.571580536612402, -33.397991299190899 ], [ -70.571607454220597, -33.398001458832098 ], [ -70.571702856101894, -33.398038624214898 ], [ -70.571765447117599, -33.398063007533601 ], [ -70.571830867400607, -33.398088492521701 ], [ -70.571924975157501, -33.398125153384903 ], [ -70.572046640839702, -33.398172549455403 ], [ -70.572421523234695, -33.398318589463102 ], [ -70.572459232707402, -33.398333278989497 ], [ -70.572629007622496, -33.398399416931298 ], [ -70.572811325382304, -33.398470439990597 ], [ -70.572973098129907, -33.398533460882298 ], [ -70.5731321090595, -33.398595405285498 ], [ -70.573360517973498, -33.398684388705298 ], [ -70.573361029687703, -33.398684589254202 ], [ -70.573402572970295, -33.398700773453697 ], [ -70.573418088074305, -33.398706816897899 ], [ -70.573913377100595, -33.398899772738098 ], [ -70.574112747805003, -33.398977444485297 ], [ -70.574491154643098, -33.399124864952398 ], [ -70.574546108616005, -33.399146274213003 ], [ -70.574873571558001, -33.399273848441197 ], [ -70.575395236800702, -33.399477079035698 ], [ -70.575655112093699, -33.399578322013802 ], [ -70.575729890721803, -33.399607455551397 ], [ -70.575748218905105, -33.399614595269099 ], [ -70.575804947240499, -33.399637492008502 ], [ -70.575899233962403, -33.399675549518797 ], [ -70.576167939698607, -33.3997840059589 ], [ -70.576173186343496, -33.399786133754802 ], [ -70.576253952657694, -33.399819093008503 ], [ -70.576256241432404, -33.399820027404097 ], [ -70.576256735160101, -33.399820228852299 ], [ -70.576258033781201, -33.399820759452297 ], [ -70.5764386068562, -33.399894469685798 ], [ -70.576472715443401, -33.399908392989701 ], [ -70.576677953324904, -33.399992172932201 ], [ -70.576779090182796, -33.400033458109398 ], [ -70.576888329932402, -33.400078050993102 ], [ -70.576986050266001, -33.400117941321703 ], [ -70.577059942162606, -33.400148103683797 ], [ -70.577091211590101, -33.400160869560203 ], [ -70.577198549273604, -33.400204599994098 ], [ -70.577279061079807, -33.400237401866399 ], [ -70.577341975851496, -33.400263034343297 ], [ -70.577422567697297, -33.400295869490598 ], [ -70.577474663624798, -33.400317094390203 ], [ -70.577548700312207, -33.400347256752198 ], [ -70.577550062785093, -33.400347812533298 ], [ -70.577551426157399, -33.400348368314297 ], [ -70.577583254063896, -33.4003613347396 ], [ -70.578316586441204, -33.400660105710998 ], [ -70.578359195420504, -33.400677466223797 ], [ -70.578370531374901, -33.400682084242497 ], [ -70.5789528918625, -33.400919346082802 ], [ -70.579029471832598, -33.400950546262401 ], [ -70.5790528047431, -33.400960052096501 ], [ -70.579077941693598, -33.400970293575902 ], [ -70.579191732012802, -33.401016652728103 ], [ -70.579281192972601, -33.401054445837801 ], [ -70.579281307186506, -33.401054494401102 ], [ -70.579281422299701, -33.401054542964502 ], [ -70.579449553254193, -33.401125566923199 ], [ -70.579449589227096, -33.401125583110897 ], [ -70.5794497672929, -33.401125657754697 ], [ -70.579450383328506, -33.401125918558101 ], [ -70.579689898869702, -33.401227099482803 ], [ -70.579820382404705, -33.401282219830399 ], [ -70.580058412265899, -33.401382773028303 ], [ -70.580193913118507, -33.401440013977201 ], [ -70.580229046932899, -33.401454856388199 ], [ -70.580637811285897, -33.401627534314997 ], [ -70.580745542872506, -33.401673044507199 ], [ -70.580814156648003, -33.401702028757398 ], [ -70.580821692067403, -33.401705212357399 ], [ -70.580825656279004, -33.401706885995701 ], [ -70.5808309820641, -33.401709136099498 ], [ -70.580835796135005, -33.401711170365999 ], [ -70.580861809025194, -33.401722159182 ], [ -70.580864203020496, -33.401723170919297 ], [ -70.580866597915104, -33.401724183555999 ], [ -70.580875574947797, -33.401727976896403 ], [ -70.581187466128597, -33.401859729374799 ], [ -70.581195971017195, -33.401863322166299 ], [ -70.581271547344002, -33.401894797538702 ], [ -70.581272096829807, -33.401895025067098 ], [ -70.581272647214902, -33.401895254394198 ], [ -70.5813311121411, -33.401919601739898 ], [ -70.581332781282796, -33.401920296915897 ], [ -70.581337354335403, -33.4019222025793 ], [ -70.581341927387996, -33.401924106444099 ], [ -70.581376399301305, -33.401938462321901 ], [ -70.581382509295295, -33.4019408994847 ], [ -70.581386557143801, -33.4019425137678 ], [ -70.581390801943897, -33.401944208090399 ], [ -70.581714592054794, -33.402073379514597 ], [ -70.581726413642997, -33.402078095559403 ], [ -70.581978971152594, -33.402178848406898 ], [ -70.582219830280906, -33.402279085043503 ], [ -70.582251085319299, -33.4022920919382 ], [ -70.582303717242695, -33.402313995825899 ], [ -70.582336450766505, -33.402327618756402 ], [ -70.582338879835405, -33.402328684453003 ], [ -70.582397745859197, -33.402354485103103 ], [ -70.582656152559395, -33.402467748419603 ], [ -70.582722218555503, -33.402496705690197 ], [ -70.582827948251193, -33.402543049553799 ], [ -70.582883111766094, -33.402567227826999 ], [ -70.582883208892994, -33.402567270095197 ], [ -70.582883306919001, -33.402567313262601 ], [ -70.582929594125403, -33.402587601968001 ], [ -70.582982859171594, -33.402610949267597 ], [ -70.583051243619906, -33.4026357453751 ], [ -70.583185024069607, -33.402684252108301 ], [ -70.583194367126296, -33.402687639854399 ], [ -70.583215966143896, -33.402695472050098 ], [ -70.583291758307993, -33.402727450143402 ], [ -70.583291851837402, -33.402727489713598 ], [ -70.583291947165606, -33.4027275301831 ], [ -70.583353858293904, -33.4027536419987 ], [ -70.583442883981903, -33.402791191392097 ], [ -70.583471527389094, -33.402803271985199 ], [ -70.583633059118398, -33.4028721618525 ], [ -70.583640690765193, -33.402875417398398 ], [ -70.583659088196299, -33.402883263083901 ], [ -70.583960746890895, -33.403011913800498 ], [ -70.584086839036303, -33.403067409165402 ], [ -70.584168569423895, -33.403103380248503 ], [ -70.584339095272995, -33.403178432270501 ], [ -70.584340518000502, -33.403179015031299 ], [ -70.584392802785601, -33.403200437781699 ], [ -70.584400708725695, -33.403203678038999 ], [ -70.584408617363707, -33.403206918296398 ], [ -70.584439443425495, -33.403219549274503 ], [ -70.584488592274695, -33.403239687793103 ], [ -70.584494045763606, -33.4032419235077 ], [ -70.584499500151793, -33.403244158322998 ], [ -70.584518283392001, -33.4032518538217 ], [ -70.584575519844407, -33.403275307241401 ], [ -70.5846075671855, -33.403288438242598 ], [ -70.584607941303403, -33.4032885911273 ], [ -70.584765980965201, -33.403353347710599 ], [ -70.584770282422497, -33.4033553783798 ], [ -70.584858587753601, -33.403397054762003 ], [ -70.585042107906901, -33.403483669367603 ], [ -70.5850603812316, -33.403492292966597 ], [ -70.585095730883197, -33.403508977189297 ], [ -70.585119472085907, -33.403520181842701 ], [ -70.585186869978003, -33.403558557712998 ], [ -70.585243398663906, -33.403590745348303 ], [ -70.585325975313495, -33.403643776570803 ], [ -70.585325999595199, -33.403643791859203 ], [ -70.5853476957395, -33.403664961900198 ], [ -70.585380744925402, -33.403697209790103 ], [ -70.585417673786594, -33.403711490124898 ], [ -70.585468533146198, -33.403731156499397 ], [ -70.585477527266093, -33.403734634177802 ], [ -70.585493482138503, -33.403740803527 ], [ -70.585497520993798, -33.403742364750102 ], [ -70.585556763833594, -33.403765272281198 ], [ -70.585576667629098, -33.40377296778 ], [ -70.585603685061997, -33.403783415204202 ], [ -70.5856041868837, -33.403783609457697 ], [ -70.585645006212005, -33.403799392559598 ], [ -70.585671929216105, -33.403809802212301 ], [ -70.585718783894706, -33.403827919954303 ], [ -70.585760552007898, -33.403844070878897 ], [ -70.585821282326293, -33.4038675530768 ], [ -70.585840817399699, -33.403875107381999 ], [ -70.585842405602506, -33.403875720719597 ], [ -70.5858506946538, -33.403878925903399 ], [ -70.585867386071001, -33.403885380337798 ], [ -70.585880651970498, -33.403890510070703 ], [ -70.585897871289703, -33.403897167751801 ], [ -70.585915103199397, -33.403903830828902 ], [ -70.585918854271696, -33.4039052814353 ], [ -70.585944297891004, -33.403915120018503 ], [ -70.585975438715494, -33.403927161041402 ], [ -70.585989820673703, -33.4039327224489 ], [ -70.585995804762504, -33.403935036404498 ], [ -70.586022974180906, -33.403945542284703 ], [ -70.586034868614306, -33.403950141417603 ], [ -70.586049750595507, -33.403955896179397 ], [ -70.586054105112794, -33.403957578810903 ], [ -70.586068657042901, -33.403963205868997 ], [ -70.586078601745996, -33.403967052269401 ], [ -70.586087662415693, -33.403970555128701 ], [ -70.586090551937403, -33.403972070486397 ], [ -70.586098757351706, -33.403976370145102 ], [ -70.586111025003802, -33.4039827993983 ], [ -70.586112615005206, -33.403983632170601 ], [ -70.586124990575797, -33.403990117181898 ], [ -70.5861290851891, -33.403992262964302 ], [ -70.586137588279001, -33.403996719105002 ], [ -70.586139475956003, -33.403997708359299 ], [ -70.586140350096997, -33.403998166114199 ], [ -70.586141363633004, -33.4039986985129 ], [ -70.586155983012205, -33.404006359837403 ], [ -70.5861595749044, -33.404008242118401 ], [ -70.586160011075606, -33.404008470546103 ], [ -70.586162573244096, -33.404009814133303 ], [ -70.586162629901395, -33.404009842911698 ], [ -70.586162688357305, -33.404009873488597 ], [ -70.586171517001802, -33.404014500500502 ], [ -70.586179074904393, -33.404018461114802 ], [ -70.5861835130586, -33.404020786761599 ], [ -70.586188176942798, -33.404023231118899 ], [ -70.586193945194395, -33.404026253740298 ], [ -70.586201235998203, -33.404027827553897 ], [ -70.5862029833809, -33.404028204369901 ], [ -70.586213768050897, -33.404030531815302 ], [ -70.586213825607501, -33.404030544405799 ], [ -70.586236925593596, -33.404035530247199 ], [ -70.586265339673702, -33.404041661824898 ], [ -70.586291300403204, -33.404047263701997 ], [ -70.586406990989801, -33.404072229781299 ], [ -70.586418081429301, -33.404074622877303 ], [ -70.586429171868801, -33.404077016872499 ], [ -70.586445878574395, -33.404080622254703 ], [ -70.586492941895699, -33.404090779197801 ], [ -70.586493027331301, -33.404090797184303 ], [ -70.586513816059707, -33.404095283002597 ], [ -70.586534662344803, -33.404099782310901 ], [ -70.586557548292205, -33.404104721387498 ], [ -70.586558325306399, -33.404104889560699 ], [ -70.586562136633205, -33.404105837446203 ], [ -70.586563407375294, -33.404106153108202 ], [ -70.586611742337993, -33.404118177943303 ], [ -70.586619573634394, -33.404120126774203 ], [ -70.586629969797201, -33.404122713224403 ], [ -70.586672523917798, -33.404133300043497 ], [ -70.586800343660897, -33.404161549547602 ], [ -70.587034265419007, -33.404213246176099 ], [ -70.587073899440895, -33.404220537879198 ], [ -70.587496557420096, -33.404298299558597 ], [ -70.587535392844103, -33.404305445571602 ], [ -70.587550528434093, -33.4043087505801 ], [ -70.587578354357504, -33.404314825500499 ], [ -70.587605565144699, -33.4043238735796 ], [ -70.587632376632797, -33.404332788559003 ], [ -70.587728387355099, -33.404364710894399 ], [ -70.587740137897001, -33.4043686184487 ], [ -70.587835170157007, -33.404400216128799 ], [ -70.587849070977796, -33.404404837744799 ], [ -70.587865181433003, -33.4044101950062 ], [ -70.588035413203698, -33.404466797436498 ], [ -70.588059547410097, -33.404471469414503 ], [ -70.588081511552502, -33.404475721409199 ], [ -70.588159483673195, -33.404490814730998 ], [ -70.588282419198293, -33.404514614389697 ], [ -70.588340018077403, -33.404525764184399 ], [ -70.588375130307995, -33.404532561260403 ], [ -70.588384363647407, -33.404534349112602 ], [ -70.588389913363798, -33.404535422903201 ], [ -70.588443264744896, -33.404545750717602 ], [ -70.588443439213293, -33.404545784891802 ], [ -70.588536394039295, -33.404563780325901 ], [ -70.588559786304998, -33.404568231070698 ], [ -70.588580021051101, -33.4045720819677 ], [ -70.588627595187305, -33.404581135442797 ], [ -70.588671465016006, -33.404589482950001 ], [ -70.588677123550397, -33.404590562136498 ], [ -70.588875275673402, -33.404628349850199 ], [ -70.589013214588107, -33.404654655020003 ], [ -70.589035795665396, -33.404658960973997 ], [ -70.589088295388507, -33.404668973126299 ], [ -70.589185112802696, -33.404687436207901 ], [ -70.589295048627505, -33.4047084012035 ], [ -70.589308105884399, -33.404710891426198 ], [ -70.589313714955907, -33.404711959820801 ], [ -70.589403221781197, -33.404733012949897 ], [ -70.5895408198529, -33.404765376852403 ], [ -70.589655414166003, -33.404792330433402 ], [ -70.5896881431932, -33.404800027730801 ], [ -70.589750055220804, -33.404814590452702 ], [ -70.589824597327294, -33.404837319018803 ], [ -70.589857739143298, -33.404847424700598 ], [ -70.589985119117898, -33.404886266419702 ], [ -70.590079186405305, -33.404914949397103 ], [ -70.590123923180499, -33.404928590313901 ], [ -70.590189993673206, -33.4049487369264 ], [ -70.590334991366703, -33.404998349825703 ], [ -70.590391032620005, -33.405017526069699 ], [ -70.590463484701999, -33.405042316781199 ], [ -70.5905710634038, -33.405079126931902 ], [ -70.590779241169002, -33.405150264204998 ], [ -70.590815768932501, -33.405162744996403 ], [ -70.590903123680206, -33.405192336288998 ], [ -70.591105616830703, -33.405263675010303 ], [ -70.591201846987602, -33.405297448150399 ], [ -70.591367422068899, -33.4053555587438 ], [ -70.591437252627102, -33.405380067068201 ], [ -70.591459714094498, -33.405387950525203 ], [ -70.591471926887905, -33.4053922357948 ], [ -70.591520971415704, -33.405409482093603 ], [ -70.591652810228993, -33.405455842145102 ], [ -70.591865159949094, -33.405530511955199 ], [ -70.591893691840397, -33.405540545691302 ], [ -70.591947846316003, -33.4055595888357 ], [ -70.592148739572593, -33.405630229682998 ], [ -70.592222591899002, -33.405656199405797 ], [ -70.592333255275506, -33.405695111272102 ], [ -70.592406291916802, -33.4057207932117 ], [ -70.592488536716502, -33.405749712710701 ], [ -70.592549407329301, -33.405771117474799 ], [ -70.592596729655298, -33.4057877567313 ], [ -70.5928631502142, -33.405881439108803 ], [ -70.593043160313599, -33.405944736092401 ], [ -70.593050425037106, -33.405947200234799 ], [ -70.593232655562602, -33.406008998947797 ], [ -70.593541933313503, -33.406113882381497 ], [ -70.5939926420468, -33.406266728458398 ], [ -70.593998239427194, -33.406268626028002 ], [ -70.594019676566802, -33.406275896147399 ], [ -70.594055947124204, -33.406288196174998 ], [ -70.594093688073201, -33.406300995326397 ], [ -70.594123750610507, -33.406309627019397 ], [ -70.594175854631899, -33.406328529869498 ], [ -70.5944402031528, -33.406424430874502 ], [ -70.594591910688095, -33.406479469383697 ], [ -70.595253055384106, -33.406710527700398 ], [ -70.595544662356204, -33.406812439774001 ], [ -70.595805552084499, -33.406903617539598 ], [ -70.595806469392997, -33.406903937698203 ], [ -70.595823918938706, -33.406910036001101 ], [ -70.595839692148004, -33.4069155479459 ], [ -70.595987039769994, -33.406967039529 ], [ -70.596171962865796, -33.4070316612139 ], [ -70.596189800918495, -33.407037894414998 ], [ -70.596298882387501, -33.407076013079198 ], [ -70.596318741216905, -33.407082953147501 ], [ -70.596515750301606, -33.407151798048702 ], [ -70.596620959289794, -33.407188564132603 ], [ -70.596659549198804, -33.407202049466697 ], [ -70.596799901893903, -33.407229039919898 ], [ -70.596847042556902, -33.407247170252397 ], [ -70.596925969757606, -33.407277525069397 ], [ -70.597042949072801, -33.407321208738502 ], [ -70.5971236281529, -33.407351336926297 ], [ -70.597126806356997, -33.407352656231801 ], [ -70.597324305572201, -33.407434652818601 ], [ -70.597509589296095, -33.407510872160699 ], [ -70.597768632716196, -33.4076174337293 ], [ -70.597897751080296, -33.407662737077402 ], [ -70.597980819659099, -33.407691883205501 ], [ -70.5981294272312, -33.407744023199797 ], [ -70.598215861073101, -33.407768480262803 ], [ -70.598617300447998, -33.407882070932502 ], [ -70.598695530674107, -33.407904206845402 ], [ -70.598847255296604, -33.407947137781903 ], [ -70.599007240191995, -33.407983252756601 ], [ -70.599165324819893, -33.407997506111698 ], [ -70.599333993568905, -33.4080127145468 ], [ -70.5993777087143, -33.408016655376002 ], [ -70.599420186392393, -33.408018642877799 ], [ -70.5994214220609, -33.408018701333603 ], [ -70.599656691003503, -33.4080297144314 ], [ -70.5999507504267, -33.408043476756703 ], [ -70.600008814255304, -33.408046195407202 ], [ -70.600011412396697, -33.408046316815799 ], [ -70.600082588340697, -33.408049647904598 ], [ -70.600165227043505, -33.408053515888703 ], [ -70.600297612644695, -33.408059711318302 ], [ -70.600348928859901, -33.408062113407503 ], [ -70.600374987615595, -33.408063332888197 ], [ -70.600393463287702, -33.408064197136703 ], [ -70.600439656964596, -33.408066359106897 ], [ -70.600511680969205, -33.408069729765899 ], [ -70.600512609069597, -33.408069772933402 ], [ -70.600540595072303, -33.408071083245602 ], [ -70.600580441334301, -33.408072416940101 ], [ -70.600627582896607, -33.408073995250398 ], [ -70.600696556400905, -33.408076303809999 ], [ -70.6008015702362, -33.408079819260003 ], [ -70.600816968428305, -33.408080334571501 ], [ -70.600852429595903, -33.408081520777202 ], [ -70.600907231583406, -33.408083355394197 ], [ -70.601171051302899, -33.408092184938099 ], [ -70.601421257085306, -33.4081011952456 ], [ -70.601536882021406, -33.408105358207401 ], [ -70.601657122278297, -33.408113669741702 ], [ -70.601763697336693, -33.4081210369879 ], [ -70.601813203216693, -33.408124458908297 ], [ -70.601896602745995, -33.408135753493902 ], [ -70.601956943657996, -33.4081439238347 ], [ -70.602014279935005, -33.408151688581199 ], [ -70.6020321836383, -33.408154945925702 ], [ -70.602038489684503, -33.408156093460597 ], [ -70.602125056626093, -33.408171841488901 ], [ -70.602204109731801, -33.408186220749201 ], [ -70.602297900927297, -33.408208254139304 ], [ -70.602371987077504, -33.4082256578195 ], [ -70.602425556993794, -33.408238242032901 ], [ -70.602687396406196, -33.408320759327303 ], [ -70.602887095363101, -33.408383612045697 ], [ -70.6032659212852, -33.4085028432633 ], [ -70.603356324734506, -33.408531296913502 ], [ -70.603476585675807, -33.408569147579698 ], [ -70.603531482092194, -33.408585836298997 ], [ -70.603622248867694, -33.408613430197299 ], [ -70.6036911998889, -33.408634376307099 ], [ -70.603719667028997, -33.408643024187903 ], [ -70.603932434034604, -33.408707659362598 ], [ -70.603955361350799, -33.408714623712598 ], [ -70.604033723777306, -33.408738430565798 ], [ -70.604075855216493, -33.408752599384599 ], [ -70.604201603820897, -33.408794890003897 ], [ -70.604770296411999, -33.408986147924097 ], [ -70.604801267264605, -33.408997156525203 ], [ -70.604874425314406, -33.409021357281503 ], [ -70.604970394667902, -33.409053104248997 ], [ -70.605024710122194, -33.409071070904801 ], [ -70.605047465667994, -33.409078598230401 ], [ -70.605048862315101, -33.409079060481901 ], [ -70.605067471086898, -33.409085215441898 ], [ -70.605237421369907, -33.409141433861699 ], [ -70.605325795049296, -33.409170668123501 ], [ -70.605352760321594, -33.409179586700198 ], [ -70.605382321936602, -33.409257734188699 ], [ -70.605390646061394, -33.409280246917497 ], [ -70.605398953998503, -33.4093027380625 ], [ -70.605405473184007, -33.409320387257701 ], [ -70.605405739383301, -33.409321105815998 ], [ -70.605408853735597, -33.409329541456799 ], [ -70.605424492046595, -33.409356878148998 ], [ -70.605429342090403, -33.4093653542594 ], [ -70.605434491608406, -33.409374358271599 ], [ -70.605440131256998, -33.409384213941998 ], [ -70.605446734079493, -33.409395755841103 ], [ -70.605454303673099, -33.4094089884657 ], [ -70.605461426303705, -33.409421436881502 ], [ -70.605511279322101, -33.409508582087 ], [ -70.605572393651002, -33.409634049203703 ], [ -70.605590356709598, -33.409678908286701 ], [ -70.605591521331604, -33.409683207945299 ], [ -70.605629294656197, -33.409822698190602 ], [ -70.605705176752494, -33.410020120064097 ], [ -70.605729827169696, -33.410090694361699 ], [ -70.605861967255905, -33.410469009468798 ], [ -70.605967276968201, -33.4107016173174 ], [ -70.6059999781165, -33.410773847266903 ], [ -70.606032377092504, -33.410911070321298 ], [ -70.606040635566799, -33.410946054848203 ], [ -70.606046087257099, -33.410969144042397 ], [ -70.6060608487292, -33.411031665810299 ], [ -70.606103234676496, -33.411211188477203 ], [ -70.606174653437407, -33.411368304535202 ], [ -70.606245541598398, -33.4114966917506 ], [ -70.606319473065199, -33.411790263741302 ], [ -70.606417110661098, -33.411975774094302 ], [ -70.606504996008695, -33.412096758090499 ], [ -70.606550591636406, -33.412247024012501 ], [ -70.606596716964901, -33.412426017878097 ], [ -70.6066323508023, -33.412518675028402 ], [ -70.606695680161494, -33.412683347190303 ], [ -70.6067946433581, -33.412940677401998 ], [ -70.606875289163199, -33.4131335900747 ], [ -70.606929316834496, -33.413276563394298 ], [ -70.606957124771398, -33.413391142418902 ], [ -70.606959241775499, -33.413506052393998 ], [ -70.606965063087202, -33.413822057973199 ], [ -70.606976802837195, -33.413994313218602 ], [ -70.607051399802202, -33.414323794239301 ], [ -70.607364011339996, -33.415483494299401 ], [ -70.607426738153407, -33.415633538088898 ], [ -70.607446319092304, -33.415690978687302 ], [ -70.607476532715793, -33.4157796104722 ], [ -70.607481227176805, -33.415793380891401 ], [ -70.607588865233893, -33.415918620479502 ], [ -70.607595263910198, -33.415926065067403 ], [ -70.607645071962494, -33.415984017380097 ], [ -70.607654656936802, -33.415995168973403 ], [ -70.607695066174301, -33.416042186429301 ], [ -70.607712602054903, -33.416062589348599 ], [ -70.607723823795396, -33.416075645706101 ], [ -70.607727743040897, -33.416080205268798 ], [ -70.607811700149796, -33.416177891428099 ], [ -70.607538335026106, -33.416203612937998 ], [ -70.607510888616602, -33.416206195790899 ], [ -70.607489035090893, -33.4162082525404 ], [ -70.607337171073496, -33.416222540969102 ], [ -70.607179951593494, -33.416237333917401 ], [ -70.607155688784005, -33.416241823333003 ], [ -70.607098499995701, -33.416252402957603 ], [ -70.606798557207597, -33.416307893825802 ], [ -70.606752731353396, -33.4162961702636 ], [ -70.606714223282694, -33.416286319089899 ], [ -70.606643771292994, -33.416258047102701 ], [ -70.606554441634202, -33.416302486202397 ], [ -70.606529007008007, -33.416315140562801 ], [ -70.606513464924404, -33.416322872034499 ], [ -70.606474369596398, -33.4163403143856 ], [ -70.6064256776029, -33.4163620375096 ], [ -70.606402699025296, -33.416372288881597 ], [ -70.6063842701179, -33.416380511382997 ], [ -70.606329693860204, -33.416404858728797 ], [ -70.606261771663398, -33.416436873694302 ], [ -70.605982955748701, -33.416596446700197 ], [ -70.605893351796695, -33.416647728741303 ], [ -70.6058369948814, -33.416675375699597 ], [ -70.605820894318796, -33.416683275344496 ], [ -70.605806559125398, -33.416690307143497 ], [ -70.605732206775897, -33.416726782746402 ], [ -70.605623753033697, -33.416770637286596 ], [ -70.605568311628204, -33.416790851348303 ], [ -70.605518062908203, -33.416812677894299 ], [ -70.605510677675596, -33.416814647409602 ], [ -70.605430694670801, -33.416851140998901 ], [ -70.605346616153398, -33.416896051343201 ], [ -70.605326545083898, -33.416906771262099 ], [ -70.605306919178901, -33.416915911971302 ], [ -70.6052690712106, -33.416939253875 ], [ -70.605260325303703, -33.416944121005898 ], [ -70.605251309600206, -33.416949138323602 ], [ -70.605242434190899, -33.416954078299703 ], [ -70.605224569158494, -33.416964020304803 ], [ -70.605217762189895, -33.416967808249296 ], [ -70.605212504753197, -33.4169743427233 ], [ -70.605186598882398, -33.416992697886201 ], [ -70.605171103563507, -33.4170036759105 ], [ -70.605164780430201, -33.417010615978697 ], [ -70.605138155101699, -33.417031138507802 ], [ -70.605017000234298, -33.4171029053064 ], [ -70.605006828902006, -33.417108929864803 ], [ -70.605006211967094, -33.417109295888899 ], [ -70.604983912377605, -33.417122504231799 ], [ -70.6049394292112, -33.417146402815803 ], [ -70.604930076261994, -33.417151428227399 ], [ -70.604893860563195, -33.417170885059903 ], [ -70.604870363076799, -33.417179546430503 ], [ -70.604867330562797, -33.4171806633884 ], [ -70.604859837411496, -33.417183425206503 ], [ -70.604849495208001, -33.4171872374326 ], [ -70.604684680953198, -33.417218942132102 ], [ -70.6046310480843, -33.417232536284097 ], [ -70.604602473025693, -33.417239778524497 ], [ -70.604538034802403, -33.417244473884899 ], [ -70.604517779372003, -33.417247771698896 ], [ -70.604492789011005, -33.417251840231799 ], [ -70.604443376660498, -33.417254956382699 ], [ -70.604391430919705, -33.417262631196998 ], [ -70.604342562659099, -33.417269851853703 ], [ -70.604288846153295, -33.4172727521673 ], [ -70.604238541675301, -33.417279980917897 ], [ -70.604194601699504, -33.417282353329497 ], [ -70.604146338682497, -33.417289450779101 ], [ -70.604096900251704, -33.417291060565503 ], [ -70.604060239388502, -33.417295595846603 ], [ -70.603997973028001, -33.417303300338602 ], [ -70.603954015065696, -33.417304731160002 ], [ -70.603899392043303, -33.417311019219703 ], [ -70.603857369422002, -33.417312392484497 ], [ -70.603810111847196, -33.417321543086302 ], [ -70.603757512299296, -33.417326702496901 ], [ -70.603714656006503, -33.417335421424099 ], [ -70.603657234293905, -33.417341052978799 ], [ -70.603448437795095, -33.417346027129 ], [ -70.603416149435702, -33.417348563217203 ], [ -70.603373277854502, -33.417356444875601 ], [ -70.603344684809301, -33.4173586904827 ], [ -70.603324953683597, -33.417360240014602 ], [ -70.603295339008596, -33.417365338271303 ], [ -70.603276713149697, -33.417368544354403 ], [ -70.603217817448297, -33.417382197861699 ], [ -70.603196513408307, -33.4173821969624 ], [ -70.603192544700207, -33.4173821969624 ], [ -70.603167979718506, -33.417387623471598 ], [ -70.6031511408125, -33.417391342168202 ], [ -70.603099898341597, -33.417402661035503 ], [ -70.603091463600194, -33.417405311337603 ], [ -70.603078513362703, -33.4174093789712 ], [ -70.603062846273303, -33.417412483430901 ], [ -70.603047460671704, -33.417415531233303 ], [ -70.603010164887195, -33.417422920962601 ], [ -70.602961720207205, -33.417432520326102 ], [ -70.602936889925502, -33.4174390727865 ], [ -70.6029144581357, -33.417447315073098 ], [ -70.602885724796295, -33.417452081479901 ], [ -70.602839574286904, -33.417468780091703 ], [ -70.602790445222794, -33.417481449740698 ], [ -70.602739045370598, -33.4174992374314 ], [ -70.602693251892006, -33.417512023992202 ], [ -70.602653545025007, -33.417528235171503 ], [ -70.602549049199197, -33.4175651838177 ], [ -70.602542618147297, -33.417566344842498 ], [ -70.602507553580693, -33.417579743841699 ], [ -70.602452912571806, -33.417600624300903 ], [ -70.6024378902964, -33.417608268538302 ], [ -70.602357719333199, -33.417634628566802 ], [ -70.602352131845393, -33.417636886764498 ], [ -70.6023222959371, -33.417648950270298 ], [ -70.602309682046197, -33.417654050325702 ], [ -70.602273177664998, -33.417667217299801 ], [ -70.602268323124605, -33.417668968279798 ], [ -70.602262916400406, -33.417670918909401 ], [ -70.602259577217694, -33.417672123101603 ], [ -70.602090442619797, -33.417743205516103 ], [ -70.602045954956793, -33.417765901706503 ], [ -70.602016984196396, -33.417780682963702 ], [ -70.602012737597704, -33.417782849430502 ], [ -70.601925584298201, -33.417834007365101 ], [ -70.601925005134802, -33.417834347308897 ], [ -70.601835340028899, -33.417886980131598 ], [ -70.601829362235307, -33.417890489286201 ], [ -70.601676568318894, -33.417980176875197 ], [ -70.601656213963096, -33.417992125267901 ], [ -70.601610559879404, -33.4180188009584 ], [ -70.601596687836803, -33.4180269065481 ], [ -70.601569679397102, -33.418046096281799 ], [ -70.601371871714505, -33.418186636935303 ], [ -70.601320222750005, -33.418223332872003 ], [ -70.601258833228499, -33.418267781864202 ], [ -70.6012576011573, -33.418268673991598 ], [ -70.601218793612404, -33.418296772409597 ], [ -70.601139677554002, -33.418354056525999 ], [ -70.601060684702801, -33.4184112507102 ], [ -70.601060539911899, -33.4184113559308 ], [ -70.601044061634099, -33.4184232872365 ], [ -70.601025932200997, -33.418437795099699 ], [ -70.601002591196604, -33.4184564731192 ], [ -70.600933535853997, -33.418511733761001 ], [ -70.600805821331605, -33.418613936315701 ], [ -70.600803716917895, -33.418615619846499 ], [ -70.600752316166407, -33.418656753038199 ], [ -70.600657170591901, -33.418730474063601 ], [ -70.600630681960396, -33.418752101859504 ], [ -70.600627397636202, -33.418754784537199 ], [ -70.600607394915301, -33.418766508099402 ], [ -70.600569073004294, -33.4187937998256 ], [ -70.600543309226296, -33.4188153583736 ], [ -70.600530837428195, -33.418825793207297 ], [ -70.600504293038597, -33.418844418166898 ], [ -70.600484077178393, -33.4188562289633 ], [ -70.600437612805493, -33.418891096578399 ], [ -70.600362335952994, -33.418942357035696 ], [ -70.600342185743202, -33.418956078891497 ], [ -70.600338726051305, -33.418958435115201 ], [ -70.600232633029606, -33.419037442355602 ], [ -70.600181833924495, -33.419071496983499 ], [ -70.600174203176906, -33.419076613226601 ], [ -70.600155031429495, -33.419092586085497 ], [ -70.600121115297199, -33.419113863145803 ], [ -70.600099912880594, -33.419130566254204 ], [ -70.600089629132995, -33.419137488335899 ], [ -70.600087942904196, -33.419138622380999 ], [ -70.600056463934607, -33.419159810408502 ], [ -70.600010641677699, -33.4191944720788 ], [ -70.600003379652193, -33.4191972842588 ], [ -70.599958648272903, -33.419232771506799 ], [ -70.5999522406034, -33.419235251836902 ], [ -70.599917463819907, -33.419262343014204 ], [ -70.599899179703399, -33.419273964953099 ], [ -70.599897330697203, -33.419275378687303 ], [ -70.599877173292896, -33.419290802060402 ], [ -70.599863121385894, -33.419301552556099 ], [ -70.599817598603195, -33.419340888003099 ], [ -70.599772029955204, -33.4193776954558 ], [ -70.599749777130498, -33.419393535215001 ], [ -70.599702072592507, -33.419427491816798 ], [ -70.5996798008821, -33.419444761498099 ], [ -70.599666974751003, -33.419454707100499 ], [ -70.599660567980806, -33.419457188330099 ], [ -70.599629848039001, -33.419482707492499 ], [ -70.599530263410898, -33.419553060556801 ], [ -70.599398993868405, -33.419643146545503 ], [ -70.599372666215501, -33.419661213925401 ], [ -70.599367765809703, -33.419664577389902 ], [ -70.599357486558702, -33.419671842113402 ], [ -70.599352003392198, -33.419675718191399 ], [ -70.599343205324601, -33.419681937003297 ], [ -70.599160818317003, -33.419810842228102 ], [ -70.599107668384093, -33.419848406909999 ], [ -70.599090299777501, -33.419860681756603 ], [ -70.599079083432898, -33.4198686092804 ], [ -70.599041617676406, -33.419895088019402 ], [ -70.598931400363796, -33.4199712740865 ], [ -70.598897230622597, -33.4199948929814 ], [ -70.598746492556501, -33.420099088433702 ], [ -70.598528032842395, -33.4202612991511 ], [ -70.598399686096599, -33.4203585275555 ], [ -70.598312456354705, -33.4204224423734 ], [ -70.598229841034296, -33.420480025064599 ], [ -70.597973994704006, -33.420673864039102 ], [ -70.597940074974403, -33.420698651153401 ], [ -70.597849086965795, -33.420765138032202 ], [ -70.597693922436505, -33.420872064725501 ], [ -70.597305917134307, -33.421149327510904 ], [ -70.597204642680097, -33.421218442208797 ], [ -70.597123546314506, -33.4212737882862 ], [ -70.596901628707101, -33.421429616515098 ], [ -70.596884199845903, -33.421439911054499 ], [ -70.596880349848206, -33.42144218544 ], [ -70.596874155317906, -33.421447845773002 ], [ -70.596869045370099, -33.421452515052998 ], [ -70.596863481264606, -33.421457598920497 ], [ -70.596863426405903, -33.4214576501819 ], [ -70.596830348441799, -33.421483685555103 ], [ -70.596827538060396, -33.421485896088697 ], [ -70.596819109614202, -33.421492529488098 ], [ -70.596740339794806, -33.421549289299698 ], [ -70.596728206141705, -33.421558032508599 ], [ -70.596713608346306, -33.421568550979302 ], [ -70.596706946168595, -33.421573352459802 ], [ -70.596704098914998, -33.421575402914002 ], [ -70.596650814983093, -33.421613799468801 ], [ -70.5966128878744, -33.421641128067101 ], [ -70.5964973789509, -33.4217300143602 ], [ -70.596461407867693, -33.421762555429098 ], [ -70.5964539183136, -33.421768400123 ], [ -70.596413694336505, -33.421799790959099 ], [ -70.596408616764194, -33.4218034961659 ], [ -70.596331125780793, -33.421860040140203 ], [ -70.596252589785095, -33.421923217513999 ], [ -70.596196392949096, -33.4219729257414 ], [ -70.596152149901698, -33.422007059509703 ], [ -70.595930208911994, -33.422178283232697 ], [ -70.595727841666502, -33.422338954310803 ], [ -70.595709961345605, -33.422355009907299 ], [ -70.595583629081204, -33.422445156150502 ], [ -70.595458315748701, -33.422543985348099 ], [ -70.595273994299404, -33.422697614734602 ], [ -70.595204703334304, -33.4227480900838 ], [ -70.595202455029195, -33.422749726849901 ], [ -70.595194317064099, -33.422755655180801 ], [ -70.595078130051604, -33.422840290378602 ], [ -70.595070704349496, -33.422846241192502 ], [ -70.595064080842604, -33.422851548991297 ], [ -70.595061994415502, -33.4228532217303 ], [ -70.595039489780604, -33.422871255835297 ], [ -70.5949000939641, -33.4229998507939 ], [ -70.594834181752006, -33.423053547514598 ], [ -70.594814191621595, -33.423066110144397 ], [ -70.594771098807101, -33.423098732152297 ], [ -70.594769683274293, -33.423099804144101 ], [ -70.594764451018506, -33.423103764758402 ], [ -70.594737602658199, -33.423124090336003 ], [ -70.594733409119499, -33.4231271030648 ], [ -70.594728387305196, -33.4231307111449 ], [ -70.594678410180506, -33.4231666219735 ], [ -70.594673847020402, -33.423169900901598 ], [ -70.594671319925496, -33.423171717532199 ], [ -70.594651724597398, -33.423185797318197 ], [ -70.594567933863004, -33.423255750184197 ], [ -70.594505353639093, -33.423303567137403 ], [ -70.594412726166397, -33.423382149897698 ], [ -70.594403685281804, -33.423389820215498 ], [ -70.594372506685801, -33.423414174755798 ], [ -70.594164153552796, -33.423576934059703 ], [ -70.594034574735801, -33.423674078827197 ], [ -70.594033551307305, -33.423674846848201 ], [ -70.593931799313097, -33.423756621302502 ], [ -70.593897109763802, -33.423788730696799 ], [ -70.593846226122395, -33.423829623769599 ], [ -70.593839875110106, -33.423834728321602 ], [ -70.593830871997099, -33.423841963367401 ], [ -70.593829274801095, -33.423843246700002 ], [ -70.593746445441994, -33.423912873112101 ], [ -70.593745695407506, -33.423913382128397 ], [ -70.593731555367, -33.423922978793897 ], [ -70.593724705230898, -33.423927628288801 ], [ -70.593663796846698, -33.423968970123298 ], [ -70.593564018864399, -33.424041102046701 ], [ -70.593507715908302, -33.424091114245002 ], [ -70.593403551033006, -33.424174521868203 ], [ -70.593349669951294, -33.424217665943999 ], [ -70.593286665247405, -33.424268116112103 ], [ -70.593225692112, -33.424311087518099 ], [ -70.593174687062103, -33.424347034319602 ], [ -70.593092984553607, -33.424410323209301 ], [ -70.593088788316905, -33.424413574258502 ], [ -70.593053085231602, -33.424442223961002 ], [ -70.593033596922893, -33.424457863171298 ], [ -70.592986183765305, -33.424495909889799 ], [ -70.592931678554095, -33.424535731870002 ], [ -70.5929275686523, -33.424538734706303 ], [ -70.592922706917406, -33.424542287028302 ], [ -70.592899472932302, -33.424559261732 ], [ -70.592872765765506, -33.424580876937398 ], [ -70.592827478605201, -33.424617528807403 ], [ -70.592825068422101, -33.424619480336197 ], [ -70.592820108661002, -33.424623494010497 ], [ -70.592720043794898, -33.424704479759399 ], [ -70.592661640022598, -33.424745495139902 ], [ -70.592537392386703, -33.4248440572389 ], [ -70.592411138363303, -33.424938862869702 ], [ -70.592318119685402, -33.425016109237497 ], [ -70.592245783615994, -33.425071619890801 ], [ -70.592204300587994, -33.425096912424003 ], [ -70.592150250433704, -33.425140737286597 ], [ -70.592068731386803, -33.425199836234903 ], [ -70.591999647265894, -33.425244994792102 ], [ -70.5919784538426, -33.425262358002897 ], [ -70.591970305085496, -33.425271667784699 ], [ -70.591966056688094, -33.425276522325099 ], [ -70.591964794039995, -33.425277964837697 ], [ -70.591960333402696, -33.425283061295701 ], [ -70.591947045919397, -33.425292514969001 ], [ -70.591942159003395, -33.425295991748101 ], [ -70.591939325239693, -33.425298008028101 ], [ -70.591917864717601, -33.425313278516398 ], [ -70.591794976856605, -33.425415785941198 ], [ -70.591732383142897, -33.425462949087297 ], [ -70.591692346224804, -33.425496756401699 ], [ -70.591569292888494, -33.425590247223603 ], [ -70.591506772019898, -33.425641416849302 ], [ -70.591383698898497, -33.425733856363799 ], [ -70.591381148421206, -33.425735369023499 ], [ -70.591276023069994, -33.425797712725704 ], [ -70.5912702835967, -33.425802746231199 ], [ -70.5912485002181, -33.425821852328099 ], [ -70.591183947780905, -33.425873763894501 ], [ -70.591121156216303, -33.425915996057803 ], [ -70.5910946253167, -33.425935529332598 ], [ -70.590966308248497, -33.426043117927001 ], [ -70.590951617822796, -33.426055435041697 ], [ -70.590948901870306, -33.426057601508603 ], [ -70.590941611066498, -33.426063416524897 ], [ -70.590829737202597, -33.426152637365803 ], [ -70.590828621143899, -33.426153526795297 ], [ -70.590827730815107, -33.426154238159 ], [ -70.590825272967905, -33.426156199580397 ], [ -70.590787700192195, -33.426186163192298 ], [ -70.590768702913294, -33.426201313171497 ], [ -70.590768164219398, -33.4262017430475 ], [ -70.590763378926695, -33.426205558870798 ], [ -70.590729633665603, -33.426232471083097 ], [ -70.590716953224799, -33.426243007540201 ], [ -70.590664476884101, -33.426286609370997 ], [ -70.590632497891406, -33.426316769035097 ], [ -70.590623135948903, -33.426325598578998 ], [ -70.590500364999798, -33.426428767005397 ], [ -70.590398374685194, -33.426491992043204 ], [ -70.590355993234496, -33.426526994556603 ], [ -70.590274299719098, -33.426600318081597 ], [ -70.5901716528994, -33.426686507307899 ], [ -70.590109944118595, -33.4267291873335 ], [ -70.590069671577993, -33.426758438682398 ], [ -70.590013349736196, -33.426799348842302 ], [ -70.589860884072493, -33.426924851032503 ], [ -70.589678744378503, -33.427081983278299 ], [ -70.589370315587502, -33.427325737324303 ], [ -70.589289821767807, -33.427394116376803 ], [ -70.589186754065395, -33.427474970824697 ], [ -70.589138982078296, -33.427514235225203 ], [ -70.589137776087497, -33.427515226278103 ], [ -70.589133650897196, -33.427518615822898 ], [ -70.589103039773406, -33.427543775256403 ], [ -70.589071861177402, -33.427566310468201 ], [ -70.589066208039, -33.427570396088299 ], [ -70.589064714265106, -33.427571476174101 ], [ -70.588980962201603, -33.427632006842998 ], [ -70.588899490818804, -33.427699939831797 ], [ -70.588837852185094, -33.427746558888003 ], [ -70.5887755327646, -33.427797246477198 ], [ -70.588682061727795, -33.4278631694811 ], [ -70.588675077592697, -33.427868095068 ], [ -70.588652215926999, -33.4278883765787 ], [ -70.588549438705599, -33.427967535804498 ], [ -70.588530283146, -33.427984623822702 ], [ -70.588446663282895, -33.428046813740899 ], [ -70.588385057024695, -33.428095264716099 ], [ -70.588269422196007, -33.428189000153601 ], [ -70.588209378060299, -33.428241346991904 ], [ -70.588024889337106, -33.428423371572798 ], [ -70.588023682446902, -33.428424561375799 ], [ -70.588017559862493, -33.428430601222601 ], [ -70.587978324240197, -33.4284693134395 ], [ -70.587960664253202, -33.428483029899297 ], [ -70.587957319674501, -33.428485628040697 ], [ -70.587955961698199, -33.428486682945497 ], [ -70.5877806370667, -33.428622862786298 ], [ -70.587571849561201, -33.4288020419121 ], [ -70.587533686830199, -33.428831017169102 ], [ -70.587486082116996, -33.428876718017499 ], [ -70.587443331044895, -33.428913339310498 ], [ -70.587362399255298, -33.4289865225414 ], [ -70.587306083708796, -33.429032334905699 ], [ -70.587268870661802, -33.429068885152297 ], [ -70.587089094386201, -33.429227502178897 ], [ -70.587041805335005, -33.429269225325903 ], [ -70.587019944614696, -33.429288512186503 ], [ -70.586975081934398, -33.429334177961401 ], [ -70.586940680168198, -33.429361673833597 ], [ -70.586877041442307, -33.429429418863997 ], [ -70.586715651805804, -33.429557968856599 ], [ -70.586696499843498, -33.429575276309301 ], [ -70.586650748633105, -33.429608543131103 ], [ -70.586430618877898, -33.4297938889082 ], [ -70.586329150170101, -33.429891959977397 ], [ -70.586289776052297, -33.429926989470403 ], [ -70.586252071975494, -33.429956942290403 ], [ -70.586171240910005, -33.4300211556832 ], [ -70.586127716420904, -33.430052682316798 ], [ -70.586104098425395, -33.430066937470599 ], [ -70.586026951882303, -33.430130457486001 ], [ -70.585935747137, -33.430213383971903 ], [ -70.585747783433405, -33.430366855976999 ], [ -70.585623660803293, -33.430487421788399 ], [ -70.585617995074401, -33.430492388744099 ], [ -70.585614277277003, -33.430495647887199 ], [ -70.5856142224184, -33.430495696450599 ], [ -70.585568290444201, -33.4305359581993 ], [ -70.585560240612594, -33.430543014279998 ], [ -70.585557557934905, -33.430545366007202 ], [ -70.585549687068394, -33.430552264706598 ], [ -70.585541224447894, -33.430559684113497 ], [ -70.585512936272906, -33.430584481120299 ], [ -70.585510178951594, -33.430586896699303 ], [ -70.585508602440001, -33.4305882798566 ], [ -70.585504134608101, -33.430592195504801 ], [ -70.5854770767057, -33.430615914224397 ], [ -70.585411555698698, -33.430680258018903 ], [ -70.585402223433803, -33.430689423009802 ], [ -70.585382411369196, -33.430708878943001 ], [ -70.585300022677899, -33.430777855145301 ], [ -70.585250780299205, -33.430819080967197 ], [ -70.5852031090362, -33.430853895522198 ], [ -70.585164484053706, -33.430892142789503 ], [ -70.585157549381293, -33.430899010912 ], [ -70.585135551064795, -33.4309207942906 ], [ -70.585129299877195, -33.4309269852236 ], [ -70.585025058559594, -33.431021664049901 ], [ -70.585019671620501, -33.431026557261198 ], [ -70.585001318256204, -33.431045860309602 ], [ -70.5849547351729, -33.431100566069702 ], [ -70.584948198000902, -33.431109405506 ], [ -70.584939891862504, -33.431120635340399 ], [ -70.584927801376907, -33.431136984115902 ], [ -70.584920741698895, -33.431147739108198 ], [ -70.584886017076002, -33.431200647123603 ], [ -70.584797287265005, -33.431328037889998 ], [ -70.584739226134303, -33.431400927042503 ], [ -70.584648625733493, -33.431519323689201 ], [ -70.584572297573501, -33.431610483468397 ], [ -70.584553880357205, -33.431636126737203 ], [ -70.584543859211706, -33.431650078819402 ], [ -70.584543816044203, -33.431650126483497 ], [ -70.584541368089603, -33.431653547504602 ], [ -70.584540429197403, -33.4316548551189 ], [ -70.584519749286997, -33.431683647813401 ], [ -70.5845122165655, -33.431694134807898 ], [ -70.584509675081406, -33.431697469493997 ], [ -70.584487879112302, -33.4316915924244 ], [ -70.584267738565202, -33.431632106767701 ], [ -70.584226578393796, -33.431620987549898 ], [ -70.583906889191596, -33.431601958794701 ], [ -70.583767968217103, -33.431593690427803 ], [ -70.583620144853697, -33.431588553500298 ], [ -70.583475134569795, -33.431593722803399 ], [ -70.583283724664099, -33.431586213464399 ], [ -70.583157565069499, -33.431581675485297 ], [ -70.582434905846199, -33.431535363997199 ], [ -70.582417382556102, -33.431534471869703 ], [ -70.582376520060294, -33.431532391737903 ], [ -70.582320304338495, -33.431529530095098 ], [ -70.582299425677903, -33.431528467096399 ], [ -70.582285826129905, -33.431527773719097 ], [ -70.582279603720707, -33.431527352836397 ], [ -70.581903552207095, -33.4315019191096 ], [ -70.581650403843, -33.431484796917204 ], [ -70.581647634830503, -33.4314846071603 ], [ -70.5816470808481, -33.431484569388701 ], [ -70.581644865817907, -33.431484417403297 ], [ -70.5810038542444, -33.431440459440999 ], [ -70.581003085324099, -33.431440400985103 ], [ -70.581002316403698, -33.431440343428498 ], [ -70.581000776764398, -33.431440228315303 ], [ -70.580359112283205, -33.431391984184103 ], [ -70.580144707612106, -33.431384264403597 ], [ -70.580117408691393, -33.431383281444603 ], [ -70.580080231617302, -33.431381008857898 ], [ -70.579631135368601, -33.431353559750299 ], [ -70.579523770705407, -33.431336147976197 ], [ -70.5788245918814, -33.4312921891146 ], [ -70.578722694196898, -33.431289420102097 ], [ -70.578624913608806, -33.431290617998997 ], [ -70.578436469667295, -33.431284929786997 ], [ -70.576862165056795, -33.431235048889803 ], [ -70.576637623227697, -33.431228452362497 ], [ -70.576299983557405, -33.431218532840397 ], [ -70.575830106674104, -33.431198691098103 ], [ -70.575607605406603, -33.431183613064697 ], [ -70.574923904814298, -33.431171671866501 ], [ -70.574829459811696, -33.431176865451398 ], [ -70.574729880579497, -33.431180496014498 ], [ -70.574471821017696, -33.431171688953697 ], [ -70.574402083089595, -33.431169718539103 ], [ -70.574157464795107, -33.4311624592115 ], [ -70.573897461798396, -33.431151509066297 ], [ -70.5736933651567, -33.4311439196875 ], [ -70.573394599581107, -33.431131920033501 ], [ -70.573277835203896, -33.431127646455103 ], [ -70.572751925161199, -33.431109651920302 ], [ -70.572455869243001, -33.431101295419801 ], [ -70.571349320914393, -33.431070054770501 ], [ -70.570585525801306, -33.431044772129901 ], [ -70.570211263938603, -33.431040547114897 ], [ -70.5701046807864, -33.431040532725802 ], [ -70.570003775953495, -33.4310360028406 ], [ -70.568472008376403, -33.430990846082103 ], [ -70.568121228711703, -33.430984526545998 ], [ -70.567124385082295, -33.430946682174998 ], [ -70.566796236856803, -33.430937430849099 ], [ -70.566437744606205, -33.430924332223498 ], [ -70.566086848928904, -33.430920196241402 ], [ -70.565712015097404, -33.430911193128402 ], [ -70.565456500617003, -33.430903085740198 ], [ -70.565226913591204, -33.430895802130898 ], [ -70.565114576576406, -33.430887634488101 ], [ -70.565021517429003, -33.430877953286299 ], [ -70.563826980330802, -33.430826636171702 ], [ -70.563706339875594, -33.430823863561798 ], [ -70.563667181595093, -33.430822493894297 ], [ -70.562370127179605, -33.4307694644706 ], [ -70.561323688637302, -33.430717625749203 ], [ -70.560642256135196, -33.430683813038897 ], [ -70.5600724079152, -33.430644354384803 ], [ -70.559731372404897, -33.430629794360897 ], [ -70.559694090110199, -33.430632718056899 ], [ -70.559671110633204, -33.430634521197497 ], [ -70.559567996165995, -33.430629995808999 ], [ -70.558742953624304, -33.430593790902101 ], [ -70.557700785063204, -33.430556107509702 ], [ -70.557419058942401, -33.430549724121803 ], [ -70.557341418671498, -33.430547918283096 ], [ -70.557304330630302, -33.430547054934003 ], [ -70.5565719524336, -33.430510803262401 ], [ -70.555480247415503, -33.430456577740301 ], [ -70.554688180315196, -33.430418334969602 ], [ -70.554642692606095, -33.430481624758599 ], [ -70.554614881971204, -33.430551057816501 ], [ -70.554578617708998, -33.4305942081876 ], [ -70.554536869380996, -33.4306265711907 ], [ -70.554475316182803, -33.430640068216 ], [ -70.554407050444993, -33.430641832685801 ], [ -70.5541399688844, -33.430619729148603 ], [ -70.553759937870794, -33.430586329227097 ], [ -70.553023283397707, -33.430521585234303 ], [ -70.551564907694299, -33.430362183999002 ], [ -70.551506194555202, -33.4303602063898 ], [ -70.549133493415894, -33.430108176782397 ], [ -70.547574679627701, -33.429942599003098 ], [ -70.547486937272296, -33.429941879545503 ], [ -70.547289438057106, -33.429919390199103 ], [ -70.547252804173496, -33.429906903112503 ], [ -70.544243598863005, -33.429558704502 ], [ -70.543555294641095, -33.429479048850403 ], [ -70.543210546729298, -33.429439151327202 ], [ -70.5413324592256, -33.429221779792698 ], [ -70.539671500439297, -33.429029001118899 ], [ -70.539346040287498, -33.428996639914402 ], [ -70.539226123786506, -33.428984888473202 ], [ -70.539160187292794, -33.428978425944997 ], [ -70.5391379389647, -33.428976245988402 ], [ -70.539072015061393, -33.428949814014103 ], [ -70.538998089889901, -33.428920173258803 ], [ -70.538996604209899, -33.428920065340201 ], [ -70.5389950196044, -33.428919950226899 ], [ -70.538892568836999, -33.428912504739699 ], [ -70.538875642696695, -33.428911275366502 ], [ -70.5388880182674, -33.428942453962499 ], [ -70.538916964746093, -33.429015388980403 ], [ -70.538943123326405, -33.429073801746 ], [ -70.538955855028604, -33.429118736371997 ], [ -70.538966492209795, -33.429154677777497 ], [ -70.538968905090897, -33.4291817042037 ], [ -70.538971479849906, -33.429208727032503 ], [ -70.538970210906498, -33.429231288324701 ], [ -70.538968941963006, -33.429253851415503 ], [ -70.538962697070801, -33.429290002363103 ], [ -70.538956210260807, -33.4293216468079 ], [ -70.538950932139798, -33.429357786064301 ], [ -70.538945574878298, -33.429389417019401 ], [ -70.538938928888399, -33.429412045760699 ], [ -70.538930858372396, -33.429439201689199 ], [ -70.538925475929901, -33.429457305941298 ], [ -70.538920418142794, -33.4294754047975 ], [ -70.538911188400604, -33.429516101818102 ], [ -70.538903196125503, -33.429547766047897 ], [ -70.538896973716305, -33.429597445497102 ], [ -70.538890243190096, -33.429642621141397 ], [ -70.538880524216793, -33.4297013612602 ], [ -70.538879350601505, -33.429707549495198 ], [ -70.5388702413685, -33.429755600272102 ], [ -70.538856326158495, -33.429823410953098 ], [ -70.538842035031806, -33.429891227029898 ], [ -70.538837056385006, -33.429913835086801 ], [ -70.538832424876503, -33.429940952344502 ], [ -70.538832127200905, -33.429954483544002 ], [ -70.538829241276403, -33.429995097826897 ], [ -70.538827189023493, -33.4300311984125 ], [ -70.538816369279999, -33.4300854428203 ], [ -70.538805064801906, -33.430139694422799 ], [ -70.538793837665395, -33.430207471828801 ], [ -70.538782612327694, -33.430275249234803 ], [ -70.538778654411303, -33.430297843801803 ], [ -70.538774938412601, -33.430324945770998 ], [ -70.538775415053394, -33.4303519955795 ], [ -70.538775812553695, -33.4303745370866 ], [ -70.538781448604894, -33.430419558946802 ], [ -70.538787082857496, -33.430464581706403 ], [ -70.538793289078995, -33.4304951217838 ], [ -70.538799622104804, -33.430525508077103 ], [ -70.538803013448302, -33.430542195896997 ], [ -70.538806522602897, -33.430559034802997 ], [ -70.538809263736496, -33.430572525533002 ], [ -70.5388120813125, -33.430586028853497 ], [ -70.538812109191397, -33.430586167349098 ], [ -70.538812141567107, -33.430586336421698 ], [ -70.538821983747496, -33.430619897321797 ], [ -70.538831208993102, -33.430648912148897 ], [ -70.538838408965404, -33.4306668599191 ], [ -70.538845367020002, -33.430689320487097 ], [ -70.538845631420699, -33.430707353692803 ], [ -70.538845438066502, -33.430725393193697 ], [ -70.538840972033199, -33.430743484855299 ], [ -70.538836989835104, -33.430757061920303 ], [ -70.538822921740405, -33.430788800793898 ], [ -70.538808853645705, -33.430820541466197 ], [ -70.538797825259394, -33.430847734266898 ], [ -70.538786473117199, -33.430874929765501 ], [ -70.538768022626101, -33.4309112317993 ], [ -70.538750432786202, -33.430947523940503 ], [ -70.538731687317494, -33.4309793221693 ], [ -70.538712940949395, -33.431011119498898 ], [ -70.538693655887499, -33.431051941525297 ], [ -70.538673912171205, -33.4310972781483 ], [ -70.538665222921693, -33.431119932070601 ], [ -70.538656050736094, -33.431142593187502 ], [ -70.538651072089294, -33.431165201244397 ], [ -70.538646093442395, -33.431187808402001 ], [ -70.538636135249405, -33.431233024515898 ], [ -70.538629017115397, -33.431265344351502 ], [ -70.5386261770564, -33.431278239730297 ], [ -70.538620711876305, -33.431309872484 ], [ -70.538615487714495, -33.431346010841096 ], [ -70.538611776212505, -33.431355075108002 ], [ -70.538608787765298, -33.431368640481701 ], [ -70.5385950344332, -33.431436450263298 ], [ -70.538580635388001, -33.431504267239497 ], [ -70.538571161030205, -33.4315494761588 ], [ -70.538561769410094, -33.431590175877297 ], [ -70.538552593627202, -33.431621854496399 ], [ -70.5385439817193, -33.4316580351216 ], [ -70.538537735927704, -33.4316941869685 ], [ -70.538531410995802, -33.431725830514097 ], [ -70.538521698317695, -33.431757515428302 ], [ -70.5385121178399, -33.431793706845497 ], [ -70.538503022996096, -33.431829893766 ], [ -70.538493794153197, -33.431861573284301 ], [ -70.538491019744797, -33.431884154361597 ], [ -70.538488729171505, -33.431906729143599 ], [ -70.538483512204294, -33.431915812296303 ], [ -70.538479395107998, -33.4319293902605 ], [ -70.538465971827094, -33.431961121939601 ], [ -70.538452065610301, -33.431992859014599 ], [ -70.538433232907295, -33.432047203247201 ], [ -70.538414347144297, -33.432101548379102 ], [ -70.538403047162802, -33.432137763178602 ], [ -70.538391668041001, -33.432169467877998 ], [ -70.538381709847997, -33.432214683991901 ], [ -70.538371751655006, -33.432259900105699 ], [ -70.538354910950304, -33.432305200755799 ], [ -70.538337426331097, -33.432350510399097 ], [ -70.538326770264206, -33.4323867162054 ], [ -70.5383160170705, -33.432421176427503 ], [ -70.538302047001807, -33.432454660885199 ], [ -70.538289629163003, -33.432485236935499 ], [ -70.538289162414898, -33.432486386269098 ], [ -70.538280098147993, -33.432504536386602 ], [ -70.538271355838404, -33.432522681108203 ], [ -70.538271327060002, -33.432522724275699 ], [ -70.5382680013672, -33.432527613889597 ], [ -70.538256946001198, -33.432544415923402 ], [ -70.538234012389694, -33.432578137802203 ], [ -70.538218144751596, -33.432602253122901 ], [ -70.538173236205907, -33.432652411011297 ], [ -70.538128556087898, -33.432704821701499 ], [ -70.538102228434994, -33.432736713459903 ], [ -70.538075820742506, -33.4327640960176 ], [ -70.538050596557795, -33.432791464186103 ], [ -70.538025775269304, -33.432823336159402 ], [ -70.538001115858805, -33.432846187932597 ], [ -70.537977600385901, -33.432866772514899 ], [ -70.537959340551097, -33.432885035047597 ], [ -70.537939212824398, -33.432905577361801 ], [ -70.537930832042207, -33.432917119260999 ], [ -70.537923838014606, -33.432925593572598 ], [ -70.537908269850703, -33.432944454154601 ], [ -70.537893521868497, -33.432964764443703 ], [ -70.537874671179097, -33.432987543371802 ], [ -70.537854474204593, -33.433014849487002 ], [ -70.537849794132597, -33.433023925445198 ], [ -70.537844009693202, -33.433037524993097 ], [ -70.537842266807104, -33.433052550865902 ], [ -70.537841173231499, -33.433065215118901 ], [ -70.537841032937294, -33.433066828502703 ], [ -70.537840866562703, -33.433068235941697 ], [ -70.537840593168795, -33.433070232436599 ], [ -70.537837475219206, -33.433096627538703 ], [ -70.537834007433403, -33.433122503731902 ], [ -70.5378338626426, -33.433123716917301 ], [ -70.5378263272232, -33.433151979911301 ], [ -70.537818594852197, -33.433182135078802 ], [ -70.537815200810797, -33.433209233450697 ], [ -70.537812101747093, -33.4332408365267 ], [ -70.537812260927097, -33.433249853129603 ], [ -70.537808842603994, -33.4332634229999 ], [ -70.537802924165604, -33.433281533547301 ], [ -70.5377786235846, -33.433315001817199 ], [ -70.537758514743601, -33.433342920370798 ], [ -70.537756627966004, -33.433345519411503 ], [ -70.537755478632405, -33.433347102218299 ], [ -70.537752697928596, -33.433350932430898 ], [ -70.537744151671205, -33.433362599335901 ], [ -70.537744002383803, -33.433362804381197 ], [ -70.537743182202107, -33.433363923137897 ], [ -70.537728344287601, -33.433384178568403 ], [ -70.537709901890395, -33.433405315334298 ], [ -70.537699728759407, -33.433404043693002 ], [ -70.5376996945852, -33.433404040095702 ], [ -70.537699662209604, -33.433404036498501 ], [ -70.537694037849505, -33.433403334127902 ], [ -70.537505601102595, -33.4333798060646 ], [ -70.537298944990297, -33.433354004515103 ], [ -70.536963214580595, -33.433312253489099 ], [ -70.536516697587501, -33.433256724849301 ], [ -70.536196906761802, -33.433216955929097 ], [ -70.535974918107996, -33.433189350339603 ], [ -70.535567633139706, -33.433138827326403 ], [ -70.535156364174796, -33.433087809686 ], [ -70.534843936998101, -33.433049054301797 ], [ -70.533697813103601, -33.4329068804795 ], [ -70.533297287439794, -33.432857196533703 ], [ -70.532515646180101, -33.432760235228102 ], [ -70.532146253246907, -33.432713569406999 ], [ -70.532108213723106, -33.43270876343 ], [ -70.531671710680897, -33.432653618800799 ], [ -70.531519829576396, -33.432634430865697 ], [ -70.531050208999901, -33.432575103489597 ], [ -70.5309844469746, -33.432566795552503 ], [ -70.5305820848953, -33.432515963172499 ], [ -70.530283042328506, -33.4324781853513 ], [ -70.530068357968304, -33.432451060899098 ], [ -70.529280180435904, -33.432351484364901 ], [ -70.528827556146794, -33.4322945267024 ], [ -70.528652578653507, -33.432272507701398 ], [ -70.528313509061107, -33.432229841165601 ], [ -70.528297930105296, -33.432227947193397 ], [ -70.528245897130404, -33.4322216231607 ], [ -70.527968571392407, -33.432187912973198 ], [ -70.5275530882044, -33.432137406147703 ], [ -70.527466302727603, -33.432126856200803 ], [ -70.527419234909701, -33.432121133814597 ], [ -70.527373018749799, -33.432115517548503 ], [ -70.526972680144993, -33.4320668507359 ], [ -70.526517061113495, -33.432011466886998 ], [ -70.5263937406785, -33.431996476087903 ], [ -70.526371759449106, -33.431993804202101 ], [ -70.526345689002298, -33.431990634991202 ], [ -70.526183704014699, -33.431970942536303 ], [ -70.526077375370605, -33.431958014781898 ], [ -70.526036241279499, -33.431953014551397 ], [ -70.525010872953402, -33.431828355925198 ], [ -70.524503052773596, -33.4317691661455 ], [ -70.524269298289397, -33.4317419202848 ], [ -70.524182168372306, -33.431731764240901 ], [ -70.524024919214597, -33.431729982683898 ], [ -70.523801365740397, -33.431704746808002 ], [ -70.523705179650307, -33.431693889292902 ], [ -70.523664008687007, -33.431689240697203 ], [ -70.523647671602703, -33.431687108404702 ], [ -70.523153395213001, -33.4316225748533 ], [ -70.523125304888893, -33.4316201233014 ], [ -70.523124278762396, -33.4316200333692 ], [ -70.523107921893001, -33.431618605245802 ], [ -70.523075313375003, -33.431615757992198 ], [ -70.5230628388789, -33.431614668913198 ], [ -70.523057244196394, -33.431614738161002 ], [ -70.523056546322493, -33.431614746254901 ], [ -70.523054446405496, -33.431614772335301 ], [ -70.523000333298697, -33.431615436934202 ], [ -70.522958641627994, -33.431633986350697 ], [ -70.522917286303695, -33.4316525312707 ], [ -70.522590589583999, -33.4318228808526 ], [ -70.522327495617404, -33.431961860283003 ], [ -70.522236782801301, -33.432009778859602 ], [ -70.522006716436707, -33.432134306184601 ], [ -70.5217624758575, -33.432278478300503 ], [ -70.521552639742495, -33.432397888483102 ], [ -70.521391378709097, -33.432472888344499 ], [ -70.521128660659102, -33.432556435362599 ], [ -70.520822577300095, -33.432650249041103 ], [ -70.520586022327095, -33.432735908566698 ], [ -70.520062639379304, -33.432949593780101 ], [ -70.519654116943897, -33.4331163847447 ], [ -70.519516489194601, -33.433172575285496 ], [ -70.519454653609301, -33.433209104847599 ], [ -70.519431145331097, -33.433222993977303 ], [ -70.519384842836203, -33.433266304427796 ], [ -70.519371981631593, -33.433278332860098 ], [ -70.519329614569997, -33.433339068574497 ], [ -70.519302473030706, -33.433410820084603 ], [ -70.519297873897699, -33.433506865880503 ], [ -70.519297575322796, -33.4335131071755 ], [ -70.519305761851399, -33.433640843281601 ], [ -70.519305977688703, -33.433644218437301 ], [ -70.519306002869698, -33.433644640219299 ], [ -70.519306004668394, -33.433644678890097 ], [ -70.519306004668394, -33.4336447184603 ], [ -70.519306005567699, -33.433645003545401 ], [ -70.519306008265602, -33.433645551232601 ], [ -70.519306008265602, -33.4336456384668 ], [ -70.519305076568003, -33.433644990954903 ], [ -70.519281125823298, -33.433628356195001 ], [ -70.519266538819707, -33.433618224432799 ], [ -70.5192541227795, -33.4336095999344 ], [ -70.519239535775895, -33.433599468172297 ], [ -70.519230358194406, -33.433593093777603 ], [ -70.519227333774396, -33.4335909929613 ], [ -70.519212746770805, -33.433580861199097 ], [ -70.519166030587797, -33.433548414558999 ], [ -70.519043239853602, -33.4334486248855 ], [ -70.518928793029303, -33.433393830092498 ], [ -70.518861333084004, -33.433372222980999 ], [ -70.518855378672797, -33.433370316418298 ], [ -70.518831961225999, -33.433368592417999 ], [ -70.518822363661101, -33.433367886450199 ], [ -70.518663481334599, -33.433450856103498 ], [ -70.518569056117002, -33.4334954238061 ], [ -70.518276673929293, -33.433585827255399 ], [ -70.5182655232352, -33.433607096221799 ], [ -70.518225417069303, -33.433683594353703 ], [ -70.518169284085204, -33.433757836086599 ], [ -70.518105603091001, -33.433808004766902 ], [ -70.517983340258894, -33.433878369522503 ], [ -70.517875104152694, -33.433928831381799 ], [ -70.517619193071297, -33.434048143538298 ], [ -70.517605900192095, -33.434054339867203 ], [ -70.517386240782301, -33.434170871319999 ], [ -70.517040364221401, -33.434354361795698 ], [ -70.516412876652893, -33.434745323169402 ], [ -70.516022357745598, -33.434954390364098 ], [ -70.515973269151004, -33.434980670352999 ], [ -70.515134668430207, -33.4350811048404 ], [ -70.514517344999405, -33.435129230261097 ], [ -70.514288455847506, -33.435141934983598 ], [ -70.514196240264297, -33.435147053924702 ], [ -70.514054497217202, -33.435154922093297 ], [ -70.513915030354298, -33.435162659860197 ], [ -70.513549249098503, -33.4351829584581 ], [ -70.511556400907097, -33.435293547190803 ], [ -70.511080267440406, -33.435319969272498 ], [ -70.510573529145006, -33.435348689122002 ], [ -70.510067608333401, -33.435487507573697 ], [ -70.509042957666296, -33.435768649135099 ], [ -70.508553079860704, -33.435878323257299 ], [ -70.507970144706306, -33.4360883302435 ], [ -70.507762895041495, -33.436388461889301 ], [ -70.507554568888196, -33.436548818204699 ], [ -70.507274468741699, -33.436601825145402 ], [ -70.507003851046903, -33.436600606564099 ], [ -70.506804354437406, -33.436630086340699 ], [ -70.506714655157197, -33.436663398128601 ], [ -70.506653719793306, -33.4366860268699 ], [ -70.506506894677401, -33.436812040774399 ], [ -70.506501690300794, -33.436816509505597 ], [ -70.506488721177504, -33.4368276395153 ], [ -70.506475056878301, -33.436839365775398 ], [ -70.506449847082806, -33.436861003463797 ], [ -70.506380762062506, -33.436920295766299 ], [ -70.506296651169507, -33.4369924852463 ], [ -70.506012156935498, -33.437433339208503 ], [ -70.505768769812803, -33.437582777754301 ], [ -70.505712465957501, -33.437617349492299 ], [ -70.505700161433296, -33.437620890123299 ], [ -70.505319777885404, -33.437730339414898 ], [ -70.505012059558894, -33.437761130403103 ], [ -70.504741439165997, -33.437759905526498 ], [ -70.504573424224105, -33.437743907486599 ], [ -70.504454684935695, -33.4377588758028 ], [ -70.504254243138703, -33.437920465088702 ], [ -70.504162987132105, -33.437994033229401 ], [ -70.504102592260793, -33.438042720726301 ], [ -70.503980425656096, -33.438137150440497 ], [ -70.503835883918896, -33.4382488732182 ], [ -70.503419959163793, -33.438574074365299 ], [ -70.503243494191906, -33.438652871164301 ], [ -70.503241986928103, -33.438653589722598 ], [ -70.503165949249095, -33.438689851286902 ], [ -70.503146470832903, -33.438699139485003 ], [ -70.503050791960405, -33.438745392517099 ], [ -70.502980902946305, -33.438783959043803 ], [ -70.502825946160399, -33.439383468703298 ], [ -70.502698194765898, -33.439625459178899 ], [ -70.502485113896896, -33.440029079409697 ], [ -70.502179455017796, -33.440457636042296 ], [ -70.502034371888698, -33.440661050998003 ], [ -70.501029833659899, -33.441690075068102 ], [ -70.500570420388598, -33.442082166889698 ], [ -70.500370325729904, -33.442252940052398 ], [ -70.5001175685709, -33.442468657733599 ], [ -70.500004780096504, -33.442564919366802 ], [ -70.498857774866394, -33.443543844004502 ], [ -70.498856176771099, -33.443545207376602 ], [ -70.498083672623395, -33.4442045111605 ], [ -70.498055734284705, -33.444228354885901 ], [ -70.497416896372599, -33.444658640914703 ], [ -70.496300907860601, -33.445410307770601 ], [ -70.495951657942598, -33.445841656798201 ], [ -70.495327458295506, -33.446612577239797 ], [ -70.495166235932999, -33.447075411532197 ], [ -70.494921415291103, -33.447778235308398 ], [ -70.494959997106207, -33.448470001920199 ], [ -70.495283530010894, -33.449769739013398 ], [ -70.495312643763398, -33.4498866958455 ], [ -70.495189551756397, -33.4509894148607 ], [ -70.495162132326499, -33.451009342937901 ], [ -70.494023944949006, -33.451836539355902 ], [ -70.4938569588315, -33.451957899268699 ], [ -70.493216208061497, -33.4525532675503 ], [ -70.492566914631396, -33.453156558859199 ], [ -70.492039588156402, -33.453646519402398 ], [ -70.491896900821303, -33.453732631286996 ], [ -70.490905898288503, -33.454330701132101 ], [ -70.490100476255904, -33.454816761315499 ], [ -70.489947337, -33.454909177447597 ], [ -70.489449251081993, -33.455411050410703 ], [ -70.489163408764298, -33.455910371097801 ], [ -70.488995434291795, -33.456137794354802 ], [ -70.486769485423395, -33.459151409041297 ], [ -70.486691250700602, -33.459340102994297 ], [ -70.486405111606601, -33.460030246329801 ], [ -70.486404702415001, -33.460031234684699 ], [ -70.486320140961695, -33.460235188334302 ], [ -70.486291308696906, -33.461064104256003 ], [ -70.486288959667704, -33.461131643341602 ], [ -70.486287995594495, -33.461159352353199 ], [ -70.486285836322196, -33.4612214577351 ], [ -70.486283275952403, -33.461295052855398 ], [ -70.486280910735402, -33.461363065883802 ], [ -70.486562430911405, -33.462438079484699 ], [ -70.486510633558893, -33.462574811509299 ], [ -70.486272375269905, -33.463203761375397 ], [ -70.486254646034993, -33.4632505620947 ], [ -70.484716512157306, -33.463775517956798 ], [ -70.484394016170896, -33.4638855814854 ], [ -70.482357677664695, -33.465237677108 ], [ -70.481762750050805, -33.465632685430997 ], [ -70.4807559590203, -33.466528951580798 ], [ -70.480069790688304, -33.467139792698198 ], [ -70.479113795165503, -33.468066195129701 ], [ -70.477671896840505, -33.469259820315301 ], [ -70.477499265678503, -33.469466271382203 ], [ -70.476181455809495, -33.471042219953297 ], [ -70.475918244930995, -33.471359648259998 ], [ -70.4747815828038, -33.472730412009703 ], [ -70.474662549437099, -33.472873959096802 ], [ -70.473680897155603, -33.473658436818198 ], [ -70.473479514667801, -33.473819366901097 ], [ -70.472784184042794, -33.474530731538799 ], [ -70.472709848780497, -33.474583282523298 ], [ -70.472083363956003, -33.475026170752002 ], [ -70.472059068771003, -33.475044301084502 ], [ -70.471707909592297, -33.475306355434697 ], [ -70.471499994429195, -33.475389995082999 ], [ -70.4713101907127, -33.475350904251599 ], [ -70.470979587337993, -33.475256793796802 ], [ -70.470759097854099, -33.475188948042302 ], [ -70.470708019059799, -33.475192074985102 ], [ -70.470448685158701, -33.475207948918502 ], [ -70.469510670680805, -33.475210647784003 ], [ -70.468459300256498, -33.4751923843518 ], [ -70.467171291222101, -33.475274214564202 ], [ -70.466466170577306, -33.475282560272703 ], [ -70.465595007203802, -33.475292864704699 ], [ -70.465409327778204, -33.475312909693798 ], [ -70.463996866062502, -33.475465388847397 ], [ -70.463636487933499, -33.475521983183803 ], [ -70.463009512079296, -33.475620440062102 ], [ -70.462772734074406, -33.475668270505103 ], [ -70.461986357884101, -33.475827116858703 ], [ -70.461886157220405, -33.475869955165102 ], [ -70.461634921714193, -33.4759773629957 ], [ -70.461173333882201, -33.476174699433599 ], [ -70.460810031158005, -33.476350865830597 ], [ -70.459961012690499, -33.476762552080899 ], [ -70.4592725708724, -33.477252044976701 ], [ -70.458647792961202, -33.477894418123697 ], [ -70.458367586694706, -33.478084309074397 ], [ -70.458140229088301, -33.4782383854239 ], [ -70.4576665750524, -33.478418075364701 ], [ -70.456720805720593, -33.478869612373501 ], [ -70.456550278072797, -33.479019565331399 ], [ -70.4562199957562, -33.479309995990299 ], [ -70.455298562078994, -33.480064178249997 ], [ -70.455292599573795, -33.480067436493798 ], [ -70.453285435974095, -33.481164343190599 ], [ -70.452373990167501, -33.481949785884602 ], [ -70.451840991668405, -33.482409091237301 ], [ -70.448762188724004, -33.483853505865298 ], [ -70.448729852700495, -33.483869823164497 ], [ -70.447380633109702, -33.484550632436402 ], [ -70.447223651949898, -33.484629842024297 ], [ -70.445116538597304, -33.484907220822201 ], [ -70.444695752107194, -33.484948350416801 ], [ -70.443462697045803, -33.485068864966799 ], [ -70.443438498088199, -33.485071230183799 ], [ -70.442274320303596, -33.485264853320999 ], [ -70.4415742727344, -33.485381277754499 ], [ -70.440759999574297, -33.485516694070803 ], [ -70.440199013273798, -33.485609984344002 ], [ -70.440006793078993, -33.485671095975 ], [ -70.439364571018103, -33.485875275354402 ], [ -70.439137947258402, -33.485947322741403 ], [ -70.438961636070601, -33.485961710095502 ], [ -70.438906826888498, -33.4859661824241 ], [ -70.438892126570394, -33.485967382119703 ], [ -70.438882050566093, -33.485968204099997 ], [ -70.438880576577304, -33.485968323709898 ], [ -70.438878505438694, -33.485968492782398 ], [ -70.438875409972098, -33.485968746391201 ], [ -70.438874667132197, -33.485968807545099 ], [ -70.438873471033801, -33.485968905571198 ], [ -70.438872309109698, -33.485969 ], [ -70.438869820685596, -33.485969203246803 ], [ -70.438868397958203, -33.485969319259397 ], [ -70.438867246826007, -33.485969412788798 ], [ -70.438860253697698, -33.485969983858404 ], [ -70.438860155671605, -33.485969991952203 ], [ -70.438860100813002, -33.485969996448802 ], [ -70.438859984350799, -33.485970006341397 ], [ -70.438856436975001, -33.485965373034198 ], [ -70.438854841577694, -33.485963282110397 ], [ -70.438852017706395, -33.485959581400301 ], [ -70.438850847688499, -33.485958047156799 ], [ -70.438850425906395, -33.485957494073702 ], [ -70.438849584140897, -33.485956389706303 ], [ -70.438848999581595, -33.4859556252825 ], [ -70.438846290823605, -33.485952073859799 ], [ -70.438817870448304, -33.4859148185447 ], [ -70.438805353684103, -33.4858984113133 ], [ -70.438637925100096, -33.485678936264499 ], [ -70.438583552089199, -33.485618142094303 ], [ -70.438582999905506, -33.48561752426 ], [ -70.438542286697199, -33.485572002376699 ], [ -70.438524418067402, -33.485552022138798 ], [ -70.438399292693205, -33.485412120903298 ], [ -70.438384642737006, -33.485395741550903 ], [ -70.438178792417304, -33.4851907105135 ], [ -70.438141151293095, -33.485153219576098 ], [ -70.437862749066596, -33.484870975445901 ], [ -70.437626581701394, -33.484583005332098 ], [ -70.437398465966396, -33.484295331994701 ], [ -70.437147076676197, -33.4840158083136 ], [ -70.436937970810703, -33.4836728419588 ], [ -70.436715117009001, -33.4833019948219 ], [ -70.436688308218805, -33.483261862575603 ], [ -70.436506496777398, -33.4829896944496 ], [ -70.436295834185401, -33.4826541807765 ], [ -70.4359404302066, -33.482288244837399 ], [ -70.435691202886701, -33.482052652138897 ], [ -70.435455537343202, -33.481930436970799 ], [ -70.435439701181195, -33.481922224361902 ], [ -70.435390296025304, -33.481896603576097 ], [ -70.435362024038099, -33.481881818721703 ], [ -70.435361979971304, -33.481881796238603 ], [ -70.435353950824194, -33.481877597303999 ], [ -70.4353509668736, -33.481876036980204 ], [ -70.435183963669004, -33.481788707413699 ], [ -70.435134903852699, -33.481763052453601 ], [ -70.434867219746394, -33.4816723765097 ], [ -70.434658070713297, -33.481601528818302 ], [ -70.434645903785395, -33.481594910707301 ], [ -70.434477711677005, -33.4815034271722 ], [ -70.434371988276595, -33.481445920023901 ], [ -70.434276711401097, -33.481393102840201 ], [ -70.434035601361899, -33.481259444698402 ], [ -70.433780023029598, -33.481140030019098 ], [ -70.433774146859406, -33.481074006291102 ], [ -70.433735270066606, -33.480635149723099 ], [ -70.4337221138844, -33.480526383016901 ], [ -70.4335037306126, -33.4787209040772 ], [ -70.433462109988298, -33.478459999060497 ], [ -70.4333085831246, -33.477497585975499 ], [ -70.4330395374446, -33.476720310025101 ], [ -70.4327625093823, -33.476064336430802 ], [ -70.432753390256707, -33.476042742809099 ], [ -70.4323084911439, -33.474832785935099 ], [ -70.432303275075995, -33.4743041248663 ], [ -70.432299139993304, -33.473884905894501 ], [ -70.432569212698994, -33.473193842552597 ], [ -70.432730927890006, -33.4727800392982 ], [ -70.433400608950905, -33.4713215062134 ], [ -70.433824875817294, -33.470520497154098 ], [ -70.434500008568506, -33.469789897816398 ], [ -70.434721061927405, -33.469535949955002 ], [ -70.434726106224801, -33.469434606253003 ], [ -70.434739840671099, -33.469158632195999 ], [ -70.434705873277395, -33.468614324722203 ], [ -70.434424348604793, -33.467837195361199 ], [ -70.434007225952698, -33.466794520481699 ], [ -70.433416505367404, -33.465455313043201 ], [ -70.432862471725599, -33.464445642383403 ], [ -70.432030186943507, -33.463994359882697 ], [ -70.431625222226202, -33.463960077726298 ], [ -70.430941357957195, -33.463902184768997 ], [ -70.429985021591406, -33.463887033890401 ], [ -70.429670571839395, -33.463764960815197 ], [ -70.429597881437005, -33.463714830805699 ], [ -70.429506239621205, -33.4636516318483 ], [ -70.429194487835304, -33.462932449404001 ], [ -70.428672678701105, -33.461597661234102 ], [ -70.428546910311596, -33.461188847418398 ], [ -70.428375646119207, -33.460632142790203 ], [ -70.427899992890303, -33.459900018202298 ], [ -70.427375626983604, -33.4590933569039 ], [ -70.4273174093709, -33.4585912249361 ], [ -70.427340617275604, -33.458528152783003 ], [ -70.427580619350096, -33.457875892489497 ], [ -70.427663417232907, -33.457425208937302 ], [ -70.427791565228503, -33.456727680369198 ], [ -70.427945835831594, -33.455873739012901 ], [ -70.427999957032299, -33.455589990316803 ], [ -70.428078977762596, -33.4550141643033 ], [ -70.428115472251207, -33.454856268533 ], [ -70.428315632560299, -33.453990251979597 ], [ -70.4284099804362, -33.453582044306998 ], [ -70.428339396246102, -33.452325852387297 ], [ -70.428200720786606, -33.451489445112898 ], [ -70.428225838851304, -33.450734951687799 ], [ -70.428253165651, -33.450220583544201 ], [ -70.428268814753906, -33.449918084882803 ], [ -70.428180309773396, -33.449547683809698 ], [ -70.428187325384698, -33.449373970763197 ], [ -70.428194967823501, -33.449184734519001 ], [ -70.428434145219597, -33.448689630753002 ], [ -70.428786496899207, -33.448184585881101 ], [ -70.429310028235193, -33.447750986749803 ], [ -70.429868247321707, -33.447045446121599 ], [ -70.430050002105901, -33.4468399924029 ], [ -70.430249808082095, -33.4466258890047 ], [ -70.430503678601795, -33.446445749402898 ], [ -70.431155511717506, -33.445983218182199 ], [ -70.4315738403604, -33.4456863780551 ], [ -70.431949857699706, -33.4450558040134 ], [ -70.431964667735201, -33.444851555386201 ], [ -70.432033852580204, -33.443897387285801 ], [ -70.431894345247798, -33.443321020779699 ], [ -70.431879483051702, -33.443259617768398 ], [ -70.431382229905907, -33.442785735304703 ], [ -70.430917721975305, -33.442370092936699 ], [ -70.430833431217806, -33.442201703876698 ], [ -70.430644347858305, -33.4418239661344 ], [ -70.4306396237196, -33.4418145277495 ], [ -70.430395375046501, -33.440115723692998 ], [ -70.4302478007953, -33.439560243941401 ], [ -70.430120847099403, -33.439082369387101 ], [ -70.430153689441198, -33.438572367452103 ], [ -70.430247617333606, -33.438420214752298 ], [ -70.430414293184995, -33.438150216690403 ], [ -70.430589321939607, -33.437866688328299 ], [ -70.430650459651005, -33.437767651387297 ], [ -70.4311251793835, -33.436561536417102 ], [ -70.431179744849302, -33.436429711093602 ], [ -70.431671704585497, -33.435337314496799 ], [ -70.431835730134793, -33.434892901917202 ], [ -70.432260424179205, -33.434268034973201 ], [ -70.432850992778995, -33.433299171950601 ], [ -70.432964376604701, -33.433045994808197 ], [ -70.433070885113196, -33.4328081726904 ], [ -70.433135594032393, -33.432663684912498 ], [ -70.433136267624604, -33.432580976961901 ], [ -70.433143652857297, -33.431674796685897 ], [ -70.4331440413644, -33.431627178482898 ], [ -70.433146367910496, -33.431341678806803 ], [ -70.433146459641407, -33.431330446274501 ], [ -70.433245670151507, -33.430447224791003 ], [ -70.433318040395207, -33.429802941483899 ], [ -70.433545108420006, -33.428994142497103 ], [ -70.433627719243802, -33.428699887021601 ], [ -70.434210779403898, -33.427277570534798 ], [ -70.434506214790005, -33.426894641905598 ], [ -70.434660128362196, -33.426695147994103 ], [ -70.434896446813497, -33.426524262416201 ], [ -70.434929999619698, -33.426499998707399 ], [ -70.435113767985996, -33.426373800442001 ], [ -70.435359618351598, -33.426301907738299 ], [ -70.435468906664696, -33.4262699494301 ], [ -70.435749925918302, -33.426187772079501 ], [ -70.436762304436698, -33.425956153485103 ], [ -70.438904245834195, -33.425642707376497 ], [ -70.439686232433601, -33.425565217292402 ], [ -70.440475125826396, -33.425487037428297 ], [ -70.440889323883098, -33.425322919248799 ], [ -70.4417394674024, -33.424986061089299 ], [ -70.441761514282405, -33.424977325074899 ], [ -70.443063586015597, -33.424371995902398 ], [ -70.444217490844494, -33.423835531416103 ], [ -70.444941168999705, -33.423435742297201 ], [ -70.446565284360403, -33.422538484195201 ], [ -70.446773819156405, -33.422423278343103 ], [ -70.448101302133395, -33.421623390738397 ], [ -70.449032524031693, -33.421062256949099 ], [ -70.449247365773303, -33.4208496958883 ], [ -70.450083507747607, -33.42002242033 ], [ -70.450807122051003, -33.4193064628545 ], [ -70.451444217976203, -33.418594764568198 ], [ -70.451692540578193, -33.418317358790603 ], [ -70.451999443219705, -33.417669962030601 ], [ -70.452307559046602, -33.417019995008303 ], [ -70.452259659355803, -33.416586389581802 ], [ -70.452135775945194, -33.415464913406602 ], [ -70.452167076849094, -33.415068734166297 ], [ -70.452256271609599, -33.4139397738331 ], [ -70.452357746612705, -33.413481062033 ], [ -70.452428946838396, -33.413159204565197 ], [ -70.4528435118186, -33.412219999385101 ], [ -70.452927361008804, -33.4120300337906 ], [ -70.453181247716401, -33.411348612080403 ], [ -70.4532560065594, -33.411003880356397 ], [ -70.453201736071193, -33.410685516754803 ], [ -70.453089992608994, -33.410029999116901 ], [ -70.453070429656606, -33.409616802005502 ], [ -70.453069077076194, -33.409535561748399 ], [ -70.453063024638794, -33.409172169092002 ], [ -70.453151526921403, -33.408621085226599 ], [ -70.453111151858096, -33.407872557004602 ], [ -70.453042681974196, -33.407112655056601 ], [ -70.452849044447802, -33.406377624759301 ], [ -70.452530239279099, -33.405667467011703 ], [ -70.452258548692996, -33.405272741075798 ], [ -70.452090488785004, -33.4049341364329 ], [ -70.451998671601402, -33.404749142290797 ], [ -70.451816272902605, -33.403850134108097 ], [ -70.451616894104305, -33.402873791424099 ], [ -70.4516164345508, -33.4027763714641 ], [ -70.451615517242303, -33.402581229371997 ], [ -70.451659971630406, -33.402379970990602 ], [ -70.451878336915698, -33.401768963498597 ], [ -70.451880365786195, -33.401763286078598 ], [ -70.452643024156203, -33.400620286428797 ], [ -70.453212910147698, -33.399320059205202 ], [ -70.453444851598604, -33.398755007069703 ], [ -70.453761064921196, -33.3979846460064 ], [ -70.454130537893903, -33.397372338094698 ], [ -70.454170591899199, -33.397305958235201 ], [ -70.454213342071995, -33.397235110543697 ], [ -70.4549683912782, -33.396907300463397 ], [ -70.454980880163504, -33.396906223974902 ], [ -70.455846743832097, -33.396831619815202 ], [ -70.456634892586194, -33.396763705712303 ], [ -70.457457434113294, -33.396683166027103 ], [ -70.457766951083897, -33.396576949798202 ], [ -70.458045570047005, -33.396481338374898 ], [ -70.459998268904897, -33.395767299153398 ], [ -70.460863354660006, -33.395495257831698 ], [ -70.461637388554607, -33.395251842830099 ], [ -70.463428194155796, -33.394964937513699 ], [ -70.465834456195196, -33.394847932118203 ], [ -70.466668066577995, -33.394748907767699 ], [ -70.466994004269907, -33.394710189255697 ], [ -70.469159875727698, -33.394117525235501 ], [ -70.469400471354604, -33.394000850790498 ], [ -70.469794931091101, -33.393809561394001 ], [ -70.470184437361894, -33.393620673187399 ], [ -70.470198330988097, -33.393613935466597 ], [ -70.470215860573504, -33.393605434175299 ], [ -70.470249987596802, -33.393590008104198 ], [ -70.470292091606694, -33.393611635900101 ], [ -70.470340437361202, -33.393638553508303 ], [ -70.470341469782994, -33.393639128175103 ], [ -70.470988710060894, -33.393999495512098 ], [ -70.471268268815507, -33.394155140279402 ], [ -70.471536870230395, -33.394304689441697 ], [ -70.471930317330205, -33.394380661470201 ], [ -70.472349274599296, -33.394461557286903 ], [ -70.473429999794604, -33.3947288924562 ], [ -70.473444067889403, -33.394732371933202 ], [ -70.474194199602593, -33.394628857267797 ], [ -70.475130660951194, -33.3944285197922 ], [ -70.475504392213907, -33.394297938231098 ], [ -70.475539998172295, -33.394249997171499 ], [ -70.475835206029899, -33.393852518410903 ], [ -70.476200405424294, -33.393217482832398 ], [ -70.476609969274605, -33.391872390230503 ], [ -70.476681892555206, -33.391711877433103 ], [ -70.477334465812902, -33.390255502721097 ], [ -70.478139391419703, -33.389065229308798 ], [ -70.478581367735899, -33.388411644313898 ], [ -70.478889236249202, -33.387379232497501 ], [ -70.479043791038094, -33.386860937014497 ], [ -70.479031761706395, -33.386150717213802 ], [ -70.479029907304295, -33.386041204070303 ], [ -70.478902742267707, -33.385191285381502 ], [ -70.478930479158194, -33.384945913455098 ], [ -70.478989999888498, -33.384419998915803 ], [ -70.478989955821802, -33.384419762394003 ], [ -70.478911405437003, -33.383957187106503 ], [ -70.4790095439553, -33.383663223011297 ], [ -70.479086707585495, -33.383535868217699 ], [ -70.479385474060294, -33.383379254880701 ], [ -70.479692956764495, -33.383269118507002 ], [ -70.4800846645755, -33.383123502079997 ], [ -70.480941283213596, -33.382656030883098 ], [ -70.481532286185995, -33.382041935119197 ], [ -70.481712835878596, -33.381606178514303 ], [ -70.481754232571703, -33.381450470794597 ], [ -70.481872817176694, -33.381200013202097 ], [ -70.482043958162095, -33.380877378720001 ], [ -70.482058638695193, -33.380849702084099 ], [ -70.482260038270098, -33.380470026302703 ], [ -70.482402429728296, -33.380150657259101 ], [ -70.482424456823196, -33.380069910729802 ], [ -70.482504491089301, -33.379776533891999 ], [ -70.482580232891394, -33.379568389401697 ], [ -70.482604065824901, -33.3792704898732 ], [ -70.482578341617099, -33.378882996285299 ], [ -70.482575575302505, -33.378719999560403 ], [ -70.482573674135693, -33.378607984502899 ], [ -70.482618410910902, -33.378413549277901 ], [ -70.482636430626698, -33.3784001241984 ], [ -70.482969045784799, -33.378152327699802 ], [ -70.483032390432399, -33.3779261059371 ], [ -70.483096039950198, -33.377717917380103 ], [ -70.483202204018497, -33.377184549259603 ], [ -70.483274215432601, -33.3768950925665 ], [ -70.483291062432599, -33.376759611498997 ], [ -70.483259616737897, -33.376512163937299 ], [ -70.483253032801201, -33.376460356692199 ], [ -70.483080299116494, -33.376010716353498 ], [ -70.482725594810304, -33.375454330984702 ], [ -70.482543229386494, -33.375244053302502 ], [ -70.481918682601105, -33.3745239184761 ], [ -70.481694136275294, -33.374285035158302 ], [ -70.481546927148898, -33.374101910706699 ], [ -70.481477566936107, -33.373986661687198 ], [ -70.481428371322195, -33.373904916011199 ], [ -70.481391146584102, -33.373575088751402 ], [ -70.481441815287496, -33.373419622949299 ], [ -70.481549069334093, -33.373158959850301 ], [ -70.481564971146398, -33.373016526123898 ], [ -70.481503205708407, -33.3728927119612 ], [ -70.4812650247611, -33.372719559192397 ], [ -70.481023517221502, -33.372610640500803 ], [ -70.4809567119826, -33.372556278281699 ], [ -70.480937250653497, -33.372421702831502 ], [ -70.480910705364707, -33.372238135913399 ], [ -70.481026815934698, -33.371736216185603 ], [ -70.481167066107204, -33.371509077114297 ], [ -70.481336852713497, -33.371340206017798 ], [ -70.481430529695203, -33.371199299340297 ], [ -70.481410471216194, -33.371145426352498 ], [ -70.481149989780207, -33.371076386298299 ], [ -70.480890914883801, -33.371070458866697 ], [ -70.480674100928994, -33.370989993825397 ], [ -70.480661219939293, -33.3709852130293 ], [ -70.480648121313706, -33.370980352193598 ], [ -70.4806201613913, -33.370969974916598 ], [ -70.480558805144696, -33.370959027469297 ], [ -70.480537677371899, -33.370955257511298 ], [ -70.480530310125701, -33.370953941803101 ], [ -70.480467889081794, -33.370942802800201 ], [ -70.480411426945807, -33.370932727695397 ], [ -70.480382834799997, -33.370927625841396 ], [ -70.480358741063, -33.370923327081996 ], [ -70.480312222730802, -33.370915026339603 ], [ -70.480033440990496, -33.3708958051294 ], [ -70.479861752318001, -33.370918064249402 ], [ -70.479765315316996, -33.3709305675238 ], [ -70.479515795717404, -33.370933541581898 ], [ -70.479433351268099, -33.3709319416879 ], [ -70.479363318362402, -33.370842647102599 ], [ -70.479117689229994, -33.370648958314902 ], [ -70.4789586639112, -33.370428635205499 ], [ -70.478676362224306, -33.370257442059497 ], [ -70.478433199032906, -33.3701532250235 ], [ -70.478198976001906, -33.370013580994097 ], [ -70.478083098356294, -33.369919967864398 ], [ -70.477945987717106, -33.369869878324401 ], [ -70.477901883165302, -33.3698537651713 ], [ -70.477756398938595, -33.369711940286003 ], [ -70.477692318645595, -33.369649472477299 ], [ -70.477530767131199, -33.369589417549697 ], [ -70.477566391075996, -33.368902229386599 ], [ -70.477590092708596, -33.368445022152301 ], [ -70.477620779375499, -33.367853097374699 ], [ -70.477694154161796, -33.3664377128624 ], [ -70.477739206598997, -33.365568642211301 ], [ -70.477758445795601, -33.365197523479097 ], [ -70.477799793025994, -33.364399962420599 ], [ -70.477801919023307, -33.364358947939401 ], [ -70.478161911343093, -33.3643461496873 ], [ -70.478236333839703, -33.364342899537398 ], [ -70.478752083341902, -33.3643203679229 ], [ -70.478930780431099, -33.364315561046503 ], [ -70.479064927804103, -33.364319320212701 ], [ -70.479202402668705, -33.364331076150499 ], [ -70.479231861760994, -33.364332904472199 ], [ -70.479311060556896, -33.3643378183679 ], [ -70.479400478349405, -33.364339430852297 ], [ -70.479508491423701, -33.364331978170497 ] ] ] } }
]
}
