{"type": "FeatureCollection", "name": "Unidades_Vecinales_Las_Condes", "crs": {"type": "name", "properties": {"name": "urn:ogc:def:crs:OGC:1.3:CRS84"}}, "features": [{"type": "Feature", "geometry": {"type": "Polygon", "coordinates": [[[-70.563589, -33.425282], [-70.563691, -33.425698], [-70.564095, -33.427231], [-70.564262, -33.427894], [-70.564294, -33.428046], [-70.564317, -33.428164], [-70.564544, -33.429073], [-70.564633, -33.429413], [-70.564716, -33.429758], [-70.564799, -33.430091], [-70.564883, -33.430427], [-70.565, -33.430897], [-70.565071, -33.4309], [-70.565071, -33.430961], [-70.566132, -33.430995], [-70.572927, -33.431182], [-70.574067, -33.431221], [-70.574382, -33.431229], [-70.574391, -33.431174], [-70.574466, -33.430724], [-70.574527, -33.430403], [-70.574652, -33.42962], [-70.574781, -33.428846], [-70.574918, -33.428067], [-70.574949, -33.427929], [-70.574964, -33.427874], [-70.575002, -33.427766], [-70.575053, -33.427645], [-70.575097, -33.427557], [-70.575145, -33.427474], [-70.575215, -33.427365], [-70.575283, -33.427269], [-70.575431, -33.427097], [-70.575637, -33.426885], [-70.576146, -33.426356], [-70.576705, -33.425781], [-70.576546, -33.425762], [-70.576237, -33.425846], [-70.575872, -33.42594], [-70.575758, -33.425967], [-70.575685, -33.425975], [-70.575035, -33.426035], [-70.575017, -33.426038], [-70.57496, -33.426047], [-70.574905, -33.426058], [-70.574785, -33.426088], [-70.574533, -33.426174], [-70.574417, -33.426214], [-70.574333, -33.426236], [-70.574245, -33.426247], [-70.574174, -33.426248], [-70.574093, -33.426243], [-70.573854, -33.42622], [-70.572502, -33.42609], [-70.571843, -33.426026], [-70.571233, -33.425965], [-70.57086, -33.425928], [-70.570325, -33.425876], [-70.57022, -33.425866], [-70.569703, -33.425815], [-70.569217, -33.425767], [-70.569171, -33.425763], [-70.568592, -33.425705], [-70.567644, -33.425613], [-70.567253, -33.425574], [-70.566773, -33.425526], [-70.566609, -33.42551], [-70.566518, -33.425501], [-70.566084, -33.425458], [-70.56533, -33.425379], [-70.565153, -33.425363], [-70.564321, -33.425298], [-70.564212, -33.425278], [-70.563887, -33.425242], [-70.563574, -33.425212], [-70.563589, -33.425282]]]}, "properties": {"Name": "4", "descriptio": "FID_uvecin   <Null>    <br>   U_Vecinal   4    <br>   VECINAL   C-4    <br>   Shape_Leng   3420,620903    <br>   Shape.area   585665,614005    <br>   Shape.len   3420,620903", "timestamp": "", "begin": "", "end": "", "altitudeMo": "", "tessellate": -1, "extrude": 0, "visibility": -1, "drawOrder": null, "icon": ""}}, {"type": "Feature", "geometry": {"type": "Polygon", "coordinates": [[[-70.578138, -33.424305], [-70.577236, -33.425228], [-70.576913, -33.425564], [-70.576705, -33.425781], [-70.576146, -33.426356], [-70.575637, -33.426885], [-70.575431, -33.427097], [-70.575283, -33.427269], [-70.575215, -33.427365], [-70.575145, -33.427474], [-70.575097, -33.427557], [-70.575053, -33.427645], [-70.575002, -33.427766], [-70.574964, -33.427874], [-70.574949, -33.427929], [-70.574918, -33.428067], [-70.574781, -33.428846], [-70.574652, -33.42962], [-70.574527, -33.430403], [-70.574466, -33.430724], [-70.574391, -33.431174], [-70.574382, -33.431229], [-70.574697, -33.431237], [-70.574904, -33.431236], [-70.575167, -33.431241], [-70.577793, -33.431315], [-70.578359, -33.431335], [-70.578813, -33.43136], [-70.580691, -33.431482], [-70.583057, -33.431643], [-70.583436, -33.43166], [-70.583833, -33.431664], [-70.58416, -33.431688], [-70.584311, -33.431706], [-70.5845, -33.431739], [-70.58451, -33.431726], [-70.584669, -33.431509], [-70.585011, -33.431049], [-70.585492, -33.430596], [-70.586719, -33.429539], [-70.587762, -33.428658], [-70.589344, -33.427321], [-70.59086, -33.426141], [-70.590859, -33.426141], [-70.590807, -33.426118], [-70.590685, -33.426077], [-70.590369, -33.42601], [-70.590103, -33.425948], [-70.589763, -33.425872], [-70.589571, -33.425827], [-70.589385, -33.425789], [-70.589112, -33.425728], [-70.589021, -33.425706], [-70.588683, -33.425632], [-70.588482, -33.425584], [-70.588258, -33.425534], [-70.587856, -33.425445], [-70.587591, -33.425384], [-70.58606, -33.425039], [-70.585738, -33.42496], [-70.585354, -33.424875], [-70.584942, -33.424783], [-70.584451, -33.424674], [-70.583855, -33.424542], [-70.583334, -33.424426], [-70.582299, -33.424191], [-70.58153, -33.424016], [-70.581339, -33.423974], [-70.579406, -33.423535], [-70.578985, -33.423428], [-70.578138, -33.424305]]]}, "properties": {"Name": "3", "descriptio": "FID_uvecin   <Null>    <br>   U_Vecinal   3    <br>   VECINAL   C-3    <br>   Shape_Leng   3944,897141    <br>   Shape.area   895977,881872    <br>   Shape.len   3944,897141", "timestamp": "", "begin": "", "end": "", "altitudeMo": "", "tessellate": -1, "extrude": 0, "visibility": -1, "drawOrder": null, "icon": ""}}, {"type": "Feature", "geometry": {"type": "Polygon", "coordinates": [[[-70.564563, -33.416978], [-70.564415, -33.41732], [-70.564342, -33.417496], [-70.564298, -33.417609], [-70.56427, -33.417737], [-70.564244, -33.417871], [-70.564226, -33.418117], [-70.564227, -33.418179], [-70.564222, -33.418264], [-70.564229, -33.418454], [-70.564235, -33.419044], [-70.564251, -33.4199], [-70.564269, -33.420821], [-70.564232, -33.421943], [-70.564219, -33.422272], [-70.564204, -33.422691], [-70.564192, -33.423016], [-70.564185, -33.423147], [-70.564174, -33.423421], [-70.564171, -33.423573], [-70.564166, -33.423672], [-70.564159, -33.423721], [-70.564147, -33.423788], [-70.564135, -33.423838], [-70.564126, -33.423887], [-70.564093, -33.423997], [-70.564056, -33.424087], [-70.564011, -33.42419], [-70.563966, -33.424273], [-70.563923, -33.424342], [-70.56382, -33.424496], [-70.563764, -33.424591], [-70.56373, -33.424642], [-70.563693, -33.424719], [-70.563659, -33.424818], [-70.563604, -33.425024], [-70.56359, -33.425118], [-70.563574, -33.425212], [-70.563887, -33.425242], [-70.564212, -33.425278], [-70.564321, -33.425298], [-70.565153, -33.425363], [-70.56533, -33.425379], [-70.566084, -33.425458], [-70.566518, -33.425501], [-70.566609, -33.42551], [-70.566773, -33.425526], [-70.567253, -33.425574], [-70.567644, -33.425613], [-70.568592, -33.425705], [-70.569171, -33.425763], [-70.569217, -33.425767], [-70.569703, -33.425815], [-70.57022, -33.425866], [-70.570325, -33.425876], [-70.57086, -33.425928], [-70.571233, -33.425965], [-70.571843, -33.426026], [-70.572502, -33.42609], [-70.573854, -33.42622], [-70.574093, -33.426243], [-70.574174, -33.426248], [-70.574245, -33.426247], [-70.574333, -33.426236], [-70.574417, -33.426214], [-70.574533, -33.426174], [-70.574785, -33.426088], [-70.574905, -33.426058], [-70.57496, -33.426047], [-70.575017, -33.426038], [-70.575035, -33.426035], [-70.575685, -33.425975], [-70.575758, -33.425967], [-70.575872, -33.42594], [-70.576237, -33.425846], [-70.576546, -33.425762], [-70.576705, -33.425781], [-70.576913, -33.425564], [-70.577236, -33.425228], [-70.578138, -33.424305], [-70.578985, -33.423428], [-70.578181, -33.423265], [-70.578008, -33.423224], [-70.577869, -33.423163], [-70.577809, -33.423122], [-70.577762, -33.423081], [-70.577732, -33.423053], [-70.577692, -33.423003], [-70.577664, -33.422963], [-70.577411, -33.422607], [-70.577224, -33.422336], [-70.576705, -33.421653], [-70.576458, -33.421286], [-70.576399, -33.421212], [-70.575641, -33.420157], [-70.575533, -33.420024], [-70.575479, -33.419969], [-70.575406, -33.419898], [-70.575335, -33.419848], [-70.575272, -33.419816], [-70.575143, -33.419768], [-70.5747, -33.419633], [-70.573398, -33.419234], [-70.572985, -33.419106], [-70.572708, -33.419024], [-70.57264, -33.419003], [-70.571838, -33.418753], [-70.570914, -33.418474], [-70.570613, -33.41838], [-70.570319, -33.41829], [-70.569741, -33.418111], [-70.56881, -33.417828], [-70.568104, -33.417615], [-70.567354, -33.417385], [-70.567345, -33.417383], [-70.567211, -33.417341], [-70.566128, -33.417009], [-70.564942, -33.416653], [-70.564727, -33.416588], [-70.564563, -33.416978]]]}, "properties": {"Name": "5", "descriptio": "FID_uvecin   <Null>    <br>   U_Vecinal   5    <br>   VECINAL   C-5    <br>   Shape_Leng   4143,098096    <br>   Shape.area   995710,128296    <br>   Shape.len   4143,098099", "timestamp": "", "begin": "", "end": "", "altitudeMo": "", "tessellate": -1, "extrude": 0, "visibility": -1, "drawOrder": null, "icon": ""}}, {"type": "Feature", "geometry": {"type": "Polygon", "coordinates": [[[-70.564173, -33.416506], [-70.56411, -33.416511], [-70.564047, -33.416518], [-70.563903, -33.41654], [-70.563147, -33.416668], [-70.562921, -33.416705], [-70.562357, -33.416799], [-70.562125, -33.416838], [-70.561335, -33.416971], [-70.560436, -33.417123], [-70.559274, -33.41732], [-70.55854, -33.417444], [-70.557346, -33.417645], [-70.557284, -33.417687], [-70.556289, -33.417856], [-70.555661, -33.417972], [-70.554811, -33.418119], [-70.554797, -33.418122], [-70.55462, -33.418121], [-70.554356, -33.418167], [-70.554033, -33.418219], [-70.553849, -33.418243], [-70.553692, -33.418257], [-70.553585, -33.418263], [-70.553483, -33.418265], [-70.553331, -33.418263], [-70.553322, -33.418263], [-70.553174, -33.418254], [-70.552996, -33.418233], [-70.552974, -33.418341], [-70.55295, -33.418459], [-70.552939, -33.418562], [-70.552934, -33.418666], [-70.552933, -33.418763], [-70.552934, -33.418836], [-70.552962, -33.419029], [-70.553063, -33.419582], [-70.5531, -33.419784], [-70.553196, -33.420322], [-70.553211, -33.420411], [-70.553225, -33.420485], [-70.553285, -33.420821], [-70.553451, -33.421781], [-70.553533, -33.422233], [-70.55364, -33.422871], [-70.553674, -33.42307], [-70.553715, -33.423307], [-70.553798, -33.423801], [-70.553863, -33.424163], [-70.553879, -33.424267], [-70.553888, -33.424321], [-70.553972, -33.424803], [-70.554083, -33.425452], [-70.554101, -33.425582], [-70.554122, -33.425942], [-70.554161, -33.426814], [-70.554185, -33.42743], [-70.554219, -33.428221], [-70.554231, -33.428628], [-70.554237, -33.428751], [-70.554274, -33.429679], [-70.554299, -33.430307], [-70.554299, -33.430349], [-70.554301, -33.430349], [-70.554306, -33.43048], [-70.554353, -33.430483], [-70.554453, -33.430471], [-70.554648, -33.430482], [-70.55479, -33.430476], [-70.55488, -33.430477], [-70.558158, -33.43064], [-70.559965, -33.430725], [-70.560572, -33.430758], [-70.56506, -33.43096], [-70.565071, -33.430961], [-70.565071, -33.4309], [-70.565, -33.430897], [-70.564883, -33.430427], [-70.564799, -33.430091], [-70.564716, -33.429758], [-70.564633, -33.429413], [-70.564544, -33.429073], [-70.564317, -33.428164], [-70.564294, -33.428046], [-70.564262, -33.427894], [-70.564095, -33.427231], [-70.563691, -33.425698], [-70.563589, -33.425282], [-70.563574, -33.425212], [-70.56359, -33.425118], [-70.563604, -33.425024], [-70.563659, -33.424818], [-70.563693, -33.424719], [-70.56373, -33.424642], [-70.563764, -33.424591], [-70.56382, -33.424496], [-70.563923, -33.424342], [-70.563966, -33.424273], [-70.564011, -33.42419], [-70.564056, -33.424087], [-70.564093, -33.423997], [-70.564126, -33.423887], [-70.564135, -33.423838], [-70.564147, -33.423788], [-70.564159, -33.423721], [-70.564166, -33.423672], [-70.564171, -33.423573], [-70.564174, -33.423421], [-70.564185, -33.423147], [-70.564192, -33.423016], [-70.564204, -33.422691], [-70.564219, -33.422272], [-70.564232, -33.421943], [-70.564269, -33.420821], [-70.564251, -33.4199], [-70.564235, -33.419044], [-70.564229, -33.418454], [-70.564222, -33.418264], [-70.564227, -33.418179], [-70.564226, -33.418117], [-70.564244, -33.417871], [-70.56427, -33.417737], [-70.564298, -33.417609], [-70.564342, -33.417496], [-70.564415, -33.41732], [-70.564563, -33.416978], [-70.564727, -33.416588], [-70.564601, -33.416539], [-70.564528, -33.416521], [-70.564447, -33.416507], [-70.564288, -33.416504], [-70.564173, -33.416506]]]}, "properties": {"Name": "14", "descriptio": "FID_uvecin   <Null>    <br>   U_Vecinal   14    <br>   VECINAL   C-14    <br>   Shape_Leng   5114,597843    <br>   Shape.area   1436613,741666    <br>   Shape.len   5114,597849", "timestamp": "", "begin": "", "end": "", "altitudeMo": "", "tessellate": -1, "extrude": 0, "visibility": -1, "drawOrder": null, "icon": ""}}, {"type": "Feature", "geometry": {"type": "Polygon", "coordinates": [[[-70.538831, -33.416528], [-70.538713, -33.416809], [-70.538669, -33.416917], [-70.538644, -33.417004], [-70.538638, -33.417031], [-70.538632, -33.417058], [-70.538612, -33.417155], [-70.538612, -33.41722], [-70.538619, -33.417326], [-70.538555, -33.417468], [-70.538467, -33.417689], [-70.538348, -33.417969], [-70.538223, -33.418287], [-70.53818, -33.418404], [-70.53813, -33.418567], [-70.538017, -33.418985], [-70.537977, -33.419185], [-70.537962, -33.419271], [-70.537939, -33.41941], [-70.537892, -33.419811], [-70.537832, -33.420283], [-70.537778, -33.420723], [-70.537683, -33.421468], [-70.537657, -33.421668], [-70.537639, -33.421825], [-70.53763, -33.421961], [-70.537631, -33.422019], [-70.537635, -33.422085], [-70.537745, -33.422533], [-70.537782, -33.422709], [-70.537848, -33.422929], [-70.537986, -33.423488], [-70.538016, -33.423722], [-70.538027, -33.423812], [-70.538083, -33.424211], [-70.538156, -33.424715], [-70.538225, -33.425131], [-70.538286, -33.425476], [-70.538344, -33.425778], [-70.538399, -33.426035], [-70.538516, -33.426533], [-70.538613, -33.426921], [-70.538645, -33.427058], [-70.538797, -33.427688], [-70.538977, -33.428436], [-70.539014, -33.428595], [-70.539049, -33.428751], [-70.539056, -33.42879], [-70.539143, -33.428798], [-70.539469, -33.428828], [-70.541356, -33.429046], [-70.541716, -33.429084], [-70.541924, -33.429112], [-70.543589, -33.429307], [-70.547567, -33.429767], [-70.549092, -33.429924], [-70.550273, -33.430055], [-70.550726, -33.430098], [-70.553407, -33.430379], [-70.55384, -33.430443], [-70.554095, -33.430467], [-70.554306, -33.43048], [-70.554301, -33.430349], [-70.554299, -33.430349], [-70.554299, -33.430307], [-70.554274, -33.429679], [-70.554237, -33.428751], [-70.554231, -33.428628], [-70.554219, -33.428221], [-70.554185, -33.42743], [-70.554161, -33.426814], [-70.554122, -33.425942], [-70.554101, -33.425582], [-70.554083, -33.425452], [-70.553972, -33.424803], [-70.553888, -33.424321], [-70.553879, -33.424267], [-70.553863, -33.424163], [-70.553798, -33.423801], [-70.553715, -33.423307], [-70.553674, -33.42307], [-70.55364, -33.422871], [-70.553533, -33.422233], [-70.553451, -33.421781], [-70.553285, -33.420821], [-70.553225, -33.420485], [-70.553211, -33.420411], [-70.553196, -33.420322], [-70.5531, -33.419784], [-70.553063, -33.419582], [-70.552962, -33.419029], [-70.552934, -33.418836], [-70.552933, -33.418763], [-70.552934, -33.418666], [-70.552939, -33.418562], [-70.55295, -33.418459], [-70.552974, -33.418341], [-70.552996, -33.418233], [-70.552901, -33.418222], [-70.552692, -33.418195], [-70.55225, -33.418138], [-70.551279, -33.41801], [-70.55127, -33.418009], [-70.55091, -33.417962], [-70.55042, -33.417897], [-70.549911, -33.417826], [-70.549396, -33.417754], [-70.548966, -33.417694], [-70.548785, -33.417674], [-70.548311, -33.417613], [-70.547811, -33.417549], [-70.547257, -33.417481], [-70.547149, -33.417463], [-70.546675, -33.417405], [-70.546365, -33.417363], [-70.546083, -33.417326], [-70.545776, -33.417291], [-70.545178, -33.417219], [-70.544979, -33.417188], [-70.544556, -33.417133], [-70.544108, -33.417076], [-70.543962, -33.417059], [-70.543345, -33.416978], [-70.542737, -33.4169], [-70.542104, -33.416819], [-70.541493, -33.41674], [-70.541359, -33.416722], [-70.540984, -33.41668], [-70.540722, -33.416644], [-70.5399, -33.41654], [-70.539835, -33.416531], [-70.53916, -33.416446], [-70.53903, -33.416429], [-70.53891, -33.416417], [-70.538831, -33.416528]]]}, "properties": {"Name": "15", "descriptio": "FID_uvecin   <Null>    <br>   U_Vecinal   15    <br>   VECINAL   C-15    <br>   Shape_Leng   5522,759247    <br>   Shape.area   1964690,080991    <br>   Shape.len   5522,759243", "timestamp": "", "begin": "", "end": "", "altitudeMo": "", "tessellate": -1, "extrude": 0, "visibility": -1, "drawOrder": null, "icon": ""}}, {"type": "Feature", "geometry": {"type": "Polygon", "coordinates": [[[-70.529547, -33.416104], [-70.529565, -33.416223], [-70.529591, -33.416306], [-70.529642, -33.416407], [-70.529654, -33.416469], [-70.52963, -33.416537], [-70.529606, -33.416605], [-70.529607, -33.416767], [-70.529609, -33.416929], [-70.52961, -33.417359], [-70.529606, -33.417493], [-70.529614, -33.417529], [-70.52961, -33.417696], [-70.529613, -33.417935], [-70.529613, -33.418503], [-70.529614, -33.418618], [-70.529614, -33.418741], [-70.529613, -33.418934], [-70.529619, -33.419685], [-70.529624, -33.420125], [-70.529623, -33.421358], [-70.529631, -33.421842], [-70.52963, -33.422024], [-70.521088, -33.431378], [-70.523053, -33.431607], [-70.523062, -33.431608], [-70.523108, -33.431614], [-70.52367, -33.43168], [-70.524012, -33.431719], [-70.524169, -33.431725], [-70.524563, -33.43177], [-70.525021, -33.431825], [-70.526075, -33.431952], [-70.52744, -33.432121], [-70.527973, -33.432184], [-70.528605, -33.432261], [-70.529278, -33.432346], [-70.529644, -33.43239], [-70.529727, -33.432399], [-70.530169, -33.432457], [-70.530328, -33.432475], [-70.531157, -33.432583], [-70.531898, -33.432667], [-70.532201, -33.432705], [-70.532508, -33.432744], [-70.532678, -33.432764], [-70.53307, -33.432815], [-70.533493, -33.432865], [-70.534045, -33.432928], [-70.535373, -33.433092], [-70.535896, -33.433159], [-70.536319, -33.433219], [-70.536325, -33.43322], [-70.536408, -33.433232], [-70.537273, -33.43334], [-70.537735, -33.433393], [-70.537741, -33.433394], [-70.537766, -33.433342], [-70.537774, -33.433324], [-70.5378, -33.433285], [-70.537811, -33.433249], [-70.537813, -33.433243], [-70.53781, -33.433209], [-70.537814, -33.433191], [-70.537817, -33.433169], [-70.537818, -33.433161], [-70.537831, -33.43313], [-70.537842, -33.433052], [-70.53784, -33.433038], [-70.537843, -33.433023], [-70.537848, -33.433011], [-70.537881, -33.432968], [-70.537902, -33.432941], [-70.537978, -33.432855], [-70.538025, -33.432804], [-70.538048, -33.432782], [-70.538087, -33.432745], [-70.538148, -33.432688], [-70.538167, -33.432669], [-70.53817, -33.432666], [-70.538191, -33.432635], [-70.538204, -33.432613], [-70.538216, -33.432591], [-70.538222, -33.432578], [-70.538235, -33.432546], [-70.538242, -33.432524], [-70.53827, -33.432456], [-70.538285, -33.432415], [-70.538306, -33.432359], [-70.538324, -33.432301], [-70.53835, -33.432227], [-70.538366, -33.432189], [-70.538378, -33.432155], [-70.538397, -33.432097], [-70.538417, -33.432043], [-70.538431, -33.432005], [-70.538455, -33.431949], [-70.538473, -33.431904], [-70.538476, -33.431893], [-70.53848, -33.431878], [-70.538489, -33.431843], [-70.538508, -33.43178], [-70.538518, -33.431752], [-70.53852, -33.431744], [-70.538538, -33.431648], [-70.53855, -33.431598], [-70.538563, -33.431523], [-70.538573, -33.43148], [-70.538593, -33.431389], [-70.538606, -33.431314], [-70.53862, -33.431216], [-70.538628, -33.431179], [-70.538631, -33.431166], [-70.538642, -33.431133], [-70.538662, -33.431083], [-70.538681, -33.431039], [-70.538697, -33.431012], [-70.538709, -33.430993], [-70.538743, -33.430935], [-70.538752, -33.430918], [-70.538765, -33.430888], [-70.538772, -33.430872], [-70.538797, -33.430801], [-70.538812, -33.430765], [-70.538818, -33.430747], [-70.538826, -33.430717], [-70.538832, -33.430697], [-70.538835, -33.430677], [-70.538838, -33.430653], [-70.538837, -33.430629], [-70.538829, -33.430611], [-70.538786, -33.430499], [-70.538781, -33.430433], [-70.538779, -33.430397], [-70.538781, -33.430376], [-70.538773, -33.430319], [-70.538773, -33.430293], [-70.538777, -33.430262], [-70.538777, -33.430258], [-70.538792, -33.430212], [-70.538797, -33.430196], [-70.538803, -33.430183], [-70.53881, -33.430172], [-70.538819, -33.430153], [-70.538827, -33.430135], [-70.538839, -33.430107], [-70.538844, -33.43009], [-70.538846, -33.430083], [-70.538857, -33.43002], [-70.53886, -33.429994], [-70.53886, -33.429925], [-70.53886, -33.429913], [-70.538863, -33.429893], [-70.538879, -33.429792], [-70.538882, -33.429767], [-70.538885, -33.429735], [-70.538893, -33.429623], [-70.538899, -33.429531], [-70.538901, -33.429503], [-70.538909, -33.42944], [-70.538923, -33.429369], [-70.538928, -33.429352], [-70.538942, -33.429312], [-70.538949, -33.429293], [-70.538958, -33.429269], [-70.538968, -33.429235], [-70.538969, -33.429228], [-70.538965, -33.429176], [-70.538964, -33.429171], [-70.538947, -33.429132], [-70.538927, -33.429076], [-70.538923, -33.429062], [-70.538912, -33.429013], [-70.538908, -33.428992], [-70.538906, -33.428972], [-70.5389, -33.428947], [-70.538899, -33.42893], [-70.538869, -33.428772], [-70.539056, -33.42879], [-70.539049, -33.428751], [-70.539014, -33.428595], [-70.538977, -33.428436], [-70.538797, -33.427688], [-70.538645, -33.427058], [-70.538613, -33.426921], [-70.538516, -33.426533], [-70.538399, -33.426035], [-70.538344, -33.425778], [-70.538286, -33.425476], [-70.538225, -33.425131], [-70.538156, -33.424715], [-70.538083, -33.424211], [-70.538027, -33.423812], [-70.538016, -33.423722], [-70.537986, -33.423488], [-70.537848, -33.422929], [-70.537782, -33.422709], [-70.537745, -33.422533], [-70.537635, -33.422085], [-70.537631, -33.422019], [-70.53763, -33.421961], [-70.537639, -33.421825], [-70.537657, -33.421668], [-70.537683, -33.421468], [-70.537778, -33.420723], [-70.537832, -33.420283], [-70.537892, -33.419811], [-70.537939, -33.41941], [-70.537962, -33.419271], [-70.537977, -33.419185], [-70.538017, -33.418985], [-70.53813, -33.418567], [-70.53818, -33.418404], [-70.538223, -33.418287], [-70.538348, -33.417969], [-70.538467, -33.417689], [-70.538555, -33.417468], [-70.538619, -33.417326], [-70.538612, -33.41722], [-70.538612, -33.417155], [-70.538632, -33.417058], [-70.538638, -33.417031], [-70.538644, -33.417004], [-70.538669, -33.416917], [-70.538713, -33.416809], [-70.538831, -33.416528], [-70.53891, -33.416417], [-70.53881, -33.416404], [-70.538567, -33.416374], [-70.538316, -33.416352], [-70.538002, -33.416318], [-70.537835, -33.416302], [-70.537122, -33.416245], [-70.53701, -33.416239], [-70.536408, -33.416208], [-70.536323, -33.416204], [-70.535668, -33.416182], [-70.535513, -33.416181], [-70.535081, -33.416176], [-70.534362, -33.416175], [-70.534242, -33.416177], [-70.534065, -33.416175], [-70.533888, -33.416174], [-70.53377, -33.416174], [-70.533541, -33.416166], [-70.533463, -33.416169], [-70.53339, -33.416178], [-70.533301, -33.416192], [-70.533242, -33.416203], [-70.53316, -33.416226], [-70.533125, -33.416242], [-70.533106, -33.416181], [-70.533106, -33.416167], [-70.533112, -33.416143], [-70.53313, -33.41612], [-70.533142, -33.416111], [-70.533181, -33.416096], [-70.533193, -33.415969], [-70.532966, -33.415919], [-70.532896, -33.415894], [-70.532756, -33.415832], [-70.532678, -33.415828], [-70.532624, -33.415817], [-70.532421, -33.415796], [-70.532317, -33.415787], [-70.532113, -33.415764], [-70.53205, -33.41576], [-70.531856, -33.41575], [-70.531694, -33.415744], [-70.531453, -33.415744], [-70.531328, -33.415745], [-70.531175, -33.415756], [-70.531025, -33.415763], [-70.530941, -33.415762], [-70.530823, -33.415753], [-70.530555, -33.415719], [-70.530489, -33.415714], [-70.530369, -33.415717], [-70.530183, -33.415725], [-70.529944, -33.415743], [-70.529875, -33.415745], [-70.529804, -33.415742], [-70.529743, -33.415736], [-70.529658, -33.415722], [-70.52956, -33.415689], [-70.529547, -33.416104]]]}, "properties": {"Name": "23", "descriptio": "FID_uvecin   <Null>    <br>   U_Vecinal   23    <br>   VECINAL   C-23    <br>   Shape_Leng   6448,791195    <br>   Shape.area   1969078,100759    <br>   Shape.len   6448,791204", "timestamp": "", "begin": "", "end": "", "altitudeMo": "", "tessellate": -1, "extrude": 0, "visibility": -1, "drawOrder": null, "icon": ""}}, {"type": "Feature", "geometry": {"type": "Polygon", "coordinates": [[[-70.584463, -33.414295], [-70.584458, -33.414305], [-70.584431, -33.414361], [-70.584414, -33.414396], [-70.584305, -33.41463], [-70.584278, -33.414702], [-70.584222, -33.414818], [-70.584171, -33.414903], [-70.584111, -33.415], [-70.584002, -33.415138], [-70.583879, -33.415359], [-70.583842, -33.415436], [-70.583645, -33.415868], [-70.583465, -33.41625], [-70.58331, -33.416568], [-70.583202, -33.416793], [-70.583165, -33.416872], [-70.583121, -33.416961], [-70.583076, -33.417049], [-70.582976, -33.417263], [-70.582893, -33.417431], [-70.582573, -33.418108], [-70.582271, -33.418713], [-70.582074, -33.419114], [-70.581868, -33.419532], [-70.581793, -33.419654], [-70.581728, -33.41975], [-70.581357, -33.420253], [-70.581143, -33.420539], [-70.581037, -33.420687], [-70.580751, -33.421071], [-70.580402, -33.421548], [-70.580263, -33.421733], [-70.580127, -33.421917], [-70.579639, -33.422559], [-70.57945, -33.422819], [-70.579234, -33.42312], [-70.578985, -33.423428], [-70.579406, -33.423535], [-70.581339, -33.423974], [-70.58153, -33.424016], [-70.582299, -33.424191], [-70.583334, -33.424426], [-70.583855, -33.424542], [-70.584451, -33.424674], [-70.584942, -33.424783], [-70.585354, -33.424875], [-70.585738, -33.42496], [-70.58606, -33.425039], [-70.587591, -33.425384], [-70.587856, -33.425445], [-70.588258, -33.425534], [-70.588482, -33.425584], [-70.588683, -33.425632], [-70.589021, -33.425706], [-70.589112, -33.425728], [-70.589385, -33.425789], [-70.589571, -33.425827], [-70.589763, -33.425872], [-70.590103, -33.425948], [-70.590369, -33.42601], [-70.590685, -33.426077], [-70.590807, -33.426118], [-70.590859, -33.426141], [-70.59086, -33.426141], [-70.592046, -33.425217], [-70.592489, -33.424869], [-70.593786, -33.423849], [-70.595485, -33.422523], [-70.59706, -33.421322], [-70.598614, -33.420189], [-70.599569, -33.419529], [-70.600779, -33.418636], [-70.601421, -33.418175], [-70.601365, -33.418153], [-70.601275, -33.418108], [-70.601173, -33.418078], [-70.601069, -33.418038], [-70.600994, -33.417973], [-70.600299, -33.417769], [-70.599986, -33.41768], [-70.599545, -33.417549], [-70.598971, -33.417382], [-70.598479, -33.417239], [-70.598162, -33.417151], [-70.597578, -33.417005], [-70.597356, -33.416952], [-70.597123, -33.416903], [-70.596147, -33.416703], [-70.595707, -33.416615], [-70.595298, -33.416531], [-70.59422, -33.416311], [-70.594085, -33.416285], [-70.593042, -33.416072], [-70.592852, -33.416034], [-70.591832, -33.415825], [-70.591782, -33.415815], [-70.591734, -33.415806], [-70.591402, -33.415738], [-70.590976, -33.415653], [-70.590281, -33.415511], [-70.589677, -33.415388], [-70.589129, -33.415277], [-70.588051, -33.415056], [-70.587668, -33.414978], [-70.58714, -33.414869], [-70.587045, -33.414847], [-70.586121, -33.414659], [-70.586099, -33.414642], [-70.586044, -33.414589], [-70.585818, -33.414538], [-70.58565, -33.414489], [-70.585367, -33.414416], [-70.585278, -33.414392], [-70.585211, -33.414373], [-70.585035, -33.414314], [-70.584977, -33.414293], [-70.584915, -33.41427], [-70.584842, -33.414243], [-70.584758, -33.414212], [-70.584628, -33.414164], [-70.584542, -33.414133], [-70.584463, -33.414295]]]}, "properties": {"Name": "2", "descriptio": "FID_uvecin   <Null>    <br>   U_Vecinal   2    <br>   VECINAL   C-2    <br>   Shape_Leng   5261,396336    <br>   Shape.area   1536889,374264    <br>   Shape.len   5261,396336", "timestamp": "", "begin": "", "end": "", "altitudeMo": "", "tessellate": -1, "extrude": 0, "visibility": -1, "drawOrder": null, "icon": ""}}, {"type": "Feature", "geometry": {"type": "Polygon", "coordinates": [[[-70.575836, -33.411588], [-70.575592, -33.412129], [-70.575248, -33.412869], [-70.575092, -33.413224], [-70.57502, -33.41338], [-70.574873, -33.413702], [-70.574699, -33.414091], [-70.574514, -33.414498], [-70.574379, -33.414799], [-70.574187, -33.415219], [-70.574132, -33.415336], [-70.573876, -33.415908], [-70.573624, -33.416458], [-70.5733, -33.417166], [-70.573199, -33.417123], [-70.572789, -33.416996], [-70.572669, -33.416964], [-70.572396, -33.417547], [-70.572312, -33.417723], [-70.57226, -33.41784], [-70.572123, -33.41813], [-70.571838, -33.418753], [-70.57264, -33.419003], [-70.572708, -33.419024], [-70.572985, -33.419106], [-70.573398, -33.419234], [-70.5747, -33.419633], [-70.575143, -33.419768], [-70.575272, -33.419816], [-70.575335, -33.419848], [-70.575406, -33.419898], [-70.575479, -33.419969], [-70.575533, -33.420024], [-70.575641, -33.420157], [-70.576399, -33.421212], [-70.576458, -33.421286], [-70.576705, -33.421653], [-70.577224, -33.422336], [-70.577411, -33.422607], [-70.577664, -33.422963], [-70.577692, -33.423003], [-70.577732, -33.423053], [-70.577762, -33.423081], [-70.577809, -33.423122], [-70.577869, -33.423163], [-70.578008, -33.423224], [-70.578181, -33.423265], [-70.578985, -33.423428], [-70.579234, -33.42312], [-70.57945, -33.422819], [-70.579639, -33.422559], [-70.580127, -33.421917], [-70.580263, -33.421733], [-70.580402, -33.421548], [-70.580751, -33.421071], [-70.581037, -33.420687], [-70.581143, -33.420539], [-70.581357, -33.420253], [-70.581728, -33.41975], [-70.581793, -33.419654], [-70.581868, -33.419532], [-70.582074, -33.419114], [-70.582271, -33.418713], [-70.582573, -33.418108], [-70.582893, -33.417431], [-70.582976, -33.417263], [-70.583076, -33.417049], [-70.583121, -33.416961], [-70.583165, -33.416872], [-70.583202, -33.416793], [-70.58331, -33.416568], [-70.583465, -33.41625], [-70.583645, -33.415868], [-70.583842, -33.415436], [-70.583879, -33.415359], [-70.584002, -33.415138], [-70.584111, -33.415], [-70.584171, -33.414903], [-70.584222, -33.414818], [-70.584278, -33.414702], [-70.584305, -33.41463], [-70.584414, -33.414396], [-70.584431, -33.414361], [-70.584458, -33.414305], [-70.584463, -33.414295], [-70.584542, -33.414133], [-70.584456, -33.414101], [-70.584411, -33.414084], [-70.584119, -33.413976], [-70.583998, -33.413932], [-70.583778, -33.413848], [-70.583488, -33.413743], [-70.583344, -33.4137], [-70.583187, -33.413636], [-70.582959, -33.413609], [-70.581633, -33.413073], [-70.581323, -33.412943], [-70.58067, -33.41267], [-70.580554, -33.412632], [-70.579846, -33.412438], [-70.579578, -33.412363], [-70.578992, -33.412203], [-70.578623, -33.412103], [-70.578528, -33.412078], [-70.57841, -33.412046], [-70.577666, -33.411845], [-70.577408, -33.411775], [-70.577075, -33.411678], [-70.576757, -33.411586], [-70.576012, -33.411346], [-70.575953, -33.411327], [-70.575836, -33.411588]]]}, "properties": {"Name": "6", "descriptio": "FID_uvecin   <Null>    <br>   U_Vecinal   6    <br>   VECINAL   C-6    <br>   Shape_Leng   3879,241747    <br>   Shape.area   853944,733882    <br>   Shape.len   3879,24174", "timestamp": "", "begin": "", "end": "", "altitudeMo": "", "tessellate": -1, "extrude": 0, "visibility": -1, "drawOrder": null, "icon": ""}}, {"type": "Feature", "geometry": {"type": "Polygon", "coordinates": [[[-70.536354, -33.409821], [-70.535927, -33.410932], [-70.535796, -33.411264], [-70.53568, -33.411566], [-70.535618, -33.41172], [-70.53557, -33.411856], [-70.535408, -33.412264], [-70.535402, -33.412281], [-70.535399, -33.412293], [-70.535314, -33.412517], [-70.535298, -33.412554], [-70.535128, -33.412993], [-70.534823, -33.41379], [-70.534738, -33.414004], [-70.53451, -33.414594], [-70.534225, -33.415159], [-70.534222, -33.415163], [-70.534221, -33.415165], [-70.534205, -33.415207], [-70.534167, -33.415305], [-70.534124, -33.415406], [-70.534073, -33.415508], [-70.53404, -33.415566], [-70.534027, -33.415589], [-70.534014, -33.415621], [-70.534001, -33.415651], [-70.533914, -33.416081], [-70.533888, -33.416174], [-70.534065, -33.416175], [-70.534242, -33.416177], [-70.534362, -33.416175], [-70.535081, -33.416176], [-70.535513, -33.416181], [-70.535668, -33.416182], [-70.536323, -33.416204], [-70.536408, -33.416208], [-70.53701, -33.416239], [-70.537122, -33.416245], [-70.537835, -33.416302], [-70.538002, -33.416318], [-70.538316, -33.416352], [-70.538567, -33.416374], [-70.53881, -33.416404], [-70.53891, -33.416417], [-70.53903, -33.416429], [-70.53916, -33.416446], [-70.539835, -33.416531], [-70.5399, -33.41654], [-70.540722, -33.416644], [-70.540984, -33.41668], [-70.541068, -33.416525], [-70.54108, -33.416468], [-70.541108, -33.416326], [-70.541112, -33.416309], [-70.541139, -33.416233], [-70.541147, -33.416212], [-70.541156, -33.416186], [-70.541175, -33.416134], [-70.541182, -33.416116], [-70.541185, -33.41611], [-70.541206, -33.416058], [-70.541228, -33.416004], [-70.541238, -33.41598], [-70.541247, -33.415959], [-70.541269, -33.4159], [-70.541287, -33.415855], [-70.541297, -33.415827], [-70.541316, -33.415778], [-70.541328, -33.415748], [-70.541359, -33.415669], [-70.541366, -33.415651], [-70.541379, -33.415619], [-70.541386, -33.415601], [-70.541418, -33.41552], [-70.541448, -33.415444], [-70.541455, -33.415426], [-70.54148, -33.415364], [-70.541489, -33.415341], [-70.541508, -33.415293], [-70.541519, -33.415265], [-70.541539, -33.415214], [-70.541569, -33.415137], [-70.541595, -33.415066], [-70.541625, -33.414983], [-70.541655, -33.414907], [-70.541686, -33.414828], [-70.541692, -33.414812], [-70.541717, -33.414751], [-70.541734, -33.414708], [-70.54174, -33.414693], [-70.541745, -33.414678], [-70.541757, -33.414649], [-70.541761, -33.414639], [-70.541776, -33.414599], [-70.541783, -33.41458], [-70.541799, -33.414538], [-70.541806, -33.414522], [-70.541817, -33.41449], [-70.541835, -33.414444], [-70.541845, -33.414417], [-70.541865, -33.414367], [-70.541885, -33.414315], [-70.541895, -33.414291], [-70.541919, -33.414228], [-70.54192, -33.414226], [-70.541925, -33.414215], [-70.541931, -33.414198], [-70.541935, -33.414188], [-70.541955, -33.414139], [-70.541963, -33.414117], [-70.541977, -33.414081], [-70.541984, -33.414063], [-70.542003, -33.414016], [-70.542007, -33.414005], [-70.542014, -33.413988], [-70.542031, -33.413943], [-70.542043, -33.413913], [-70.542052, -33.41389], [-70.542053, -33.413887], [-70.542061, -33.413868], [-70.542078, -33.413825], [-70.542203, -33.413733], [-70.542252, -33.41359], [-70.542161, -33.413565], [-70.542166, -33.413551], [-70.542182, -33.413512], [-70.542183, -33.413509], [-70.542189, -33.413494], [-70.542245, -33.41336], [-70.542254, -33.413338], [-70.542273, -33.413292], [-70.542279, -33.413277], [-70.542289, -33.413254], [-70.542326, -33.413163], [-70.542338, -33.413135], [-70.542345, -33.413117], [-70.542348, -33.413109], [-70.542357, -33.413087], [-70.542363, -33.41307], [-70.542367, -33.413062], [-70.542372, -33.413049], [-70.542389, -33.413004], [-70.542401, -33.412973], [-70.542406, -33.412961], [-70.542426, -33.412909], [-70.542438, -33.412878], [-70.542441, -33.412872], [-70.542453, -33.412842], [-70.542477, -33.412782], [-70.542478, -33.412778], [-70.542509, -33.412703], [-70.542529, -33.412652], [-70.542546, -33.412611], [-70.542546, -33.412609], [-70.542568, -33.412555], [-70.542588, -33.412506], [-70.542603, -33.412469], [-70.542605, -33.412462], [-70.54262, -33.412426], [-70.542645, -33.412361], [-70.542681, -33.412268], [-70.542689, -33.412248], [-70.542731, -33.412139], [-70.542742, -33.412113], [-70.54276, -33.412066], [-70.542778, -33.412021], [-70.542781, -33.412013], [-70.542794, -33.411979], [-70.54281, -33.411937], [-70.542829, -33.411889], [-70.542831, -33.411884], [-70.54285, -33.411836], [-70.542888, -33.411739], [-70.542917, -33.411673], [-70.542945, -33.411609], [-70.542965, -33.411561], [-70.542976, -33.411533], [-70.542989, -33.411502], [-70.543004, -33.411466], [-70.543008, -33.411457], [-70.54302, -33.411427], [-70.543037, -33.411387], [-70.543047, -33.411362], [-70.543056, -33.41134], [-70.543074, -33.411297], [-70.543088, -33.411262], [-70.5431, -33.411233], [-70.543109, -33.411211], [-70.543118, -33.411188], [-70.543125, -33.411172], [-70.543159, -33.411087], [-70.54317, -33.411061], [-70.54305, -33.411025], [-70.542998, -33.41101], [-70.542945, -33.410994], [-70.54294, -33.410993], [-70.542827, -33.41096], [-70.5428, -33.410952], [-70.542721, -33.410929], [-70.54265, -33.410909], [-70.542612, -33.410899], [-70.542599, -33.410895], [-70.542508, -33.41087], [-70.542473, -33.41086], [-70.542443, -33.410852], [-70.542398, -33.41084], [-70.54231, -33.410814], [-70.542296, -33.41081], [-70.542263, -33.4108], [-70.542194, -33.410779], [-70.542154, -33.410768], [-70.542093, -33.410749], [-70.542085, -33.410747], [-70.54207, -33.410742], [-70.542007, -33.410724], [-70.54189, -33.410689], [-70.54168, -33.410632], [-70.541707, -33.410565], [-70.541515, -33.41051], [-70.541477, -33.4105], [-70.541415, -33.410483], [-70.541366, -33.410469], [-70.541302, -33.410452], [-70.541297, -33.41045], [-70.541258, -33.41044], [-70.541192, -33.41042], [-70.541153, -33.410409], [-70.541045, -33.410377], [-70.541038, -33.410375], [-70.54094, -33.410347], [-70.54088, -33.410329], [-70.54086, -33.410323], [-70.540835, -33.410316], [-70.540728, -33.410286], [-70.540719, -33.410283], [-70.540693, -33.410276], [-70.540647, -33.410264], [-70.540623, -33.410257], [-70.540562, -33.41024], [-70.540516, -33.410227], [-70.540452, -33.410209], [-70.540407, -33.410197], [-70.540385, -33.410191], [-70.540333, -33.410176], [-70.540301, -33.410167], [-70.5402, -33.410139], [-70.540185, -33.410178], [-70.540148, -33.410272], [-70.54014, -33.410294], [-70.540119, -33.410346], [-70.540108, -33.410374], [-70.540097, -33.410403], [-70.540083, -33.410438], [-70.540062, -33.410492], [-70.540046, -33.410534], [-70.540025, -33.410587], [-70.540004, -33.410641], [-70.539985, -33.410688], [-70.539977, -33.410709], [-70.539959, -33.410752], [-70.539946, -33.410784], [-70.539938, -33.410804], [-70.539928, -33.410829], [-70.539919, -33.410851], [-70.539885, -33.410839], [-70.539874, -33.410835], [-70.539812, -33.410814], [-70.539786, -33.410806], [-70.539736, -33.410789], [-70.539722, -33.410784], [-70.53963, -33.410752], [-70.53961, -33.410744], [-70.539593, -33.410738], [-70.539534, -33.410714], [-70.539504, -33.410703], [-70.53948, -33.410693], [-70.539473, -33.410709], [-70.539435, -33.410698], [-70.539343, -33.410671], [-70.539326, -33.410666], [-70.539251, -33.410643], [-70.539212, -33.410631], [-70.539141, -33.410608], [-70.539124, -33.410603], [-70.539091, -33.410593], [-70.539006, -33.41057], [-70.538989, -33.410565], [-70.538949, -33.410553], [-70.538935, -33.410549], [-70.538871, -33.410529], [-70.53878, -33.410502], [-70.538735, -33.410488], [-70.538711, -33.410481], [-70.538609, -33.41045], [-70.538602, -33.410448], [-70.538555, -33.410433], [-70.538475, -33.410409], [-70.538437, -33.410398], [-70.538365, -33.410376], [-70.538338, -33.410368], [-70.538313, -33.41036], [-70.538229, -33.410335], [-70.53821, -33.410329], [-70.538071, -33.410287], [-70.537944, -33.410249], [-70.537898, -33.410236], [-70.537852, -33.410222], [-70.537812, -33.41021], [-70.537725, -33.410184], [-70.537682, -33.410171], [-70.537627, -33.410155], [-70.537582, -33.410141], [-70.537547, -33.410131], [-70.537505, -33.410118], [-70.537512, -33.4101], [-70.537422, -33.410072], [-70.537416, -33.410086], [-70.537285, -33.41005], [-70.537287, -33.410044], [-70.537173, -33.410011], [-70.537153, -33.410005], [-70.53702, -33.409965], [-70.536992, -33.409957], [-70.536887, -33.409925], [-70.536857, -33.409915], [-70.536754, -33.409884], [-70.536624, -33.409845], [-70.536463, -33.409797], [-70.536373, -33.409771], [-70.536354, -33.409821]]]}, "properties": {"Name": "22", "descriptio": "FID_uvecin   <Null>    <br>   U_Vecinal   22    <br>   VECINAL   C-22    <br>   Shape_Leng   2820,938835    <br>   Shape.area   442921,776484    <br>   Shape.len   2820,938845", "timestamp": "", "begin": "", "end": "", "altitudeMo": "", "tessellate": -1, "extrude": 0, "visibility": -1, "drawOrder": null, "icon": ""}}, {"type": "Feature", "geometry": {"type": "Polygon", "coordinates": [[[-70.5671, -33.408795], [-70.567031, -33.409001], [-70.566968, -33.409143], [-70.566882, -33.409347], [-70.566785, -33.409621], [-70.566555, -33.410249], [-70.566439, -33.410601], [-70.566301, -33.411119], [-70.566203, -33.411496], [-70.566083, -33.411946], [-70.565998, -33.412283], [-70.565981, -33.412348], [-70.565896, -33.412668], [-70.565818, -33.412945], [-70.565731, -33.413236], [-70.565289, -33.414717], [-70.565103, -33.415358], [-70.564989, -33.415748], [-70.564727, -33.416588], [-70.564942, -33.416653], [-70.566128, -33.417009], [-70.567211, -33.417341], [-70.567345, -33.417383], [-70.567354, -33.417385], [-70.568104, -33.417615], [-70.56881, -33.417828], [-70.569741, -33.418111], [-70.570319, -33.41829], [-70.570613, -33.41838], [-70.570914, -33.418474], [-70.571838, -33.418753], [-70.572123, -33.41813], [-70.57226, -33.41784], [-70.572312, -33.417723], [-70.572396, -33.417547], [-70.572669, -33.416964], [-70.572789, -33.416996], [-70.573199, -33.417123], [-70.5733, -33.417166], [-70.573624, -33.416458], [-70.573876, -33.415908], [-70.574132, -33.415336], [-70.574187, -33.415219], [-70.574379, -33.414799], [-70.574514, -33.414498], [-70.574699, -33.414091], [-70.574873, -33.413702], [-70.57502, -33.41338], [-70.575092, -33.413224], [-70.575248, -33.412869], [-70.575592, -33.412129], [-70.575836, -33.411588], [-70.575953, -33.411327], [-70.575897, -33.411309], [-70.575071, -33.411042], [-70.574272, -33.410789], [-70.573916, -33.410677], [-70.573252, -33.410478], [-70.572775, -33.410337], [-70.572088, -33.410132], [-70.571883, -33.410072], [-70.571362, -33.409917], [-70.570836, -33.40976], [-70.570518, -33.409611], [-70.570015, -33.409466], [-70.569717, -33.409383], [-70.56919, -33.409226], [-70.568567, -33.409054], [-70.567293, -33.408711], [-70.567152, -33.408673], [-70.5671, -33.408795]]]}, "properties": {"Name": "7", "descriptio": "FID_uvecin   <Null>    <br>   U_Vecinal   7    <br>   VECINAL   C-7    <br>   Shape_Leng   3449,630035    <br>   Shape.area   732818,628348    <br>   Shape.len   3449,630033", "timestamp": "", "begin": "", "end": "", "altitudeMo": "", "tessellate": -1, "extrude": 0, "visibility": -1, "drawOrder": null, "icon": ""}}, {"type": "Feature", "geometry": {"type": "Polygon", "coordinates": [[[-70.545168, -33.407944], [-70.545177, -33.408003], [-70.545181, -33.408112], [-70.545175, -33.408238], [-70.545169, -33.408277], [-70.54516, -33.408317], [-70.545138, -33.408396], [-70.545118, -33.408452], [-70.54509, -33.408515], [-70.545046, -33.408595], [-70.545016, -33.408642], [-70.544987, -33.408682], [-70.544939, -33.408743], [-70.544904, -33.408784], [-70.544829, -33.408861], [-70.544733, -33.408951], [-70.544588, -33.409062], [-70.544516, -33.409107], [-70.544325, -33.409217], [-70.544123, -33.409285], [-70.544042, -33.40931], [-70.543882, -33.409346], [-70.543838, -33.409354], [-70.543586, -33.409365], [-70.543425, -33.409371], [-70.543164, -33.409371], [-70.543076, -33.409369], [-70.542996, -33.409363], [-70.542928, -33.409355], [-70.542896, -33.409347], [-70.542772, -33.409318], [-70.54254, -33.409259], [-70.542454, -33.409235], [-70.542409, -33.40922], [-70.542282, -33.409167], [-70.542255, -33.409253], [-70.54222, -33.409345], [-70.542094, -33.409625], [-70.541989, -33.409872], [-70.54192, -33.410045], [-70.541796, -33.410334], [-70.541753, -33.410452], [-70.541707, -33.410565], [-70.54168, -33.410632], [-70.54189, -33.410689], [-70.542007, -33.410724], [-70.54207, -33.410742], [-70.542085, -33.410747], [-70.542093, -33.410749], [-70.542154, -33.410768], [-70.542194, -33.410779], [-70.542263, -33.4108], [-70.542296, -33.41081], [-70.54231, -33.410814], [-70.542398, -33.41084], [-70.542443, -33.410852], [-70.542473, -33.41086], [-70.542508, -33.41087], [-70.542599, -33.410895], [-70.542612, -33.410899], [-70.54265, -33.410909], [-70.542721, -33.410929], [-70.5428, -33.410952], [-70.542827, -33.41096], [-70.54294, -33.410993], [-70.542945, -33.410994], [-70.542998, -33.41101], [-70.54305, -33.411025], [-70.54317, -33.411061], [-70.543159, -33.411087], [-70.543125, -33.411172], [-70.543118, -33.411188], [-70.543109, -33.411211], [-70.5431, -33.411233], [-70.543088, -33.411262], [-70.543074, -33.411297], [-70.543056, -33.41134], [-70.543047, -33.411362], [-70.543037, -33.411387], [-70.54302, -33.411427], [-70.543008, -33.411457], [-70.543004, -33.411466], [-70.542989, -33.411502], [-70.542976, -33.411533], [-70.542965, -33.411561], [-70.542945, -33.411609], [-70.542917, -33.411673], [-70.542888, -33.411739], [-70.54285, -33.411836], [-70.542831, -33.411884], [-70.542829, -33.411889], [-70.54281, -33.411937], [-70.542794, -33.411979], [-70.542781, -33.412013], [-70.542778, -33.412021], [-70.54276, -33.412066], [-70.542742, -33.412113], [-70.542731, -33.412139], [-70.542689, -33.412248], [-70.542681, -33.412268], [-70.542645, -33.412361], [-70.54262, -33.412426], [-70.542605, -33.412462], [-70.542603, -33.412469], [-70.542588, -33.412506], [-70.542568, -33.412555], [-70.542546, -33.412609], [-70.542546, -33.412611], [-70.542529, -33.412652], [-70.542509, -33.412703], [-70.542478, -33.412778], [-70.542477, -33.412782], [-70.542453, -33.412842], [-70.542441, -33.412872], [-70.542438, -33.412878], [-70.542426, -33.412909], [-70.542406, -33.412961], [-70.542401, -33.412973], [-70.542389, -33.413004], [-70.542372, -33.413049], [-70.542367, -33.413062], [-70.542363, -33.41307], [-70.542357, -33.413087], [-70.542348, -33.413109], [-70.542345, -33.413117], [-70.542338, -33.413135], [-70.542326, -33.413163], [-70.542289, -33.413254], [-70.542279, -33.413277], [-70.542273, -33.413292], [-70.542254, -33.413338], [-70.542245, -33.41336], [-70.542189, -33.413494], [-70.542183, -33.413509], [-70.542182, -33.413512], [-70.542166, -33.413551], [-70.542161, -33.413565], [-70.542252, -33.41359], [-70.542203, -33.413733], [-70.542078, -33.413825], [-70.542061, -33.413868], [-70.542053, -33.413887], [-70.542052, -33.41389], [-70.542043, -33.413913], [-70.542031, -33.413943], [-70.542014, -33.413988], [-70.542007, -33.414005], [-70.542003, -33.414016], [-70.541984, -33.414063], [-70.541977, -33.414081], [-70.541963, -33.414117], [-70.541955, -33.414139], [-70.541935, -33.414188], [-70.541931, -33.414198], [-70.541925, -33.414215], [-70.54192, -33.414226], [-70.541919, -33.414228], [-70.541895, -33.414291], [-70.541885, -33.414315], [-70.541865, -33.414367], [-70.541845, -33.414417], [-70.541835, -33.414444], [-70.541817, -33.41449], [-70.541806, -33.414522], [-70.541799, -33.414538], [-70.541783, -33.41458], [-70.541776, -33.414599], [-70.541761, -33.414639], [-70.541757, -33.414649], [-70.541745, -33.414678], [-70.54174, -33.414693], [-70.541734, -33.414708], [-70.541717, -33.414751], [-70.541692, -33.414812], [-70.541686, -33.414828], [-70.541655, -33.414907], [-70.541625, -33.414983], [-70.541595, -33.415066], [-70.541569, -33.415137], [-70.541539, -33.415214], [-70.541519, -33.415265], [-70.541508, -33.415293], [-70.541489, -33.415341], [-70.54148, -33.415364], [-70.541455, -33.415426], [-70.541448, -33.415444], [-70.541418, -33.41552], [-70.541386, -33.415601], [-70.541379, -33.415619], [-70.541366, -33.415651], [-70.541359, -33.415669], [-70.541328, -33.415748], [-70.541316, -33.415778], [-70.541297, -33.415827], [-70.541287, -33.415855], [-70.541269, -33.4159], [-70.541247, -33.415959], [-70.541238, -33.41598], [-70.541228, -33.416004], [-70.541206, -33.416058], [-70.541185, -33.41611], [-70.541182, -33.416116], [-70.541175, -33.416134], [-70.541156, -33.416186], [-70.541147, -33.416212], [-70.541139, -33.416233], [-70.541112, -33.416309], [-70.541108, -33.416326], [-70.54108, -33.416468], [-70.541068, -33.416525], [-70.540984, -33.41668], [-70.541359, -33.416722], [-70.541493, -33.41674], [-70.542104, -33.416819], [-70.542737, -33.4169], [-70.543345, -33.416978], [-70.543962, -33.417059], [-70.544108, -33.417076], [-70.544556, -33.417133], [-70.544979, -33.417188], [-70.545178, -33.417219], [-70.545776, -33.417291], [-70.546083, -33.417326], [-70.546365, -33.417363], [-70.546675, -33.417405], [-70.547149, -33.417463], [-70.547257, -33.417481], [-70.547811, -33.417549], [-70.548311, -33.417613], [-70.548785, -33.417674], [-70.548966, -33.417694], [-70.549396, -33.417754], [-70.549911, -33.417826], [-70.55042, -33.417897], [-70.55091, -33.417962], [-70.55127, -33.418009], [-70.551279, -33.41801], [-70.55225, -33.418138], [-70.552692, -33.418195], [-70.552901, -33.418222], [-70.552996, -33.418233], [-70.553133, -33.417561], [-70.553148, -33.417486], [-70.553152, -33.417446], [-70.553166, -33.417333], [-70.553176, -33.417108], [-70.553175, -33.416939], [-70.553162, -33.416792], [-70.553142, -33.416655], [-70.553091, -33.416409], [-70.553049, -33.416187], [-70.552918, -33.415575], [-70.552815, -33.415093], [-70.552794, -33.414991], [-70.552722, -33.414645], [-70.552611, -33.414101], [-70.55253, -33.413698], [-70.552456, -33.413303], [-70.55242, -33.412869], [-70.552367, -33.412128], [-70.552347, -33.41184], [-70.552297, -33.411104], [-70.552283, -33.410879], [-70.552265, -33.410643], [-70.552248, -33.410483], [-70.552222, -33.410307], [-70.55218, -33.410094], [-70.552123, -33.409895], [-70.552089, -33.409732], [-70.552075, -33.40966], [-70.552034, -33.40946], [-70.551939, -33.408977], [-70.551928, -33.408919], [-70.551832, -33.408451], [-70.551804, -33.408358], [-70.550882, -33.408288], [-70.550592, -33.408259], [-70.550164, -33.408227], [-70.549788, -33.408196], [-70.549372, -33.408152], [-70.549054, -33.40814], [-70.548315, -33.408086], [-70.54817, -33.408072], [-70.548168, -33.408072], [-70.547991, -33.408063], [-70.547936, -33.408059], [-70.547781, -33.408085], [-70.546396, -33.407985], [-70.546291, -33.407941], [-70.546272, -33.40794], [-70.54544, -33.407877], [-70.545152, -33.407859], [-70.545168, -33.407944]]]}, "properties": {"Name": "16", "descriptio": "FID_uvecin   <Null>    <br>   U_Vecinal   16    <br>   VECINAL   C-16    <br>   Shape_Leng   4222,291737    <br>   Shape.area   978669,53308    <br>   Shape.len   4222,291737", "timestamp": "", "begin": "", "end": "", "altitudeMo": "", "tessellate": -1, "extrude": 0, "visibility": -1, "drawOrder": null, "icon": ""}}, {"type": "Feature", "geometry": {"type": "Polygon", "coordinates": [[[-70.561486, -33.407377], [-70.561242, -33.407397], [-70.561145, -33.407405], [-70.560807, -33.407427], [-70.559536, -33.407479], [-70.558873, -33.407507], [-70.558544, -33.407518], [-70.558446, -33.40753], [-70.558331, -33.407543], [-70.558054, -33.40756], [-70.557807, -33.40758], [-70.557454, -33.407619], [-70.556973, -33.407683], [-70.556774, -33.407715], [-70.556575, -33.407747], [-70.555931, -33.407867], [-70.55552, -33.407936], [-70.554983, -33.408039], [-70.553555, -33.408301], [-70.553314, -33.408344], [-70.553149, -33.408368], [-70.552986, -33.408385], [-70.552795, -33.408397], [-70.552587, -33.408398], [-70.552352, -33.40839], [-70.552003, -33.408365], [-70.551804, -33.408358], [-70.551832, -33.408451], [-70.551928, -33.408919], [-70.551939, -33.408977], [-70.552034, -33.40946], [-70.552075, -33.40966], [-70.552089, -33.409732], [-70.552123, -33.409895], [-70.55218, -33.410094], [-70.552222, -33.410307], [-70.552248, -33.410483], [-70.552265, -33.410643], [-70.552283, -33.410879], [-70.552297, -33.411104], [-70.552347, -33.41184], [-70.552367, -33.412128], [-70.55242, -33.412869], [-70.552456, -33.413303], [-70.55253, -33.413698], [-70.552611, -33.414101], [-70.552722, -33.414645], [-70.552794, -33.414991], [-70.552815, -33.415093], [-70.552918, -33.415575], [-70.553049, -33.416187], [-70.553091, -33.416409], [-70.553142, -33.416655], [-70.553162, -33.416792], [-70.553175, -33.416939], [-70.553176, -33.417108], [-70.553166, -33.417333], [-70.553152, -33.417446], [-70.553148, -33.417486], [-70.553133, -33.417561], [-70.552996, -33.418233], [-70.553174, -33.418254], [-70.553322, -33.418263], [-70.553331, -33.418263], [-70.553483, -33.418265], [-70.553585, -33.418263], [-70.553692, -33.418257], [-70.553849, -33.418243], [-70.554033, -33.418219], [-70.554356, -33.418167], [-70.55462, -33.418121], [-70.554797, -33.418122], [-70.554811, -33.418119], [-70.555661, -33.417972], [-70.556289, -33.417856], [-70.557284, -33.417687], [-70.557346, -33.417645], [-70.55854, -33.417444], [-70.559274, -33.41732], [-70.560436, -33.417123], [-70.561335, -33.416971], [-70.562125, -33.416838], [-70.562357, -33.416799], [-70.562921, -33.416705], [-70.563147, -33.416668], [-70.563903, -33.41654], [-70.564047, -33.416518], [-70.56411, -33.416511], [-70.564173, -33.416506], [-70.564288, -33.416504], [-70.564447, -33.416507], [-70.564528, -33.416521], [-70.564601, -33.416539], [-70.564727, -33.416588], [-70.564989, -33.415748], [-70.565103, -33.415358], [-70.565289, -33.414717], [-70.565731, -33.413236], [-70.565818, -33.412945], [-70.565896, -33.412668], [-70.565981, -33.412348], [-70.565998, -33.412283], [-70.566083, -33.411946], [-70.566203, -33.411496], [-70.566301, -33.411119], [-70.566439, -33.410601], [-70.566555, -33.410249], [-70.566785, -33.409621], [-70.566882, -33.409347], [-70.566968, -33.409143], [-70.567031, -33.409001], [-70.5671, -33.408795], [-70.567152, -33.408673], [-70.566572, -33.408499], [-70.56607, -33.408378], [-70.565925, -33.408347], [-70.565288, -33.408205], [-70.564952, -33.408122], [-70.563827, -33.407846], [-70.563329, -33.407717], [-70.562656, -33.407532], [-70.562471, -33.407522], [-70.562354, -33.407503], [-70.562255, -33.407477], [-70.561968, -33.407411], [-70.561855, -33.407393], [-70.561797, -33.407385], [-70.561736, -33.407379], [-70.561533, -33.40737], [-70.561486, -33.407377]]]}, "properties": {"Name": "13", "descriptio": "FID_uvecin   <Null>    <br>   U_Vecinal   13    <br>   VECINAL   C-13    <br>   Shape_Leng   4584,898989    <br>   Shape.area   1317387,008103    <br>   Shape.len   4584,898989", "timestamp": "", "begin": "", "end": "", "altitudeMo": "", "tessellate": -1, "extrude": 0, "visibility": -1, "drawOrder": null, "icon": ""}}, {"type": "Feature", "geometry": {"type": "Polygon", "coordinates": [[[-70.58614, -33.404155], [-70.586096, -33.404342], [-70.586073, -33.404536], [-70.586049, -33.40473], [-70.586046, -33.404931], [-70.586051, -33.405103], [-70.58605, -33.405205], [-70.586155, -33.405634], [-70.586192, -33.405772], [-70.586255, -33.405966], [-70.586317, -33.406128], [-70.586362, -33.406227], [-70.586485, -33.406464], [-70.586714, -33.406829], [-70.586754, -33.406894], [-70.586787, -33.406943], [-70.586927, -33.407193], [-70.586981, -33.407316], [-70.587028, -33.407441], [-70.58707, -33.407573], [-70.587104, -33.407727], [-70.58713, -33.407876], [-70.587136, -33.407939], [-70.587143, -33.408008], [-70.587144, -33.408156], [-70.587139, -33.408289], [-70.587123, -33.408433], [-70.587097, -33.408569], [-70.587034, -33.40879], [-70.58698, -33.408955], [-70.586699, -33.409552], [-70.586619, -33.409712], [-70.586531, -33.409896], [-70.586288, -33.410415], [-70.586052, -33.410892], [-70.585957, -33.411096], [-70.585922, -33.411165], [-70.585702, -33.411613], [-70.585623, -33.411774], [-70.585315, -33.412417], [-70.585238, -33.412541], [-70.585151, -33.412704], [-70.585045, -33.412952], [-70.58493, -33.413307], [-70.584846, -33.413516], [-70.584818, -33.413575], [-70.584809, -33.413595], [-70.584766, -33.413675], [-70.584542, -33.414133], [-70.584628, -33.414164], [-70.584758, -33.414212], [-70.584842, -33.414243], [-70.584915, -33.41427], [-70.584977, -33.414293], [-70.585035, -33.414314], [-70.585211, -33.414373], [-70.585278, -33.414392], [-70.585367, -33.414416], [-70.58565, -33.414489], [-70.585818, -33.414538], [-70.586044, -33.414589], [-70.586099, -33.414642], [-70.586121, -33.414659], [-70.587045, -33.414847], [-70.58714, -33.414869], [-70.587668, -33.414978], [-70.588051, -33.415056], [-70.589129, -33.415277], [-70.589677, -33.415388], [-70.590281, -33.415511], [-70.590976, -33.415653], [-70.591402, -33.415738], [-70.591734, -33.415806], [-70.591782, -33.415815], [-70.591832, -33.415825], [-70.592852, -33.416034], [-70.593042, -33.416072], [-70.594085, -33.416285], [-70.59422, -33.416311], [-70.595298, -33.416531], [-70.595707, -33.416615], [-70.596147, -33.416703], [-70.597123, -33.416903], [-70.597356, -33.416952], [-70.597578, -33.417005], [-70.598162, -33.417151], [-70.598479, -33.417239], [-70.598971, -33.417382], [-70.599545, -33.417549], [-70.599986, -33.41768], [-70.600299, -33.417769], [-70.600994, -33.417973], [-70.601069, -33.418038], [-70.601173, -33.418078], [-70.601275, -33.418108], [-70.601365, -33.418153], [-70.601421, -33.418175], [-70.60159, -33.418053], [-70.602319, -33.417648], [-70.602944, -33.417439], [-70.604461, -33.417247], [-70.604877, -33.417175], [-70.605089, -33.416996], [-70.606421, -33.416365], [-70.606756, -33.416196], [-70.60773, -33.416095], [-70.607739, -33.416094], [-70.607583, -33.415803], [-70.607471, -33.415558], [-70.607347, -33.415249], [-70.60725, -33.414952], [-70.607126, -33.414456], [-70.606764, -33.412908], [-70.606697, -33.412641], [-70.606576, -33.412255], [-70.606205, -33.411283], [-70.605709, -33.410034], [-70.605384, -33.409262], [-70.605381, -33.409256], [-70.6046, -33.408992], [-70.603903, -33.408767], [-70.602629, -33.408339], [-70.60242, -33.408278], [-70.602241, -33.408234], [-70.601974, -33.408181], [-70.601783, -33.408153], [-70.601608, -33.40814], [-70.601184, -33.408116], [-70.599611, -33.408062], [-70.599166, -33.408039], [-70.598928, -33.408007], [-70.59867, -33.407945], [-70.597764, -33.407644], [-70.596822, -33.407253], [-70.593789, -33.406192], [-70.59325, -33.406009], [-70.590592, -33.405068], [-70.59022, -33.404943], [-70.58978, -33.404818], [-70.589415, -33.404722], [-70.58922, -33.404679], [-70.58736, -33.404335], [-70.586669, -33.404199], [-70.586158, -33.404083], [-70.58614, -33.404155]]]}, "properties": {"Name": "1", "descriptio": "FID_uvecin   <Null>    <br>   U_Vecinal   1    <br>   VECINAL   C-1    <br>   Shape_Leng   6145,59448    <br>   Shape.area   2041802,601462    <br>   Shape.len   6145,594487", "timestamp": "", "begin": "", "end": "", "altitudeMo": "", "tessellate": -1, "extrude": 0, "visibility": -1, "drawOrder": null, "icon": ""}}, {"type": "Feature", "geometry": {"type": "Polygon", "coordinates": [[[-70.565361, -33.404097], [-70.565299, -33.404189], [-70.565221, -33.40429], [-70.565148, -33.404377], [-70.565056, -33.404476], [-70.56498, -33.404551], [-70.56496, -33.404567], [-70.564848, -33.404669], [-70.564804, -33.404704], [-70.564681, -33.404796], [-70.564576, -33.404866], [-70.564444, -33.404944], [-70.564296, -33.405026], [-70.564163, -33.405086], [-70.564042, -33.405137], [-70.563654, -33.405289], [-70.563384, -33.405395], [-70.563035, -33.405534], [-70.562949, -33.405567], [-70.562856, -33.405606], [-70.562831, -33.405618], [-70.562795, -33.405639], [-70.562761, -33.405676], [-70.562653, -33.405815], [-70.562458, -33.40582], [-70.56239, -33.405821], [-70.562377, -33.405822], [-70.56238, -33.405881], [-70.562381, -33.405915], [-70.562384, -33.405983], [-70.562385, -33.406034], [-70.562388, -33.406125], [-70.562393, -33.40627], [-70.562396, -33.406379], [-70.562397, -33.406416], [-70.562398, -33.406452], [-70.5624, -33.406525], [-70.562401, -33.406562], [-70.562402, -33.406631], [-70.562404, -33.406706], [-70.562405, -33.406819], [-70.562366, -33.406822], [-70.562392, -33.407253], [-70.562398, -33.407437], [-70.562441, -33.407455], [-70.562582, -33.407508], [-70.562656, -33.407532], [-70.563329, -33.407717], [-70.563827, -33.407846], [-70.564952, -33.408122], [-70.565288, -33.408205], [-70.565925, -33.408347], [-70.56607, -33.408378], [-70.566572, -33.408499], [-70.567152, -33.408673], [-70.567293, -33.408711], [-70.568567, -33.409054], [-70.56919, -33.409226], [-70.569717, -33.409383], [-70.570015, -33.409466], [-70.570518, -33.409611], [-70.570836, -33.40976], [-70.571362, -33.409917], [-70.571883, -33.410072], [-70.572088, -33.410132], [-70.572775, -33.410337], [-70.573252, -33.410478], [-70.573916, -33.410677], [-70.574272, -33.410789], [-70.575071, -33.411042], [-70.575897, -33.411309], [-70.575953, -33.411327], [-70.576012, -33.411346], [-70.576757, -33.411586], [-70.577075, -33.411678], [-70.577408, -33.411775], [-70.577666, -33.411845], [-70.57841, -33.412046], [-70.578528, -33.412078], [-70.578623, -33.412103], [-70.578992, -33.412203], [-70.579578, -33.412363], [-70.579846, -33.412438], [-70.580554, -33.412632], [-70.58067, -33.41267], [-70.581323, -33.412943], [-70.581633, -33.413073], [-70.582959, -33.413609], [-70.583187, -33.413636], [-70.583344, -33.4137], [-70.583488, -33.413743], [-70.583778, -33.413848], [-70.583998, -33.413932], [-70.584119, -33.413976], [-70.584411, -33.414084], [-70.584456, -33.414101], [-70.584542, -33.414133], [-70.584766, -33.413675], [-70.584809, -33.413595], [-70.584818, -33.413575], [-70.584684, -33.413536], [-70.58464, -33.413534], [-70.58457, -33.413514], [-70.5844, -33.413455], [-70.583732, -33.413201], [-70.583644, -33.413171], [-70.583526, -33.413137], [-70.583302, -33.41306], [-70.583109, -33.412984], [-70.582869, -33.41288], [-70.58248, -33.4127], [-70.582294, -33.412607], [-70.582104, -33.412508], [-70.581912, -33.412403], [-70.58175, -33.41231], [-70.581484, -33.412152], [-70.581096, -33.411917], [-70.58068, -33.41167], [-70.580527, -33.411577], [-70.579789, -33.411135], [-70.579395, -33.410897], [-70.57927, -33.41082], [-70.579173, -33.410756], [-70.579135, -33.410725], [-70.579066, -33.410672], [-70.579022, -33.410638], [-70.578972, -33.410595], [-70.578903, -33.410531], [-70.578815, -33.410446], [-70.578706, -33.410326], [-70.578649, -33.410258], [-70.578602, -33.410193], [-70.578569, -33.410147], [-70.578192, -33.409607], [-70.577883, -33.409168], [-70.577837, -33.409105], [-70.577803, -33.409062], [-70.577709, -33.408958], [-70.577586, -33.408838], [-70.577458, -33.408734], [-70.577387, -33.408674], [-70.577288, -33.408608], [-70.577189, -33.40855], [-70.577056, -33.408471], [-70.576968, -33.408427], [-70.576385, -33.408147], [-70.575827, -33.407888], [-70.57577, -33.407865], [-70.575661, -33.407817], [-70.575549, -33.407767], [-70.575275, -33.407635], [-70.574844, -33.407432], [-70.574377, -33.407228], [-70.574262, -33.407171], [-70.574105, -33.407099], [-70.57371, -33.40693], [-70.573423, -33.406814], [-70.573227, -33.406738], [-70.573174, -33.406717], [-70.572896, -33.406612], [-70.571958, -33.406247], [-70.570789, -33.405861], [-70.570094, -33.405632], [-70.569438, -33.405437], [-70.568828, -33.405254], [-70.56868, -33.405203], [-70.56855, -33.405159], [-70.568434, -33.405117], [-70.568304, -33.405061], [-70.566135, -33.404092], [-70.565732, -33.403911], [-70.56553, -33.403822], [-70.565361, -33.404097]]]}, "properties": {"Name": "8", "descriptio": "FID_uvecin   <Null>    <br>   U_Vecinal   8    <br>   VECINAL   C-8    <br>   Shape_Leng   4956,53816    <br>   Shape.area   645110,410002    <br>   Shape.len   4956,538171", "timestamp": "", "begin": "", "end": "", "altitudeMo": "", "tessellate": -1, "extrude": 0, "visibility": -1, "drawOrder": null, "icon": ""}}, {"type": "Feature", "geometry": {"type": "Polygon", "coordinates": [[[-70.507197, -33.399476], [-70.506983, -33.399492], [-70.506768, -33.399519], [-70.50655, -33.399585], [-70.506325, -33.399645], [-70.506208, -33.399675], [-70.506026, -33.399729], [-70.505701, -33.399844], [-70.505503, -33.399922], [-70.505306, -33.400011], [-70.505037, -33.400121], [-70.504919, -33.400163], [-70.504761, -33.400207], [-70.504506, -33.400262], [-70.504349, -33.400286], [-70.50431, -33.400293], [-70.504144, -33.400302], [-70.497032, -33.40097], [-70.497028, -33.400989], [-70.497022, -33.40101], [-70.497016, -33.401028], [-70.497009, -33.401049], [-70.497006, -33.401058], [-70.497005, -33.401068], [-70.497004, -33.401088], [-70.497005, -33.401098], [-70.497004, -33.401107], [-70.497002, -33.401117], [-70.496998, -33.401127], [-70.496995, -33.401132], [-70.496986, -33.401143], [-70.496975, -33.401155], [-70.49696, -33.401169], [-70.496943, -33.401186], [-70.496927, -33.401202], [-70.496917, -33.401218], [-70.496913, -33.401233], [-70.496913, -33.401251], [-70.496912, -33.40126], [-70.496912, -33.401287], [-70.496914, -33.401297], [-70.496917, -33.401303], [-70.496923, -33.401307], [-70.496928, -33.40131], [-70.496935, -33.401311], [-70.496949, -33.401308], [-70.497018, -33.401279], [-70.497035, -33.401269], [-70.497048, -33.401263], [-70.497063, -33.401255], [-70.497078, -33.401247], [-70.497093, -33.401243], [-70.497106, -33.401243], [-70.497116, -33.401245], [-70.497126, -33.40125], [-70.49714, -33.401259], [-70.497143, -33.401264], [-70.49715, -33.401272], [-70.497155, -33.40128], [-70.497162, -33.401288], [-70.497173, -33.401304], [-70.497179, -33.401312], [-70.497196, -33.401325], [-70.497204, -33.401331], [-70.497214, -33.401337], [-70.497222, -33.401344], [-70.497227, -33.401352], [-70.497228, -33.401362], [-70.497225, -33.401372], [-70.497219, -33.40138], [-70.497211, -33.401386], [-70.497201, -33.401392], [-70.497167, -33.401405], [-70.497145, -33.401411], [-70.497121, -33.401415], [-70.497097, -33.40142], [-70.497085, -33.401424], [-70.497061, -33.401432], [-70.497049, -33.401436], [-70.497025, -33.401445], [-70.497004, -33.401453], [-70.49698, -33.401465], [-70.496958, -33.401475], [-70.496949, -33.401479], [-70.496927, -33.401492], [-70.496916, -33.401499], [-70.496896, -33.401513], [-70.496885, -33.40152], [-70.496868, -33.401536], [-70.49686, -33.401545], [-70.496852, -33.401553], [-70.496839, -33.40157], [-70.496825, -33.401587], [-70.496811, -33.401601], [-70.496797, -33.401617], [-70.496785, -33.401634], [-70.496773, -33.401652], [-70.496765, -33.401673], [-70.496759, -33.401691], [-70.496757, -33.401703], [-70.496755, -33.401723], [-70.496755, -33.401744], [-70.496757, -33.401758], [-70.496758, -33.40177], [-70.496761, -33.401796], [-70.496765, -33.401817], [-70.496768, -33.401831], [-70.496773, -33.401843], [-70.496779, -33.40185], [-70.496785, -33.401853], [-70.49679, -33.401852], [-70.496795, -33.40185], [-70.496798, -33.401847], [-70.496801, -33.401842], [-70.496804, -33.401831], [-70.496808, -33.401816], [-70.496812, -33.401801], [-70.496821, -33.401776], [-70.496831, -33.401755], [-70.496838, -33.401744], [-70.496845, -33.401735], [-70.496853, -33.401726], [-70.496861, -33.401719], [-70.496878, -33.401706], [-70.496897, -33.401693], [-70.496905, -33.401686], [-70.496925, -33.401674], [-70.496935, -33.401668], [-70.496955, -33.401658], [-70.496965, -33.401654], [-70.496988, -33.401647], [-70.496999, -33.401644], [-70.49701, -33.401641], [-70.497022, -33.401641], [-70.497047, -33.40164], [-70.497074, -33.401639], [-70.497098, -33.401636], [-70.497124, -33.401633], [-70.497136, -33.401633], [-70.497163, -33.401634], [-70.497185, -33.401636], [-70.497197, -33.401636], [-70.497208, -33.401638], [-70.497219, -33.40164], [-70.497247, -33.40164], [-70.497271, -33.40164], [-70.497295, -33.401641], [-70.497319, -33.401641], [-70.49733, -33.401641], [-70.497355, -33.401644], [-70.497368, -33.401646], [-70.497379, -33.401648], [-70.49739, -33.401651], [-70.497401, -33.401655], [-70.497409, -33.401661], [-70.497417, -33.40167], [-70.497422, -33.401679], [-70.497424, -33.401691], [-70.497423, -33.401701], [-70.497417, -33.401719], [-70.497402, -33.401742], [-70.497398, -33.401747], [-70.497396, -33.401751], [-70.497396, -33.401754], [-70.497397, -33.401756], [-70.497397, -33.401757], [-70.497417, -33.401783], [-70.497419, -33.401787], [-70.497426, -33.401794], [-70.497444, -33.401811], [-70.497451, -33.401818], [-70.497461, -33.401826], [-70.497479, -33.401837], [-70.497488, -33.401842], [-70.49751, -33.40185], [-70.49752, -33.401855], [-70.497529, -33.401861], [-70.497537, -33.401868], [-70.497544, -33.401877], [-70.497547, -33.401886], [-70.497549, -33.401896], [-70.497544, -33.401915], [-70.497536, -33.401933], [-70.497528, -33.401951], [-70.497522, -33.401969], [-70.497519, -33.401989], [-70.497517, -33.402009], [-70.497515, -33.40202], [-70.497516, -33.402042], [-70.497516, -33.402053], [-70.497518, -33.402075], [-70.497522, -33.402095], [-70.497524, -33.402106], [-70.497528, -33.402116], [-70.497535, -33.402148], [-70.497539, -33.402158], [-70.497545, -33.402167], [-70.497547, -33.402177], [-70.49755, -33.402186], [-70.497561, -33.402203], [-70.497568, -33.402213], [-70.497575, -33.40222], [-70.497591, -33.402234], [-70.497609, -33.402247], [-70.497628, -33.402259], [-70.497646, -33.402271], [-70.497656, -33.402278], [-70.497673, -33.402292], [-70.497689, -33.402307], [-70.497704, -33.402322], [-70.497716, -33.402339], [-70.497721, -33.402349], [-70.497733, -33.402365], [-70.497739, -33.402373], [-70.497753, -33.40239], [-70.497761, -33.4024], [-70.497769, -33.402409], [-70.497777, -33.402415], [-70.497785, -33.402421], [-70.497801, -33.402436], [-70.497817, -33.402449], [-70.497832, -33.402466], [-70.497838, -33.402475], [-70.497844, -33.402486], [-70.497851, -33.402496], [-70.497859, -33.402504], [-70.497876, -33.402517], [-70.497885, -33.402523], [-70.497894, -33.40253], [-70.497915, -33.402542], [-70.497924, -33.402548], [-70.497932, -33.402555], [-70.49794, -33.402562], [-70.497947, -33.40257], [-70.497955, -33.402588], [-70.497964, -33.402606], [-70.497969, -33.402614], [-70.497974, -33.402624], [-70.497976, -33.402633], [-70.497977, -33.402652], [-70.497977, -33.402662], [-70.497979, -33.402673], [-70.497979, -33.402683], [-70.497982, -33.402702], [-70.497986, -33.402721], [-70.497988, -33.402731], [-70.497994, -33.40275], [-70.497997, -33.402759], [-70.498001, -33.402779], [-70.498004, -33.402788], [-70.498004, -33.402798], [-70.498004, -33.402807], [-70.498005, -33.402827], [-70.498005, -33.402837], [-70.49801, -33.402857], [-70.498013, -33.402866], [-70.498016, -33.402876], [-70.498027, -33.402892], [-70.498033, -33.4029], [-70.498045, -33.402919], [-70.498059, -33.402937], [-70.498064, -33.402945], [-70.498078, -33.402963], [-70.498084, -33.402972], [-70.498094, -33.402991], [-70.498104, -33.403009], [-70.498108, -33.403018], [-70.498115, -33.403038], [-70.49812, -33.403058], [-70.498124, -33.403077], [-70.498127, -33.403084], [-70.498139, -33.403118], [-70.498144, -33.403127], [-70.498153, -33.403151], [-70.498159, -33.40317], [-70.498165, -33.403192], [-70.498171, -33.403215], [-70.498178, -33.403237], [-70.49818, -33.403247], [-70.498182, -33.403266], [-70.498182, -33.403291], [-70.498182, -33.403302], [-70.498184, -33.403328], [-70.49819, -33.403353], [-70.498195, -33.403365], [-70.498203, -33.403375], [-70.49821, -33.403383], [-70.498219, -33.403389], [-70.49823, -33.403394], [-70.498253, -33.403403], [-70.498264, -33.403407], [-70.49829, -33.403417], [-70.498303, -33.403424], [-70.498329, -33.403437], [-70.498339, -33.403443], [-70.498357, -33.403456], [-70.498367, -33.403465], [-70.498376, -33.403476], [-70.498384, -33.403488], [-70.498398, -33.40351], [-70.498409, -33.403531], [-70.498417, -33.403552], [-70.498426, -33.403575], [-70.498436, -33.403599], [-70.498448, -33.403624], [-70.498461, -33.403647], [-70.498468, -33.403657], [-70.498496, -33.403693], [-70.498512, -33.403713], [-70.498521, -33.403724], [-70.498536, -33.403745], [-70.498546, -33.403761], [-70.498557, -33.403781], [-70.498563, -33.403791], [-70.498573, -33.403809], [-70.498586, -33.403829], [-70.498598, -33.403846], [-70.498611, -33.403865], [-70.498625, -33.403883], [-70.498637, -33.4039], [-70.498646, -33.403911], [-70.498667, -33.403931], [-70.498702, -33.403962], [-70.49872, -33.403979], [-70.498735, -33.403997], [-70.498741, -33.404005], [-70.498755, -33.404026], [-70.498765, -33.404042], [-70.498769, -33.404051], [-70.498777, -33.404073], [-70.498779, -33.404086], [-70.498779, -33.404099], [-70.498778, -33.40411], [-70.498777, -33.404131], [-70.498775, -33.404153], [-70.498773, -33.404164], [-70.498772, -33.404174], [-70.498771, -33.404185], [-70.498771, -33.404195], [-70.498773, -33.404206], [-70.498776, -33.404227], [-70.49878, -33.404247], [-70.498785, -33.404269], [-70.498792, -33.404289], [-70.498801, -33.40431], [-70.498806, -33.404319], [-70.498812, -33.404328], [-70.498827, -33.404345], [-70.498837, -33.404356], [-70.498849, -33.404372], [-70.498854, -33.40438], [-70.498868, -33.404401], [-70.498873, -33.404411], [-70.498878, -33.404422], [-70.49888, -33.404433], [-70.498883, -33.404453], [-70.498882, -33.404474], [-70.498881, -33.404494], [-70.498883, -33.404505], [-70.498888, -33.404531], [-70.498891, -33.404541], [-70.498893, -33.40455], [-70.498896, -33.404559], [-70.498899, -33.40457], [-70.498904, -33.404592], [-70.498907, -33.40461], [-70.498909, -33.40463], [-70.498913, -33.40465], [-70.498919, -33.404671], [-70.498923, -33.404682], [-70.498932, -33.404705], [-70.498939, -33.404726], [-70.498947, -33.404747], [-70.498956, -33.404769], [-70.498962, -33.40478], [-70.498975, -33.404803], [-70.498989, -33.404824], [-70.499003, -33.404846], [-70.49901, -33.404858], [-70.499021, -33.404876], [-70.499031, -33.404894], [-70.499036, -33.404902], [-70.499045, -33.40492], [-70.49905, -33.404928], [-70.499054, -33.404937], [-70.49906, -33.404945], [-70.499064, -33.404953], [-70.49907, -33.404961], [-70.499085, -33.404982], [-70.499092, -33.404992], [-70.499105, -33.405009], [-70.499117, -33.405027], [-70.499122, -33.405036], [-70.499131, -33.405058], [-70.499133, -33.405067], [-70.499137, -33.405087], [-70.499143, -33.405111], [-70.499148, -33.405132], [-70.499153, -33.405154], [-70.499158, -33.405177], [-70.499163, -33.405198], [-70.499168, -33.405219], [-70.499172, -33.40524], [-70.499176, -33.40526], [-70.499182, -33.405282], [-70.49919, -33.405304], [-70.499193, -33.405314], [-70.4992, -33.405334], [-70.499205, -33.405344], [-70.499216, -33.405362], [-70.49923, -33.405378], [-70.499239, -33.405387], [-70.499254, -33.405402], [-70.499272, -33.405422], [-70.499284, -33.405438], [-70.49929, -33.405447], [-70.499299, -33.405465], [-70.499305, -33.405485], [-70.499306, -33.405496], [-70.499306, -33.405505], [-70.499306, -33.405526], [-70.49931, -33.405546], [-70.49932, -33.405568], [-70.499329, -33.405585], [-70.499339, -33.405605], [-70.499349, -33.405623], [-70.499359, -33.405638], [-70.49937, -33.405655], [-70.49938, -33.405674], [-70.499388, -33.405695], [-70.499395, -33.405718], [-70.499397, -33.405729], [-70.499397, -33.405739], [-70.499398, -33.405761], [-70.499398, -33.405773], [-70.499399, -33.405796], [-70.4994, -33.405807], [-70.49941, -33.405838], [-70.499414, -33.405857], [-70.499417, -33.405867], [-70.499424, -33.405889], [-70.499428, -33.40591], [-70.499429, -33.405929], [-70.499426, -33.40594], [-70.499421, -33.405949], [-70.499411, -33.405968], [-70.499399, -33.405991], [-70.499385, -33.406014], [-70.499377, -33.406025], [-70.499372, -33.406033], [-70.49936, -33.406055], [-70.499346, -33.406092], [-70.499334, -33.406116], [-70.499323, -33.406134], [-70.499312, -33.406151], [-70.4993, -33.406169], [-70.499288, -33.406188], [-70.499277, -33.406209], [-70.499273, -33.406221], [-70.499267, -33.406243], [-70.49926, -33.406265], [-70.499252, -33.406288], [-70.499247, -33.406299], [-70.499237, -33.406318], [-70.499228, -33.406334], [-70.499215, -33.406354], [-70.499202, -33.406373], [-70.499189, -33.406393], [-70.499176, -33.406413], [-70.499172, -33.406421], [-70.499166, -33.406433], [-70.499157, -33.406454], [-70.499149, -33.406474], [-70.49914, -33.406493], [-70.49913, -33.40651], [-70.499124, -33.40652], [-70.499116, -33.40653], [-70.499107, -33.406538], [-70.499097, -33.406544], [-70.499087, -33.406549], [-70.499067, -33.406563], [-70.499062, -33.406573], [-70.499062, -33.406584], [-70.499067, -33.406594], [-70.499075, -33.406602], [-70.499086, -33.406609], [-70.499097, -33.406615], [-70.499127, -33.40663], [-70.499139, -33.406636], [-70.499151, -33.406642], [-70.499159, -33.406648], [-70.499168, -33.406654], [-70.499185, -33.406667], [-70.499193, -33.406676], [-70.499199, -33.406684], [-70.499205, -33.406694], [-70.499208, -33.406706], [-70.49921, -33.406715], [-70.49921, -33.406725], [-70.499209, -33.406748], [-70.499206, -33.40677], [-70.499205, -33.406792], [-70.499206, -33.406815], [-70.499208, -33.406826], [-70.499215, -33.406852], [-70.49922, -33.406874], [-70.499221, -33.406886], [-70.49922, -33.406895], [-70.499218, -33.406905], [-70.499217, -33.406916], [-70.499215, -33.406935], [-70.499211, -33.406952], [-70.499213, -33.406956], [-70.499204, -33.406974], [-70.499197, -33.406992], [-70.499192, -33.407001], [-70.499186, -33.40701], [-70.499177, -33.407019], [-70.499161, -33.407033], [-70.499153, -33.407042], [-70.499147, -33.40705], [-70.49914, -33.407057], [-70.499128, -33.407075], [-70.499122, -33.407084], [-70.499115, -33.407103], [-70.499111, -33.407113], [-70.499109, -33.407122], [-70.499108, -33.407142], [-70.499109, -33.40716], [-70.499109, -33.407172], [-70.499107, -33.407193], [-70.499105, -33.407202], [-70.499095, -33.407219], [-70.499094, -33.407222], [-70.499091, -33.407232], [-70.499087, -33.407242], [-70.499075, -33.407266], [-70.499068, -33.407275], [-70.49906, -33.407285], [-70.499046, -33.407302], [-70.499035, -33.407323], [-70.499027, -33.407342], [-70.499025, -33.407355], [-70.499024, -33.407365], [-70.499022, -33.407384], [-70.49902, -33.407405], [-70.499018, -33.407425], [-70.499015, -33.407445], [-70.49901, -33.407455], [-70.499, -33.407476], [-70.498996, -33.407487], [-70.498992, -33.407509], [-70.49899, -33.40753], [-70.498991, -33.40754], [-70.498991, -33.407561], [-70.49899, -33.407579], [-70.49899, -33.40759], [-70.498988, -33.407602], [-70.498985, -33.407611], [-70.498975, -33.407631], [-70.498968, -33.407639], [-70.498952, -33.407655], [-70.498948, -33.407665], [-70.498946, -33.407674], [-70.498947, -33.407684], [-70.498949, -33.407695], [-70.498956, -33.407715], [-70.498961, -33.407727], [-70.498966, -33.407743], [-70.498966, -33.407752], [-70.498965, -33.407757], [-70.498963, -33.40776], [-70.498956, -33.407766], [-70.498952, -33.407784], [-70.498964, -33.407804], [-70.498978, -33.407824], [-70.498984, -33.407834], [-70.498989, -33.407846], [-70.49899, -33.407857], [-70.498992, -33.407877], [-70.49899, -33.407888], [-70.498982, -33.407908], [-70.498972, -33.407929], [-70.498963, -33.40794], [-70.498949, -33.407961], [-70.498942, -33.407969], [-70.498928, -33.40799], [-70.498923, -33.407999], [-70.498919, -33.408008], [-70.498916, -33.408018], [-70.498911, -33.408038], [-70.498909, -33.40806], [-70.49891, -33.40807], [-70.498915, -33.408083], [-70.498922, -33.4081], [-70.498929, -33.408113], [-70.498941, -33.408136], [-70.498946, -33.408149], [-70.49895, -33.408161], [-70.498952, -33.408172], [-70.498955, -33.408192], [-70.498954, -33.408203], [-70.498951, -33.408223], [-70.498946, -33.408242], [-70.498935, -33.408262], [-70.498927, -33.408271], [-70.49892, -33.408278], [-70.498912, -33.408284], [-70.498901, -33.408291], [-70.49889, -33.408297], [-70.49888, -33.408301], [-70.49887, -33.408309], [-70.498853, -33.408323], [-70.498846, -33.408332], [-70.498832, -33.408349], [-70.498822, -33.408357], [-70.498815, -33.408361], [-70.498749, -33.408381], [-70.498747, -33.4084], [-70.498745, -33.408428], [-70.498688, -33.408428], [-70.498612, -33.408428], [-70.498595, -33.408427], [-70.49857, -33.408432], [-70.498544, -33.408438], [-70.49852, -33.408445], [-70.498495, -33.408454], [-70.498483, -33.408458], [-70.49847, -33.408462], [-70.498446, -33.408469], [-70.498415, -33.408475], [-70.498388, -33.40848], [-70.498366, -33.408483], [-70.498337, -33.408485], [-70.498325, -33.408486], [-70.498313, -33.408485], [-70.498288, -33.408483], [-70.498265, -33.40848], [-70.49824, -33.408476], [-70.49823, -33.408473], [-70.498212, -33.408467], [-70.498129, -33.408442], [-70.498119, -33.408442], [-70.498115, -33.408444], [-70.498113, -33.408449], [-70.498113, -33.408454], [-70.498119, -33.408466], [-70.49813, -33.408483], [-70.498155, -33.40851], [-70.498163, -33.408519], [-70.49818, -33.408531], [-70.498197, -33.408544], [-70.498216, -33.408558], [-70.498228, -33.408565], [-70.498253, -33.408578], [-70.498278, -33.408587], [-70.498289, -33.40859], [-70.498317, -33.408595], [-70.498342, -33.408597], [-70.498367, -33.408599], [-70.498394, -33.408602], [-70.498407, -33.408603], [-70.498433, -33.408605], [-70.498458, -33.408608], [-70.498471, -33.40861], [-70.498494, -33.408615], [-70.49852, -33.408624], [-70.498542, -33.408632], [-70.498567, -33.408641], [-70.498587, -33.408653], [-70.498606, -33.408668], [-70.498627, -33.408683], [-70.498635, -33.408691], [-70.498651, -33.408706], [-70.498659, -33.408712], [-70.498678, -33.408726], [-70.498701, -33.40874], [-70.498712, -33.408748], [-70.498734, -33.408763], [-70.498746, -33.408768], [-70.498756, -33.408775], [-70.498778, -33.408787], [-70.4988, -33.408801], [-70.498811, -33.408808], [-70.498821, -33.408817], [-70.498841, -33.408835], [-70.49885, -33.408845], [-70.498857, -33.408855], [-70.498873, -33.408874], [-70.498881, -33.408882], [-70.498891, -33.408888], [-70.498901, -33.408893], [-70.498913, -33.408897], [-70.498924, -33.408899], [-70.498948, -33.408903], [-70.498961, -33.408906], [-70.498972, -33.408912], [-70.49898, -33.408921], [-70.498987, -33.408931], [-70.49899, -33.408939], [-70.498997, -33.408957], [-70.499004, -33.408966], [-70.499011, -33.408974], [-70.49902, -33.408981], [-70.499032, -33.408989], [-70.499055, -33.409003], [-70.499066, -33.409008], [-70.499088, -33.409017], [-70.4991, -33.409021], [-70.499124, -33.409027], [-70.499148, -33.409033], [-70.499171, -33.409038], [-70.499184, -33.409042], [-70.499208, -33.409048], [-70.499235, -33.409052], [-70.499245, -33.409054], [-70.499275, -33.409059], [-70.499288, -33.409061], [-70.4993, -33.409064], [-70.499312, -33.409069], [-70.499322, -33.409074], [-70.499334, -33.40908], [-70.499344, -33.409086], [-70.499363, -33.409099], [-70.499383, -33.409113], [-70.499392, -33.409121], [-70.49941, -33.409138], [-70.499425, -33.409153], [-70.499431, -33.409161], [-70.499435, -33.40917], [-70.499446, -33.409188], [-70.499458, -33.409205], [-70.499464, -33.409216], [-70.499487, -33.409246], [-70.499496, -33.409265], [-70.499498, -33.409286], [-70.499496, -33.409305], [-70.499489, -33.409322], [-70.499479, -33.409336], [-70.499463, -33.409348], [-70.49945, -33.409356], [-70.4994, -33.409373], [-70.499387, -33.40938], [-70.499366, -33.409393], [-70.499358, -33.4094], [-70.49935, -33.409408], [-70.499342, -33.409418], [-70.499337, -33.409427], [-70.499332, -33.409437], [-70.499328, -33.409446], [-70.499327, -33.409455], [-70.499325, -33.409465], [-70.499322, -33.409474], [-70.499316, -33.409483], [-70.499309, -33.40949], [-70.4993, -33.409498], [-70.499291, -33.409504], [-70.499281, -33.409513], [-70.499273, -33.40952], [-70.499268, -33.409529], [-70.499265, -33.409532], [-70.499266, -33.40954], [-70.49927, -33.409544], [-70.49928, -33.409549], [-70.499284, -33.40955], [-70.499298, -33.409554], [-70.49931, -33.409556], [-70.499316, -33.409557], [-70.499343, -33.409561], [-70.499355, -33.409562], [-70.499379, -33.409562], [-70.499391, -33.409561], [-70.499419, -33.409559], [-70.499432, -33.409557], [-70.499456, -33.409553], [-70.499471, -33.409549], [-70.499496, -33.409543], [-70.499526, -33.409536], [-70.499536, -33.409533], [-70.499567, -33.409525], [-70.499581, -33.409521], [-70.499608, -33.409516], [-70.499621, -33.409513], [-70.499633, -33.409512], [-70.499646, -33.409512], [-70.49967, -33.409513], [-70.499681, -33.409514], [-70.499694, -33.409518], [-70.499717, -33.409524], [-70.499729, -33.409527], [-70.49975, -33.409535], [-70.499762, -33.409541], [-70.499772, -33.409547], [-70.49978, -33.409554], [-70.499787, -33.409562], [-70.49979, -33.409572], [-70.499792, -33.409582], [-70.499793, -33.409593], [-70.499791, -33.409604], [-70.499789, -33.409625], [-70.499788, -33.409645], [-70.499789, -33.409657], [-70.499792, -33.409668], [-70.499797, -33.40968], [-70.499803, -33.409691], [-70.49981, -33.409701], [-70.499818, -33.40971], [-70.499835, -33.409728], [-70.499843, -33.409738], [-70.499848, -33.409748], [-70.499853, -33.40976], [-70.499856, -33.409772], [-70.499858, -33.409783], [-70.499866, -33.409806], [-70.499883, -33.409853], [-70.499886, -33.409863], [-70.499887, -33.409886], [-70.499887, -33.409915], [-70.499915, -33.409918], [-70.499928, -33.409881], [-70.499941, -33.409832], [-70.499946, -33.409819], [-70.49995, -33.409812], [-70.499953, -33.40981], [-70.499957, -33.40981], [-70.49996, -33.409811], [-70.499963, -33.409815], [-70.499965, -33.409844], [-70.499959, -33.409877], [-70.499954, -33.409896], [-70.499953, -33.409906], [-70.499951, -33.409915], [-70.499951, -33.409924], [-70.49995, -33.409946], [-70.49995, -33.409958], [-70.499951, -33.409968], [-70.499954, -33.409978], [-70.499958, -33.409997], [-70.499965, -33.410016], [-70.499973, -33.410037], [-70.49998, -33.410046], [-70.499988, -33.410053], [-70.50001, -33.410076], [-70.500015, -33.410085], [-70.500027, -33.410105], [-70.50003, -33.410115], [-70.500034, -33.410125], [-70.500038, -33.410135], [-70.500039, -33.410144], [-70.500043, -33.410154], [-70.500045, -33.410164], [-70.500045, -33.410174], [-70.500048, -33.410193], [-70.500048, -33.410214], [-70.500046, -33.410236], [-70.500046, -33.410245], [-70.500048, -33.410255], [-70.500052, -33.410265], [-70.500056, -33.410275], [-70.50006, -33.410285], [-70.500065, -33.410296], [-70.500075, -33.410316], [-70.500078, -33.410325], [-70.500082, -33.410335], [-70.500087, -33.410343], [-70.50009, -33.410352], [-70.500091, -33.410361], [-70.500093, -33.410372], [-70.500094, -33.410379], [-70.500092, -33.410414], [-70.500081, -33.410463], [-70.500081, -33.410469], [-70.50008, -33.410478], [-70.50008, -33.410481], [-70.500083, -33.410485], [-70.500086, -33.410486], [-70.500094, -33.410481], [-70.500102, -33.410475], [-70.500111, -33.41047], [-70.500123, -33.410471], [-70.500131, -33.410478], [-70.500135, -33.410487], [-70.500136, -33.410496], [-70.500134, -33.410506], [-70.500132, -33.410515], [-70.500127, -33.410525], [-70.500121, -33.410535], [-70.500109, -33.410552], [-70.500096, -33.410568], [-70.500091, -33.410577], [-70.500078, -33.410596], [-70.500071, -33.410603], [-70.500061, -33.41061], [-70.500041, -33.410622], [-70.500021, -33.410634], [-70.50001, -33.41064], [-70.500003, -33.410647], [-70.499999, -33.410653], [-70.499987, -33.410677], [-70.499981, -33.410686], [-70.499973, -33.410699], [-70.49997, -33.410705], [-70.499969, -33.410707], [-70.499969, -33.410709], [-70.499971, -33.410713], [-70.499974, -33.410713], [-70.499982, -33.41071], [-70.499991, -33.410705], [-70.499993, -33.410704], [-70.500004, -33.410702], [-70.50001, -33.410702], [-70.50002, -33.410704], [-70.50003, -33.410708], [-70.500041, -33.410712], [-70.500049, -33.410714], [-70.500067, -33.410717], [-70.50009, -33.410717], [-70.50012, -33.410713], [-70.500131, -33.410712], [-70.500155, -33.410711], [-70.500166, -33.410711], [-70.500177, -33.410713], [-70.500188, -33.410715], [-70.500199, -33.41072], [-70.500208, -33.410725], [-70.500219, -33.41073], [-70.500241, -33.410736], [-70.500252, -33.410736], [-70.500263, -33.410735], [-70.500276, -33.410732], [-70.500289, -33.410732], [-70.500302, -33.410735], [-70.500313, -33.410738], [-70.500323, -33.410742], [-70.500332, -33.410748], [-70.500342, -33.410755], [-70.500358, -33.410769], [-70.500366, -33.410778], [-70.500373, -33.410787], [-70.50038, -33.410796], [-70.500397, -33.410813], [-70.500405, -33.410819], [-70.500415, -33.410826], [-70.500425, -33.41083], [-70.500439, -33.410834], [-70.500465, -33.410843], [-70.500475, -33.410847], [-70.500498, -33.410857], [-70.500518, -33.41087], [-70.500538, -33.410885], [-70.500555, -33.4109], [-70.500574, -33.410913], [-70.500594, -33.410927], [-70.500614, -33.410942], [-70.500624, -33.410948], [-70.500634, -33.410952], [-70.500657, -33.410963], [-70.500668, -33.410967], [-70.500679, -33.410971], [-70.500702, -33.410976], [-70.500726, -33.410982], [-70.500737, -33.410985], [-70.500748, -33.41099], [-70.500758, -33.410995], [-70.500768, -33.411], [-70.500778, -33.411006], [-70.500792, -33.411012], [-70.500797, -33.411012], [-70.500801, -33.411012], [-70.500811, -33.41101], [-70.500816, -33.41101], [-70.500823, -33.411011], [-70.50083, -33.411016], [-70.500843, -33.41103], [-70.500851, -33.411044], [-70.500867, -33.411057], [-70.500883, -33.41107], [-70.500898, -33.411086], [-70.500911, -33.411103], [-70.500923, -33.411119], [-70.50093, -33.411128], [-70.500935, -33.411137], [-70.500947, -33.411154], [-70.500953, -33.411162], [-70.50096, -33.41117], [-70.500968, -33.411178], [-70.500977, -33.411185], [-70.500987, -33.411191], [-70.500998, -33.411197], [-70.501019, -33.411204], [-70.50103, -33.411208], [-70.501051, -33.411216], [-70.501062, -33.41122], [-70.501085, -33.411226], [-70.501096, -33.411229], [-70.501106, -33.411232], [-70.501127, -33.411242], [-70.501137, -33.411247], [-70.501156, -33.411257], [-70.501176, -33.411268], [-70.5013, -33.41134], [-70.50132, -33.411352], [-70.501351, -33.411366], [-70.50137, -33.411378], [-70.50139, -33.411389], [-70.50141, -33.411402], [-70.50142, -33.411408], [-70.50143, -33.411412], [-70.501448, -33.411423], [-70.501458, -33.411428], [-70.501519, -33.41146], [-70.501536, -33.411472], [-70.501555, -33.411482], [-70.501664, -33.411535], [-70.501707, -33.411562], [-70.501743, -33.411597], [-70.501787, -33.411651], [-70.501806, -33.41167], [-70.501824, -33.411686], [-70.501842, -33.411699], [-70.501862, -33.411715], [-70.501879, -33.411732], [-70.501895, -33.411748], [-70.501911, -33.411762], [-70.501928, -33.411778], [-70.501944, -33.411795], [-70.50196, -33.411808], [-70.501979, -33.41182], [-70.501997, -33.411832], [-70.502015, -33.411845], [-70.502023, -33.411851], [-70.502031, -33.411858], [-70.502038, -33.411866], [-70.502055, -33.411881], [-70.502063, -33.411888], [-70.502077, -33.411907], [-70.502084, -33.411914], [-70.502088, -33.411919], [-70.502089, -33.411922], [-70.502089, -33.411925], [-70.502084, -33.411939], [-70.5021, -33.411942], [-70.502104, -33.41193], [-70.502105, -33.41193], [-70.502106, -33.411929], [-70.502108, -33.411929], [-70.502113, -33.411929], [-70.502115, -33.41193], [-70.502119, -33.411931], [-70.502123, -33.411932], [-70.502129, -33.411935], [-70.502143, -33.411949], [-70.502159, -33.411965], [-70.502174, -33.41198], [-70.502181, -33.411988], [-70.502199, -33.412003], [-70.502217, -33.412015], [-70.502236, -33.412026], [-70.502255, -33.41204], [-70.502273, -33.412053], [-70.502291, -33.412066], [-70.502301, -33.412073], [-70.502321, -33.412083], [-70.50233, -33.412088], [-70.502341, -33.412091], [-70.502361, -33.412104], [-70.502379, -33.412115], [-70.502389, -33.412121], [-70.502397, -33.412127], [-70.502413, -33.412142], [-70.502422, -33.412149], [-70.502442, -33.412162], [-70.502452, -33.412168], [-70.502462, -33.412173], [-70.502472, -33.412177], [-70.502482, -33.412181], [-70.502505, -33.412184], [-70.502528, -33.412186], [-70.502539, -33.412186], [-70.502552, -33.412187], [-70.502563, -33.412187], [-70.502586, -33.412189], [-70.502598, -33.41219], [-70.502609, -33.412192], [-70.502619, -33.412196], [-70.502628, -33.412202], [-70.502647, -33.412217], [-70.502654, -33.412224], [-70.502662, -33.41223], [-70.502674, -33.412247], [-70.50268, -33.412256], [-70.50269, -33.412274], [-70.502699, -33.412291], [-70.502704, -33.4123], [-70.502715, -33.412317], [-70.502729, -33.412333], [-70.502744, -33.412348], [-70.502752, -33.412356], [-70.502764, -33.412371], [-70.502771, -33.412379], [-70.502789, -33.412395], [-70.502807, -33.41241], [-70.502824, -33.412424], [-70.502842, -33.41244], [-70.502858, -33.412454], [-70.502875, -33.41247], [-70.502897, -33.412489], [-70.502929, -33.412519], [-70.502936, -33.412526], [-70.502945, -33.412532], [-70.502964, -33.412542], [-70.502984, -33.412551], [-70.502993, -33.412555], [-70.503003, -33.41256], [-70.503012, -33.412566], [-70.50302, -33.412573], [-70.503024, -33.412582], [-70.503029, -33.412591], [-70.503037, -33.412598], [-70.503046, -33.412603], [-70.503057, -33.412606], [-70.50308, -33.412607], [-70.503092, -33.412607], [-70.503103, -33.412608], [-70.503114, -33.412611], [-70.503134, -33.41262], [-70.503153, -33.412631], [-70.503163, -33.412638], [-70.503172, -33.412645], [-70.503179, -33.412653], [-70.503194, -33.412668], [-70.503209, -33.412683], [-70.503217, -33.41269], [-70.503226, -33.412696], [-70.503236, -33.412701], [-70.503247, -33.412705], [-70.503258, -33.412708], [-70.50327, -33.41271], [-70.503282, -33.412709], [-70.503293, -33.412709], [-70.503303, -33.412712], [-70.503311, -33.412719], [-70.503315, -33.412728], [-70.503317, -33.412737], [-70.503322, -33.412746], [-70.503329, -33.412754], [-70.503345, -33.412767], [-70.503354, -33.412773], [-70.503375, -33.412796], [-70.503385, -33.412803], [-70.503404, -33.412814], [-70.503413, -33.41282], [-70.503431, -33.412834], [-70.503439, -33.412841], [-70.503459, -33.412852], [-70.503481, -33.412863], [-70.50349, -33.412867], [-70.5035, -33.412872], [-70.503506, -33.41288], [-70.50351, -33.412889], [-70.503517, -33.412906], [-70.503521, -33.412916], [-70.503535, -33.412932], [-70.503543, -33.412938], [-70.503552, -33.412944], [-70.503569, -33.412956], [-70.503586, -33.41297], [-70.503607, -33.412983], [-70.503628, -33.412994], [-70.503648, -33.413003], [-70.503669, -33.413014], [-70.503687, -33.413027], [-70.503705, -33.413039], [-70.503717, -33.413046], [-70.503737, -33.41306], [-70.503755, -33.413073], [-70.503775, -33.413086], [-70.503793, -33.413098], [-70.503811, -33.413111], [-70.50382, -33.413117], [-70.503838, -33.413131], [-70.503846, -33.413139], [-70.503852, -33.413147], [-70.503858, -33.413154], [-70.503867, -33.41316], [-70.503878, -33.413164], [-70.503888, -33.41316], [-70.503899, -33.413162], [-70.503908, -33.413169], [-70.503915, -33.413177], [-70.503916, -33.413187], [-70.503941, -33.413218], [-70.503955, -33.413233], [-70.503968, -33.413249], [-70.50398, -33.413264], [-70.503993, -33.413281], [-70.504004, -33.413298], [-70.504018, -33.413314], [-70.504032, -33.413331], [-70.504039, -33.41334], [-70.504055, -33.413356], [-70.50407, -33.413372], [-70.504083, -33.413388], [-70.50409, -33.413395], [-70.504104, -33.413413], [-70.504118, -33.413431], [-70.504124, -33.413439], [-70.504133, -33.413445], [-70.504145, -33.413449], [-70.504154, -33.413455], [-70.50416, -33.413463], [-70.504171, -33.413479], [-70.504182, -33.413496], [-70.504201, -33.413523], [-70.504215, -33.41354], [-70.504229, -33.413557], [-70.504236, -33.413566], [-70.504247, -33.413583], [-70.504254, -33.413592], [-70.504259, -33.4136], [-70.504272, -33.413618], [-70.504278, -33.413626], [-70.504286, -33.413634], [-70.504293, -33.413642], [-70.504303, -33.41365], [-70.504311, -33.413658], [-70.504324, -33.413675], [-70.504335, -33.413692], [-70.504346, -33.41371], [-70.50436, -33.413725], [-70.504368, -33.413733], [-70.504381, -33.413751], [-70.504392, -33.413768], [-70.504397, -33.413776], [-70.504403, -33.413784], [-70.504411, -33.413791], [-70.504414, -33.413792], [-70.504418, -33.413794], [-70.504425, -33.413796], [-70.504435, -33.413797], [-70.504444, -33.413798], [-70.50445, -33.413801], [-70.504454, -33.413804], [-70.504456, -33.413807], [-70.504457, -33.413812], [-70.504457, -33.413816], [-70.504453, -33.413829], [-70.50445, -33.413839], [-70.504448, -33.413848], [-70.504448, -33.413859], [-70.504453, -33.413878], [-70.50446, -33.413896], [-70.504463, -33.413906], [-70.504473, -33.413925], [-70.504478, -33.413935], [-70.504481, -33.413944], [-70.504491, -33.413961], [-70.504497, -33.41397], [-70.504506, -33.413988], [-70.504512, -33.414006], [-70.50452, -33.414025], [-70.504528, -33.414043], [-70.504539, -33.41406], [-70.504544, -33.414069], [-70.504559, -33.414084], [-70.504567, -33.414091], [-70.504572, -33.4141], [-70.504575, -33.41411], [-70.504577, -33.41412], [-70.50458, -33.414129], [-70.504586, -33.414137], [-70.5046, -33.414154], [-70.504607, -33.414162], [-70.504618, -33.414179], [-70.504623, -33.414189], [-70.504635, -33.414207], [-70.504641, -33.414215], [-70.504652, -33.414234], [-70.504661, -33.414252], [-70.504666, -33.414261], [-70.504669, -33.414281], [-70.504675, -33.4143], [-70.504685, -33.414318], [-70.504692, -33.414327], [-70.504702, -33.414345], [-70.504708, -33.414364], [-70.504709, -33.414369], [-70.50471, -33.414374], [-70.50471, -33.414382], [-70.504709, -33.414388], [-70.504706, -33.414394], [-70.504702, -33.4144], [-70.504696, -33.414406], [-70.504692, -33.414409], [-70.50469, -33.414411], [-70.50469, -33.414413], [-70.50469, -33.414415], [-70.504691, -33.414418], [-70.504693, -33.41442], [-70.504698, -33.414423], [-70.504705, -33.414427], [-70.504715, -33.414432], [-70.504721, -33.414437], [-70.504728, -33.414445], [-70.504734, -33.414453], [-70.504738, -33.414462], [-70.504742, -33.414471], [-70.50475, -33.414489], [-70.504759, -33.414506], [-70.504768, -33.414523], [-70.504772, -33.414534], [-70.504774, -33.414544], [-70.504777, -33.414565], [-70.50478, -33.414588], [-70.504781, -33.414609], [-70.504782, -33.41463], [-70.504784, -33.414649], [-70.504787, -33.414669], [-70.50479, -33.414688], [-70.504791, -33.414698], [-70.504795, -33.414718], [-70.5048, -33.414741], [-70.504803, -33.414762], [-70.504804, -33.414772], [-70.504806, -33.414782], [-70.504811, -33.414802], [-70.504813, -33.414813], [-70.504818, -33.414833], [-70.50482, -33.414844], [-70.504821, -33.414854], [-70.504822, -33.414863], [-70.504823, -33.414885], [-70.504824, -33.414906], [-70.504824, -33.414916], [-70.504824, -33.414925], [-70.504824, -33.414946], [-70.504824, -33.414966], [-70.504823, -33.414975], [-70.50482, -33.414997], [-70.504818, -33.415008], [-70.504818, -33.415029], [-70.504818, -33.415049], [-70.504818, -33.41506], [-70.504817, -33.415069], [-70.504815, -33.415089], [-70.504813, -33.415101], [-70.504808, -33.41512], [-70.504805, -33.415129], [-70.504802, -33.415148], [-70.5048, -33.415157], [-70.504799, -33.415168], [-70.504796, -33.415178], [-70.504792, -33.415201], [-70.50479, -33.415213], [-70.504784, -33.415235], [-70.504783, -33.415245], [-70.50478, -33.415254], [-70.504779, -33.415263], [-70.504775, -33.415283], [-70.504773, -33.415303], [-70.504771, -33.415313], [-70.504767, -33.415332], [-70.504762, -33.415353], [-70.50476, -33.415362], [-70.504757, -33.415371], [-70.504749, -33.41539], [-70.504745, -33.415399], [-70.50474, -33.415418], [-70.504738, -33.415427], [-70.504733, -33.415446], [-70.504723, -33.415485], [-70.504721, -33.415494], [-70.504719, -33.415514], [-70.504715, -33.415534], [-70.504709, -33.415556], [-70.504702, -33.415577], [-70.504699, -33.415588], [-70.504697, -33.415598], [-70.504695, -33.415618], [-70.50469, -33.415637], [-70.504688, -33.415647], [-70.504684, -33.415657], [-70.504674, -33.415676], [-70.504662, -33.415695], [-70.504656, -33.415704], [-70.504649, -33.415722], [-70.504642, -33.415744], [-70.504635, -33.415766], [-70.504629, -33.415785], [-70.50462, -33.415807], [-70.504616, -33.415817], [-70.504612, -33.415828], [-70.504606, -33.415847], [-70.504602, -33.415859], [-70.504596, -33.415878], [-70.504586, -33.415899], [-70.504578, -33.415918], [-70.504567, -33.415939], [-70.504562, -33.41595], [-70.504553, -33.41597], [-70.504545, -33.41599], [-70.504535, -33.416008], [-70.504524, -33.416025], [-70.504518, -33.416033], [-70.504503, -33.416051], [-70.504495, -33.41606], [-70.504482, -33.416078], [-70.504476, -33.416087], [-70.504462, -33.416103], [-70.504455, -33.416111], [-70.504439, -33.416126], [-70.504422, -33.416142], [-70.504405, -33.416159], [-70.504398, -33.416166], [-70.504382, -33.416179], [-70.504364, -33.416193], [-70.504345, -33.416207], [-70.504326, -33.416219], [-70.504316, -33.416224], [-70.504294, -33.416235], [-70.504283, -33.416239], [-70.504263, -33.416249], [-70.504243, -33.41626], [-70.504233, -33.416267], [-70.504217, -33.416281], [-70.504203, -33.416295], [-70.504187, -33.416309], [-70.504145, -33.416345], [-70.50406, -33.416416], [-70.504052, -33.416423], [-70.504033, -33.416437], [-70.504015, -33.416449], [-70.503996, -33.41646], [-70.503987, -33.416465], [-70.503966, -33.416475], [-70.503945, -33.416485], [-70.503923, -33.416494], [-70.503901, -33.416501], [-70.503875, -33.416509], [-70.503822, -33.416523], [-70.503797, -33.416528], [-70.503773, -33.416534], [-70.503751, -33.41654], [-70.503728, -33.416546], [-70.503703, -33.416552], [-70.50368, -33.416559], [-70.503655, -33.416569], [-70.503627, -33.416578], [-70.503599, -33.416587], [-70.503573, -33.416595], [-70.50355, -33.416602], [-70.503524, -33.416611], [-70.5035, -33.416619], [-70.503474, -33.416627], [-70.50345, -33.416632], [-70.503423, -33.416638], [-70.5034, -33.416643], [-70.503376, -33.416648], [-70.503353, -33.416653], [-70.503329, -33.416658], [-70.503303, -33.416665], [-70.50325, -33.416678], [-70.503239, -33.416682], [-70.503218, -33.416687], [-70.503196, -33.416694], [-70.503185, -33.416697], [-70.503161, -33.416706], [-70.503149, -33.41671], [-70.503129, -33.416719], [-70.503106, -33.416729], [-70.503083, -33.416739], [-70.50306, -33.416748], [-70.503036, -33.416757], [-70.503014, -33.416764], [-70.502989, -33.416773], [-70.502963, -33.416781], [-70.50294, -33.416788], [-70.502914, -33.416796], [-70.502891, -33.416801], [-70.50288, -33.416804], [-70.502858, -33.416809], [-70.502847, -33.416812], [-70.502833, -33.416815], [-70.502807, -33.41682], [-70.502783, -33.416824], [-70.502759, -33.416828], [-70.502735, -33.416832], [-70.50271, -33.416836], [-70.502685, -33.416841], [-70.502659, -33.416847], [-70.502636, -33.416852], [-70.502623, -33.416855], [-70.502599, -33.416861], [-70.502577, -33.416868], [-70.502556, -33.416876], [-70.502535, -33.416882], [-70.502513, -33.416889], [-70.502487, -33.416896], [-70.50246, -33.416902], [-70.502438, -33.416906], [-70.502415, -33.416909], [-70.502392, -33.416912], [-70.502368, -33.416914], [-70.502356, -33.416915], [-70.502331, -33.416917], [-70.502307, -33.416919], [-70.502282, -33.416918], [-70.502259, -33.416918], [-70.502247, -33.416918], [-70.502224, -33.416921], [-70.5022, -33.416925], [-70.502188, -33.416928], [-70.502164, -33.416932], [-70.502137, -33.416935], [-70.502112, -33.416938], [-70.502089, -33.41694], [-70.502064, -33.416943], [-70.502051, -33.416944], [-70.502026, -33.41695], [-70.502004, -33.416953], [-70.501979, -33.416956], [-70.501967, -33.416958], [-70.501955, -33.416961], [-70.501932, -33.416964], [-70.501911, -33.416968], [-70.501887, -33.416972], [-70.501876, -33.416974], [-70.501852, -33.416981], [-70.50184, -33.416983], [-70.501827, -33.416985], [-70.501815, -33.416987], [-70.501789, -33.416989], [-70.501767, -33.41699], [-70.501744, -33.416991], [-70.501734, -33.416991], [-70.501722, -33.416992], [-70.501698, -33.416993], [-70.501686, -33.416993], [-70.501662, -33.416994], [-70.501636, -33.416995], [-70.501612, -33.416996], [-70.501587, -33.416999], [-70.501562, -33.417002], [-70.501541, -33.417004], [-70.501529, -33.417005], [-70.501518, -33.417006], [-70.501493, -33.41701], [-70.501469, -33.417016], [-70.501458, -33.417019], [-70.501446, -33.417022], [-70.501424, -33.417031], [-70.501404, -33.41704], [-70.501383, -33.41705], [-70.501362, -33.41706], [-70.50135, -33.417066], [-70.50133, -33.417078], [-70.501309, -33.417092], [-70.5013, -33.417098], [-70.501282, -33.417111], [-70.501263, -33.417125], [-70.501244, -33.417138], [-70.501235, -33.417144], [-70.501216, -33.417154], [-70.501195, -33.417165], [-70.501174, -33.417176], [-70.501153, -33.417187], [-70.501133, -33.4172], [-70.501112, -33.417214], [-70.501094, -33.417228], [-70.501075, -33.417244], [-70.501058, -33.41726], [-70.501043, -33.417276], [-70.501028, -33.417291], [-70.501022, -33.417299], [-70.501014, -33.417306], [-70.500997, -33.417321], [-70.500989, -33.417328], [-70.50098, -33.417335], [-70.500962, -33.417347], [-70.500944, -33.417358], [-70.500925, -33.41737], [-70.500916, -33.417377], [-70.500893, -33.41739], [-70.500883, -33.417397], [-70.500878, -33.417402], [-70.500877, -33.417406], [-70.500877, -33.417409], [-70.500912, -33.417409], [-70.500933, -33.417407], [-70.501009, -33.417395], [-70.501043, -33.417393], [-70.501075, -33.417394], [-70.501108, -33.417392], [-70.501119, -33.41739], [-70.501139, -33.417383], [-70.501164, -33.417362], [-70.501184, -33.417338], [-70.501201, -33.417313], [-70.501234, -33.417272], [-70.501246, -33.41726], [-70.501253, -33.417255], [-70.501279, -33.41724], [-70.50129, -33.417237], [-70.50136, -33.417223], [-70.501429, -33.417212], [-70.501487, -33.417201], [-70.501522, -33.417198], [-70.50158, -33.417196], [-70.501602, -33.417199], [-70.501624, -33.417204], [-70.5017, -33.417227], [-70.501777, -33.417247], [-70.5018, -33.41725], [-70.501823, -33.417248], [-70.501866, -33.417236], [-70.5019, -33.417232], [-70.501959, -33.417236], [-70.502074, -33.417228], [-70.502122, -33.41723], [-70.502155, -33.417237], [-70.502166, -33.41724], [-70.502216, -33.417266], [-70.502281, -33.41729], [-70.502359, -33.417311], [-70.502393, -33.417322], [-70.502471, -33.417356], [-70.502486, -33.417362], [-70.502509, -33.417368], [-70.502544, -33.417373], [-70.502578, -33.417376], [-70.502601, -33.41738], [-70.502646, -33.417391], [-70.502687, -33.417405], [-70.502719, -33.41741], [-70.50273, -33.417409], [-70.50274, -33.417405], [-70.502749, -33.4174], [-70.502763, -33.417385], [-70.502775, -33.417369], [-70.502782, -33.417361], [-70.502791, -33.417356], [-70.502801, -33.417353], [-70.502813, -33.417351], [-70.502892, -33.417358], [-70.502916, -33.417357], [-70.502948, -33.41735], [-70.502959, -33.417351], [-70.50297, -33.417354], [-70.50298, -33.417359], [-70.503023, -33.417395], [-70.503071, -33.417422], [-70.50326, -33.417504], [-70.503329, -33.417542], [-70.503391, -33.417568], [-70.503425, -33.417593], [-70.503445, -33.4176], [-70.503465, -33.417611], [-70.503488, -33.417631], [-70.503537, -33.417698], [-70.50355, -33.417711], [-70.503576, -33.417735], [-70.503592, -33.41776], [-70.503619, -33.417791], [-70.503635, -33.417805], [-70.503644, -33.417811], [-70.503655, -33.417815], [-70.503689, -33.417825], [-70.503723, -33.417837], [-70.503735, -33.41784], [-70.503781, -33.417844], [-70.503827, -33.417851], [-70.50386, -33.417855], [-70.50393, -33.417856], [-70.503979, -33.417852], [-70.504014, -33.417847], [-70.504132, -33.417841], [-70.504155, -33.417837], [-70.504188, -33.417825], [-70.504224, -33.417815], [-70.504246, -33.417812], [-70.504294, -33.417811], [-70.504326, -33.417821], [-70.504356, -33.417835], [-70.504372, -33.417849], [-70.504398, -33.417864], [-70.504414, -33.417876], [-70.50444, -33.417907], [-70.504459, -33.417934], [-70.504463, -33.417943], [-70.504509, -33.418049], [-70.504517, -33.418079], [-70.504537, -33.418126], [-70.504542, -33.418134], [-70.504558, -33.41815], [-70.50461, -33.418188], [-70.50462, -33.418193], [-70.504632, -33.418196], [-70.504668, -33.418202], [-70.504711, -33.418212], [-70.504756, -33.418215], [-70.504847, -33.418224], [-70.504868, -33.418228], [-70.504891, -33.418234], [-70.504933, -33.418251], [-70.504943, -33.418254], [-70.504954, -33.418253], [-70.504987, -33.418243], [-70.504999, -33.418245], [-70.50501, -33.418249], [-70.505032, -33.418259], [-70.505064, -33.41827], [-70.505109, -33.418268], [-70.505131, -33.41827], [-70.505143, -33.418274], [-70.505183, -33.418293], [-70.50523, -33.418319], [-70.505251, -33.41833], [-70.505294, -33.41836], [-70.505341, -33.418381], [-70.505456, -33.418427], [-70.505508, -33.418462], [-70.505528, -33.418474], [-70.505569, -33.418491], [-70.505599, -33.418508], [-70.50563, -33.418523], [-70.505677, -33.418554], [-70.505691, -33.418568], [-70.505718, -33.41861], [-70.505726, -33.418618], [-70.505773, -33.418648], [-70.505825, -33.418677], [-70.505843, -33.418691], [-70.505862, -33.418715], [-70.50589, -33.41877], [-70.505897, -33.418779], [-70.505914, -33.418793], [-70.505942, -33.418809], [-70.505974, -33.418823], [-70.505996, -33.41883], [-70.506055, -33.418843], [-70.506065, -33.418847], [-70.506086, -33.418852], [-70.50611, -33.418866], [-70.506156, -33.418876], [-70.506173, -33.418894], [-70.506199, -33.418917], [-70.506207, -33.418944], [-70.506217, -33.418947], [-70.506227, -33.418951], [-70.506237, -33.418955], [-70.506247, -33.41896], [-70.506255, -33.418965], [-70.506263, -33.418972], [-70.506271, -33.418979], [-70.506278, -33.418987], [-70.506289, -33.418999], [-70.506309, -33.419021], [-70.506338, -33.419041], [-70.506385, -33.419059], [-70.506435, -33.419079], [-70.506473, -33.419092], [-70.506503, -33.419104], [-70.506524, -33.419113], [-70.506568, -33.419135], [-70.506597, -33.419145], [-70.506629, -33.419158], [-70.506649, -33.419169], [-70.506677, -33.419187], [-70.506694, -33.419201], [-70.506724, -33.419228], [-70.506745, -33.419252], [-70.506753, -33.419258], [-70.506806, -33.419281], [-70.506857, -33.419322], [-70.506904, -33.419348], [-70.506935, -33.419363], [-70.506968, -33.419374], [-70.507002, -33.41938], [-70.507039, -33.419383], [-70.507061, -33.41938], [-70.507082, -33.419374], [-70.5071, -33.419365], [-70.507119, -33.419349], [-70.507133, -33.419337], [-70.507179, -33.419306], [-70.507234, -33.419258], [-70.507243, -33.419251], [-70.507254, -33.419245], [-70.507277, -33.41924], [-70.507311, -33.419236], [-70.507333, -33.419233], [-70.507345, -33.419233], [-70.507389, -33.419238], [-70.50741, -33.419242], [-70.507432, -33.419252], [-70.507449, -33.419264], [-70.507462, -33.419278], [-70.507473, -33.419305], [-70.507487, -33.419331], [-70.507521, -33.41938], [-70.507582, -33.419451], [-70.507607, -33.41947], [-70.507618, -33.419473], [-70.507639, -33.419469], [-70.507693, -33.419453], [-70.507726, -33.41944], [-70.50776, -33.419433], [-70.507793, -33.419421], [-70.507846, -33.419406], [-70.50788, -33.419406], [-70.50795, -33.419412], [-70.507979, -33.419405], [-70.507998, -33.419401], [-70.508044, -33.419395], [-70.508089, -33.419392], [-70.508238, -33.419398], [-70.50825, -33.419397], [-70.508271, -33.419389], [-70.508289, -33.419378], [-70.508304, -33.419365], [-70.508311, -33.419356], [-70.508318, -33.419339], [-70.508323, -33.41931], [-70.508321, -33.419292], [-70.508308, -33.419264], [-70.508302, -33.419256], [-70.508269, -33.419229], [-70.508251, -33.419206], [-70.508248, -33.419187], [-70.50825, -33.419178], [-70.508256, -33.41917], [-70.508301, -33.419159], [-70.50837, -33.419126], [-70.508427, -33.41911], [-70.508456, -33.419096], [-70.508482, -33.419076], [-70.50853, -33.419048], [-70.508553, -33.419026], [-70.508567, -33.419008], [-70.508581, -33.418984], [-70.508589, -33.418976], [-70.508595, -33.418968], [-70.508607, -33.418933], [-70.50861, -33.418895], [-70.508605, -33.418868], [-70.508605, -33.418856], [-70.508611, -33.418844], [-70.508625, -33.418827], [-70.50864, -33.418813], [-70.50866, -33.418804], [-70.50875, -33.41879], [-70.508805, -33.418773], [-70.508813, -33.418767], [-70.508848, -33.418717], [-70.508853, -33.418712], [-70.508853, -33.418713], [-70.508855, -33.418713], [-70.508859, -33.418713], [-70.508862, -33.418712], [-70.508877, -33.418706], [-70.508882, -33.418704], [-70.508891, -33.418699], [-70.5089, -33.418694], [-70.50891, -33.418689], [-70.508921, -33.418686], [-70.508932, -33.418685], [-70.508944, -33.418685], [-70.508955, -33.418686], [-70.508966, -33.418688], [-70.508977, -33.418692], [-70.508988, -33.418696], [-70.508999, -33.4187], [-70.509009, -33.418704], [-70.50902, -33.418709], [-70.509031, -33.418713], [-70.509041, -33.418718], [-70.509051, -33.418722], [-70.509061, -33.418726], [-70.509071, -33.418732], [-70.50908, -33.418737], [-70.50909, -33.418743], [-70.5091, -33.418748], [-70.509111, -33.418751], [-70.509116, -33.418752], [-70.509124, -33.418754], [-70.509132, -33.418756], [-70.509143, -33.41876], [-70.50915, -33.418765], [-70.509158, -33.41877], [-70.509161, -33.418771], [-70.509204, -33.418767], [-70.509208, -33.418768], [-70.509216, -33.418771], [-70.509233, -33.418779], [-70.509243, -33.418785], [-70.509252, -33.418791], [-70.509262, -33.418798], [-70.509272, -33.418803], [-70.509282, -33.418807], [-70.509293, -33.41881], [-70.509305, -33.418812], [-70.509315, -33.418815], [-70.509326, -33.418816], [-70.509338, -33.418816], [-70.50935, -33.418816], [-70.509361, -33.418817], [-70.509371, -33.418819], [-70.509383, -33.41882], [-70.509393, -33.418821], [-70.509545, -33.41882], [-70.509555, -33.418822], [-70.509566, -33.418825], [-70.509577, -33.418829], [-70.509587, -33.418833], [-70.509596, -33.418838], [-70.509607, -33.418842], [-70.509617, -33.418847], [-70.509627, -33.418852], [-70.509638, -33.418856], [-70.509648, -33.418859], [-70.50966, -33.418861], [-70.509671, -33.418862], [-70.509684, -33.418863], [-70.509695, -33.418864], [-70.509708, -33.418865], [-70.509719, -33.418866], [-70.509731, -33.418866], [-70.509742, -33.418867], [-70.509753, -33.418868], [-70.509765, -33.418869], [-70.509777, -33.41887], [-70.509788, -33.418869], [-70.5098, -33.418868], [-70.509811, -33.418867], [-70.509822, -33.418865], [-70.509833, -33.418862], [-70.509844, -33.41886], [-70.509855, -33.418856], [-70.509865, -33.418853], [-70.509876, -33.418851], [-70.509888, -33.418848], [-70.509899, -33.418846], [-70.509912, -33.418844], [-70.509924, -33.418842], [-70.509936, -33.418841], [-70.509948, -33.418842], [-70.50996, -33.418842], [-70.509972, -33.418841], [-70.509983, -33.418837], [-70.509994, -33.418834], [-70.510005, -33.418831], [-70.510015, -33.418827], [-70.510026, -33.418822], [-70.510037, -33.418816], [-70.510046, -33.41881], [-70.510055, -33.418804], [-70.510064, -33.418798], [-70.510072, -33.418791], [-70.51008, -33.418785], [-70.510087, -33.418777], [-70.510095, -33.41877], [-70.510101, -33.418762], [-70.510107, -33.418754], [-70.510115, -33.418746], [-70.510122, -33.418737], [-70.510131, -33.41873], [-70.51014, -33.418724], [-70.510151, -33.41872], [-70.510161, -33.418716], [-70.510172, -33.418714], [-70.510183, -33.418712], [-70.510195, -33.418711], [-70.510207, -33.418711], [-70.51022, -33.418711], [-70.510231, -33.418712], [-70.510242, -33.418714], [-70.510254, -33.418717], [-70.510265, -33.41872], [-70.510276, -33.418723], [-70.510287, -33.418724], [-70.510299, -33.418724], [-70.510311, -33.418724], [-70.510322, -33.418723], [-70.510334, -33.418722], [-70.510346, -33.41872], [-70.510357, -33.418719], [-70.510369, -33.418718], [-70.510381, -33.418717], [-70.510395, -33.418715], [-70.510405, -33.418715], [-70.510417, -33.418714], [-70.510428, -33.418714], [-70.510439, -33.418714], [-70.510451, -33.418714], [-70.510462, -33.418714], [-70.510476, -33.418713], [-70.510489, -33.418713], [-70.5105, -33.418712], [-70.510513, -33.41871], [-70.510525, -33.418709], [-70.510536, -33.418708], [-70.510547, -33.418708], [-70.510559, -33.418709], [-70.510571, -33.418706], [-70.510582, -33.418705], [-70.510594, -33.418701], [-70.510605, -33.418698], [-70.510617, -33.418694], [-70.510627, -33.41869], [-70.510639, -33.418686], [-70.510649, -33.418683], [-70.51066, -33.41868], [-70.510672, -33.418677], [-70.510683, -33.418674], [-70.510695, -33.418671], [-70.510706, -33.418668], [-70.510718, -33.418666], [-70.51073, -33.418664], [-70.51074, -33.418661], [-70.510751, -33.418659], [-70.510763, -33.418657], [-70.510776, -33.418654], [-70.510788, -33.418653], [-70.5108, -33.418652], [-70.510813, -33.41865], [-70.510825, -33.418649], [-70.510836, -33.418648], [-70.510847, -33.418647], [-70.510861, -33.418646], [-70.510873, -33.418645], [-70.510886, -33.418644], [-70.510897, -33.418643], [-70.510909, -33.418641], [-70.510921, -33.418639], [-70.510933, -33.418636], [-70.510944, -33.418633], [-70.510957, -33.418631], [-70.510968, -33.418629], [-70.510989, -33.418626], [-70.511, -33.418624], [-70.511013, -33.418621], [-70.511025, -33.418618], [-70.511036, -33.418616], [-70.511048, -33.418613], [-70.511059, -33.418609], [-70.51107, -33.418605], [-70.51108, -33.418599], [-70.51109, -33.418595], [-70.5111, -33.41859], [-70.51111, -33.418586], [-70.511121, -33.41858], [-70.511132, -33.418575], [-70.511142, -33.418569], [-70.511152, -33.418563], [-70.511161, -33.418557], [-70.51117, -33.41855], [-70.511179, -33.418544], [-70.511188, -33.418537], [-70.511196, -33.418531], [-70.511207, -33.418523], [-70.511216, -33.418516], [-70.511224, -33.41851], [-70.511233, -33.418503], [-70.511241, -33.418496], [-70.511274, -33.418466], [-70.511289, -33.41845], [-70.511296, -33.418443], [-70.511305, -33.418435], [-70.511313, -33.418428], [-70.511322, -33.418421], [-70.511331, -33.418415], [-70.511339, -33.418409], [-70.511348, -33.418401], [-70.511357, -33.418395], [-70.511367, -33.41839], [-70.511378, -33.418385], [-70.51139, -33.418381], [-70.511402, -33.418378], [-70.511415, -33.418375], [-70.511438, -33.418368], [-70.511473, -33.418358], [-70.511486, -33.418356], [-70.511496, -33.418353], [-70.511518, -33.418348], [-70.511563, -33.418335], [-70.511574, -33.418331], [-70.511586, -33.418328], [-70.511598, -33.418323], [-70.51161, -33.418319], [-70.511622, -33.418315], [-70.511632, -33.418314], [-70.511644, -33.418314], [-70.511655, -33.418316], [-70.511667, -33.418318], [-70.511679, -33.41832], [-70.511691, -33.418323], [-70.511703, -33.418327], [-70.511714, -33.418332], [-70.511725, -33.418336], [-70.511736, -33.41834], [-70.511748, -33.418343], [-70.511761, -33.418345], [-70.511771, -33.418347], [-70.511782, -33.418351], [-70.511793, -33.418356], [-70.511803, -33.41836], [-70.511813, -33.418364], [-70.511823, -33.418369], [-70.511833, -33.418373], [-70.511843, -33.418378], [-70.511854, -33.418383], [-70.511864, -33.418387], [-70.511873, -33.418393], [-70.511882, -33.4184], [-70.51189, -33.418406], [-70.511897, -33.418414], [-70.511904, -33.418421], [-70.511909, -33.418431], [-70.511914, -33.418439], [-70.511919, -33.418448], [-70.511924, -33.418457], [-70.511927, -33.418467], [-70.511929, -33.418478], [-70.51193, -33.418488], [-70.511931, -33.418498], [-70.511932, -33.418508], [-70.511933, -33.418518], [-70.511934, -33.418527], [-70.511933, -33.418536], [-70.511932, -33.418546], [-70.511932, -33.418555], [-70.511932, -33.418564], [-70.511932, -33.418573], [-70.511932, -33.418584], [-70.511933, -33.418593], [-70.511932, -33.418603], [-70.511933, -33.418613], [-70.511933, -33.418622], [-70.511932, -33.418632], [-70.511932, -33.418642], [-70.511933, -33.418651], [-70.511933, -33.418661], [-70.511933, -33.41867], [-70.511934, -33.418681], [-70.511934, -33.418691], [-70.511935, -33.4187], [-70.511937, -33.41871], [-70.511939, -33.41872], [-70.511942, -33.41873], [-70.511945, -33.41874], [-70.511949, -33.418749], [-70.511954, -33.418759], [-70.51196, -33.418768], [-70.511966, -33.418778], [-70.511972, -33.418788], [-70.511977, -33.418797], [-70.511982, -33.418806], [-70.511987, -33.418815], [-70.511993, -33.418825], [-70.511998, -33.418834], [-70.512003, -33.418843], [-70.512009, -33.418852], [-70.512014, -33.418861], [-70.51202, -33.418871], [-70.512026, -33.41888], [-70.512032, -33.418889], [-70.512038, -33.418898], [-70.512043, -33.418907], [-70.512048, -33.418915], [-70.512054, -33.418923], [-70.51206, -33.418931], [-70.512065, -33.41894], [-70.51207, -33.418949], [-70.512075, -33.418958], [-70.512079, -33.418967], [-70.512083, -33.418976], [-70.512085, -33.418986], [-70.512087, -33.418996], [-70.512088, -33.419006], [-70.512087, -33.419017], [-70.512085, -33.419027], [-70.512084, -33.419037], [-70.512084, -33.419048], [-70.512084, -33.419057], [-70.512085, -33.419067], [-70.512085, -33.419078], [-70.512085, -33.419087], [-70.512081, -33.419096], [-70.512076, -33.419105], [-70.51207, -33.419113], [-70.512061, -33.419121], [-70.512052, -33.419128], [-70.512042, -33.419134], [-70.512031, -33.419138], [-70.51202, -33.419141], [-70.512007, -33.419144], [-70.511995, -33.419146], [-70.511983, -33.419148], [-70.511971, -33.41915], [-70.511959, -33.419152], [-70.511946, -33.419154], [-70.511932, -33.419156], [-70.511919, -33.419158], [-70.511905, -33.41916], [-70.511891, -33.419162], [-70.511881, -33.419164], [-70.51187, -33.419166], [-70.511858, -33.419169], [-70.511847, -33.419171], [-70.511837, -33.419174], [-70.511826, -33.419177], [-70.511816, -33.419181], [-70.511806, -33.419185], [-70.511795, -33.419189], [-70.511785, -33.419193], [-70.511775, -33.419197], [-70.511766, -33.419202], [-70.511756, -33.419206], [-70.511744, -33.419212], [-70.511733, -33.419218], [-70.511723, -33.419223], [-70.511713, -33.419229], [-70.511703, -33.419236], [-70.511694, -33.419242], [-70.511684, -33.419249], [-70.511677, -33.419256], [-70.511668, -33.419262], [-70.511659, -33.419269], [-70.51165, -33.419276], [-70.511641, -33.419283], [-70.511632, -33.419291], [-70.511623, -33.419299], [-70.511615, -33.419308], [-70.511607, -33.419316], [-70.511601, -33.419324], [-70.511593, -33.419334], [-70.511587, -33.419343], [-70.511581, -33.419352], [-70.511574, -33.419362], [-70.511568, -33.419372], [-70.511563, -33.419382], [-70.511558, -33.419393], [-70.511555, -33.419402], [-70.511552, -33.419409], [-70.511526, -33.419448], [-70.511494, -33.419483], [-70.511449, -33.419534], [-70.511439, -33.419544], [-70.511431, -33.419553], [-70.511424, -33.419561], [-70.511417, -33.419569], [-70.511411, -33.419578], [-70.511405, -33.419586], [-70.5114, -33.419594], [-70.511394, -33.419604], [-70.51139, -33.419613], [-70.511386, -33.419623], [-70.511384, -33.419629], [-70.511378, -33.419654], [-70.51137, -33.419673], [-70.51136, -33.419686], [-70.511354, -33.419694], [-70.511347, -33.419698], [-70.511338, -33.419702], [-70.511327, -33.419704], [-70.511319, -33.419705], [-70.511306, -33.419704], [-70.511294, -33.419703], [-70.511284, -33.419702], [-70.511273, -33.419699], [-70.511263, -33.419697], [-70.511252, -33.419695], [-70.511239, -33.419693], [-70.511227, -33.419692], [-70.511214, -33.419691], [-70.511201, -33.419691], [-70.51119, -33.419692], [-70.511177, -33.419694], [-70.511165, -33.419697], [-70.511154, -33.4197], [-70.511143, -33.419704], [-70.511133, -33.419707], [-70.51112, -33.419711], [-70.511108, -33.419715], [-70.511098, -33.419719], [-70.511087, -33.419724], [-70.511076, -33.419728], [-70.511066, -33.419733], [-70.511057, -33.419738], [-70.511046, -33.419742], [-70.511035, -33.419747], [-70.511025, -33.419752], [-70.511014, -33.419757], [-70.511003, -33.419762], [-70.510993, -33.419767], [-70.510985, -33.419773], [-70.510976, -33.41978], [-70.510967, -33.419788], [-70.51096, -33.419795], [-70.510959, -33.419798], [-70.510955, -33.419809], [-70.510955, -33.419813], [-70.510956, -33.419815], [-70.510958, -33.419817], [-70.510959, -33.419818], [-70.510962, -33.419818], [-70.510964, -33.419819], [-70.510968, -33.419819], [-70.510973, -33.419819], [-70.51098, -33.419819], [-70.510993, -33.419817], [-70.511017, -33.41981], [-70.511027, -33.419806], [-70.511037, -33.419801], [-70.511047, -33.419796], [-70.511057, -33.41979], [-70.511066, -33.419785], [-70.511075, -33.41978], [-70.511085, -33.419775], [-70.511095, -33.419771], [-70.511106, -33.419767], [-70.511116, -33.419764], [-70.511128, -33.419763], [-70.51114, -33.419763], [-70.511152, -33.419764], [-70.511164, -33.419765], [-70.511176, -33.419768], [-70.511187, -33.419772], [-70.511199, -33.419773], [-70.511208, -33.419776], [-70.511233, -33.419784], [-70.51125, -33.419792], [-70.511265, -33.419798], [-70.511288, -33.419813], [-70.511309, -33.419826], [-70.511327, -33.419836], [-70.511342, -33.419844], [-70.511355, -33.419849], [-70.511367, -33.41985], [-70.511379, -33.41985], [-70.511399, -33.419847], [-70.511431, -33.419837], [-70.51145, -33.419828], [-70.511463, -33.419822], [-70.511484, -33.419809], [-70.511517, -33.419788], [-70.511538, -33.419778], [-70.51156, -33.419768], [-70.511577, -33.419763], [-70.511589, -33.419761], [-70.511607, -33.419761], [-70.51162, -33.419763], [-70.511631, -33.419767], [-70.51164, -33.419771], [-70.511647, -33.419774], [-70.511653, -33.419774], [-70.511656, -33.419771], [-70.511657, -33.419768], [-70.511657, -33.419763], [-70.511656, -33.419753], [-70.511653, -33.419729], [-70.511653, -33.41971], [-70.511657, -33.419691], [-70.511661, -33.419683], [-70.511666, -33.419673], [-70.511672, -33.419664], [-70.51168, -33.419656], [-70.511688, -33.419649], [-70.511696, -33.419642], [-70.511705, -33.419637], [-70.511716, -33.41963], [-70.511725, -33.419625], [-70.511736, -33.41962], [-70.511746, -33.419616], [-70.511756, -33.419611], [-70.511766, -33.419608], [-70.511777, -33.419603], [-70.511787, -33.419599], [-70.511798, -33.419594], [-70.511807, -33.419588], [-70.511817, -33.419581], [-70.511826, -33.419576], [-70.511834, -33.41957], [-70.511844, -33.419564], [-70.511853, -33.419558], [-70.511862, -33.419552], [-70.511872, -33.419547], [-70.511884, -33.419542], [-70.511895, -33.419537], [-70.511907, -33.419534], [-70.511918, -33.419532], [-70.511931, -33.419531], [-70.511941, -33.419531], [-70.511954, -33.419532], [-70.511965, -33.419533], [-70.511977, -33.419535], [-70.51199, -33.419537], [-70.512001, -33.419538], [-70.512012, -33.419539], [-70.512023, -33.419539], [-70.512034, -33.419541], [-70.512046, -33.419542], [-70.512057, -33.419544], [-70.512069, -33.419545], [-70.51208, -33.419546], [-70.512093, -33.419547], [-70.512103, -33.419547], [-70.512115, -33.419546], [-70.512126, -33.419545], [-70.512138, -33.419543], [-70.51215, -33.419539], [-70.512162, -33.419535], [-70.512172, -33.41953], [-70.512182, -33.419526], [-70.512192, -33.419522], [-70.512202, -33.419517], [-70.512212, -33.419511], [-70.512221, -33.419506], [-70.51223, -33.419501], [-70.512239, -33.419496], [-70.512249, -33.419491], [-70.512259, -33.419486], [-70.512271, -33.419482], [-70.512283, -33.419478], [-70.512294, -33.419476], [-70.512304, -33.419475], [-70.512315, -33.419475], [-70.512328, -33.419476], [-70.51234, -33.419478], [-70.512352, -33.41948], [-70.512363, -33.419482], [-70.512374, -33.419485], [-70.512384, -33.419487], [-70.512405, -33.419492], [-70.512416, -33.419496], [-70.512427, -33.419498], [-70.512438, -33.419498], [-70.512449, -33.419496], [-70.512457, -33.41949], [-70.512463, -33.419482], [-70.512466, -33.419472], [-70.512469, -33.419463], [-70.512472, -33.419454], [-70.512476, -33.419445], [-70.512481, -33.419436], [-70.512487, -33.419428], [-70.512494, -33.419421], [-70.512502, -33.419414], [-70.512511, -33.419408], [-70.512521, -33.419403], [-70.512531, -33.419398], [-70.51254, -33.419394], [-70.512551, -33.41939], [-70.512561, -33.419386], [-70.512572, -33.419381], [-70.512583, -33.419377], [-70.512595, -33.419375], [-70.512607, -33.419374], [-70.512618, -33.419373], [-70.512629, -33.41937], [-70.512639, -33.419367], [-70.51265, -33.419362], [-70.512659, -33.419357], [-70.512667, -33.419351], [-70.512675, -33.419344], [-70.512682, -33.419337], [-70.51269, -33.419329], [-70.512697, -33.419321], [-70.512704, -33.419312], [-70.512709, -33.419303], [-70.512713, -33.419294], [-70.512717, -33.419284], [-70.51272, -33.419274], [-70.512723, -33.419264], [-70.512726, -33.419254], [-70.51273, -33.419244], [-70.512733, -33.419234], [-70.512746, -33.419195], [-70.512751, -33.419184], [-70.512756, -33.419173], [-70.51276, -33.419162], [-70.512765, -33.419152], [-70.51277, -33.419142], [-70.512774, -33.419134], [-70.512779, -33.419124], [-70.512784, -33.419114], [-70.512787, -33.419106], [-70.51279, -33.419097], [-70.512793, -33.419087], [-70.512797, -33.419076], [-70.512799, -33.419067], [-70.512802, -33.419058], [-70.512803, -33.419048], [-70.512805, -33.419038], [-70.512806, -33.419028], [-70.512806, -33.419018], [-70.512807, -33.419009], [-70.512808, -33.418999], [-70.512809, -33.418989], [-70.51281, -33.418978], [-70.51281, -33.418967], [-70.512811, -33.418956], [-70.512812, -33.418945], [-70.512812, -33.418934], [-70.512811, -33.418924], [-70.512811, -33.418913], [-70.512811, -33.418894], [-70.512812, -33.418884], [-70.512813, -33.418873], [-70.512813, -33.418864], [-70.512814, -33.418854], [-70.512815, -33.418844], [-70.512816, -33.418835], [-70.512818, -33.418825], [-70.512821, -33.418814], [-70.512825, -33.418803], [-70.512828, -33.418792], [-70.512833, -33.418782], [-70.512838, -33.418771], [-70.512844, -33.41876], [-70.512848, -33.418752], [-70.512855, -33.418742], [-70.512862, -33.418732], [-70.512869, -33.418722], [-70.512876, -33.418713], [-70.512883, -33.418704], [-70.51289, -33.418695], [-70.512896, -33.418687], [-70.512902, -33.418679], [-70.512909, -33.418671], [-70.512916, -33.418662], [-70.512922, -33.418654], [-70.512929, -33.418646], [-70.512938, -33.418637], [-70.512946, -33.418628], [-70.512955, -33.418619], [-70.512964, -33.418611], [-70.512973, -33.418604], [-70.512982, -33.418596], [-70.512992, -33.418589], [-70.513001, -33.418583], [-70.513011, -33.418576], [-70.51302, -33.41857], [-70.513029, -33.418563], [-70.513036, -33.418556], [-70.513045, -33.418551], [-70.513056, -33.418545], [-70.513065, -33.418539], [-70.513074, -33.418532], [-70.513084, -33.418525], [-70.513092, -33.418519], [-70.513101, -33.418512], [-70.513109, -33.418506], [-70.513119, -33.418499], [-70.513128, -33.418492], [-70.513137, -33.418484], [-70.513155, -33.418468], [-70.513163, -33.41846], [-70.513166, -33.418458], [-70.513331, -33.418343], [-70.513441, -33.418264], [-70.513444, -33.418262], [-70.513454, -33.418255], [-70.513463, -33.418249], [-70.513472, -33.418243], [-70.513481, -33.418237], [-70.51349, -33.418232], [-70.513509, -33.418221], [-70.513519, -33.418215], [-70.513529, -33.41821], [-70.51354, -33.418204], [-70.513559, -33.418194], [-70.513568, -33.418189], [-70.513579, -33.418184], [-70.513588, -33.418179], [-70.513599, -33.418174], [-70.513609, -33.418169], [-70.51362, -33.418162], [-70.513628, -33.418157], [-70.513637, -33.418152], [-70.513646, -33.418146], [-70.513656, -33.418139], [-70.513666, -33.418132], [-70.513676, -33.418125], [-70.513685, -33.418118], [-70.513695, -33.418111], [-70.513704, -33.418105], [-70.513712, -33.418099], [-70.513721, -33.418093], [-70.513732, -33.418087], [-70.513741, -33.418083], [-70.513751, -33.418079], [-70.513762, -33.418074], [-70.513772, -33.41807], [-70.513783, -33.418067], [-70.513794, -33.418063], [-70.513804, -33.418059], [-70.513815, -33.418054], [-70.513825, -33.41805], [-70.513835, -33.418046], [-70.513845, -33.418042], [-70.513856, -33.418036], [-70.513866, -33.418031], [-70.513876, -33.418026], [-70.513886, -33.41802], [-70.513895, -33.418014], [-70.513904, -33.418009], [-70.513913, -33.418004], [-70.513923, -33.417998], [-70.513934, -33.417992], [-70.513944, -33.417986], [-70.513954, -33.417979], [-70.513963, -33.417973], [-70.513971, -33.417966], [-70.51398, -33.417959], [-70.513988, -33.417952], [-70.514011, -33.417932], [-70.514019, -33.417925], [-70.514027, -33.417918], [-70.514035, -33.417912], [-70.514046, -33.417909], [-70.514056, -33.417912], [-70.514067, -33.417914], [-70.514077, -33.417911], [-70.514086, -33.417904], [-70.514094, -33.417898], [-70.514103, -33.417891], [-70.514111, -33.417885], [-70.51412, -33.417879], [-70.514128, -33.417872], [-70.514136, -33.417866], [-70.514146, -33.41786], [-70.514155, -33.417854], [-70.514164, -33.417849], [-70.514173, -33.417844], [-70.514183, -33.417838], [-70.514192, -33.417832], [-70.5142, -33.417825], [-70.514207, -33.417819], [-70.514214, -33.417812], [-70.51422, -33.417804], [-70.514241, -33.417779], [-70.514248, -33.417771], [-70.514256, -33.417762], [-70.514263, -33.417754], [-70.514271, -33.417746], [-70.514278, -33.417738], [-70.514286, -33.41773], [-70.514293, -33.417722], [-70.514301, -33.417715], [-70.514308, -33.417708], [-70.514316, -33.417701], [-70.514332, -33.417687], [-70.514341, -33.41768], [-70.514348, -33.417673], [-70.514356, -33.417666], [-70.514364, -33.417658], [-70.51438, -33.417643], [-70.514388, -33.417636], [-70.514397, -33.417627], [-70.514405, -33.417621], [-70.514414, -33.417614], [-70.514423, -33.417608], [-70.514434, -33.417601], [-70.514444, -33.417595], [-70.514455, -33.417588], [-70.514463, -33.417581], [-70.514472, -33.417574], [-70.51448, -33.417568], [-70.51449, -33.417561], [-70.514498, -33.417554], [-70.514507, -33.417546], [-70.514515, -33.41754], [-70.514525, -33.417532], [-70.514533, -33.417525], [-70.514541, -33.417518], [-70.514549, -33.417511], [-70.514557, -33.417504], [-70.514564, -33.417497], [-70.514571, -33.417489], [-70.514578, -33.417482], [-70.514587, -33.417474], [-70.514595, -33.417467], [-70.514603, -33.41746], [-70.514611, -33.417454], [-70.51462, -33.417447], [-70.514629, -33.41744], [-70.514638, -33.417432], [-70.514648, -33.417424], [-70.514665, -33.41741], [-70.514682, -33.417395], [-70.514691, -33.417388], [-70.514699, -33.417382], [-70.514741, -33.417361], [-70.514752, -33.417356], [-70.514762, -33.417352], [-70.514773, -33.417348], [-70.514785, -33.417343], [-70.514795, -33.417339], [-70.514805, -33.417335], [-70.514815, -33.417331], [-70.514828, -33.417326], [-70.514838, -33.417321], [-70.514857, -33.417313], [-70.514869, -33.417308], [-70.51488, -33.417302], [-70.514892, -33.417297], [-70.514904, -33.417292], [-70.514916, -33.417286], [-70.514928, -33.41728], [-70.514941, -33.417274], [-70.514952, -33.417269], [-70.514964, -33.417265], [-70.514986, -33.417256], [-70.514996, -33.417252], [-70.515007, -33.417246], [-70.515017, -33.417241], [-70.515027, -33.417236], [-70.515037, -33.417231], [-70.515048, -33.417226], [-70.515058, -33.417221], [-70.51507, -33.417216], [-70.515081, -33.417212], [-70.515093, -33.417207], [-70.515104, -33.417203], [-70.515114, -33.417199], [-70.515126, -33.417195], [-70.515138, -33.417191], [-70.515151, -33.417187], [-70.515161, -33.417184], [-70.515184, -33.417177], [-70.515197, -33.417174], [-70.515208, -33.417172], [-70.515219, -33.41717], [-70.515231, -33.417169], [-70.515245, -33.417167], [-70.515256, -33.417166], [-70.515267, -33.417165], [-70.515281, -33.417163], [-70.515294, -33.417162], [-70.515305, -33.417162], [-70.515316, -33.417161], [-70.515327, -33.417161], [-70.515339, -33.41716], [-70.51535, -33.417159], [-70.515361, -33.417158], [-70.515383, -33.417157], [-70.515394, -33.417156], [-70.515405, -33.417155], [-70.515418, -33.417154], [-70.515429, -33.417153], [-70.515442, -33.417152], [-70.515454, -33.41715], [-70.515467, -33.417148], [-70.515479, -33.417147], [-70.51549, -33.417145], [-70.515502, -33.417143], [-70.515515, -33.417141], [-70.515527, -33.417139], [-70.515539, -33.417137], [-70.515551, -33.417135], [-70.515563, -33.417133], [-70.515575, -33.417132], [-70.515587, -33.41713], [-70.515598, -33.417128], [-70.515609, -33.417126], [-70.515632, -33.417123], [-70.515644, -33.417122], [-70.515656, -33.41712], [-70.515668, -33.417119], [-70.515681, -33.417118], [-70.515695, -33.417117], [-70.515708, -33.417116], [-70.515721, -33.417116], [-70.515734, -33.417116], [-70.515745, -33.417116], [-70.515756, -33.417116], [-70.515769, -33.417117], [-70.515782, -33.417117], [-70.515795, -33.417118], [-70.515835, -33.417119], [-70.515848, -33.417119], [-70.51586, -33.417119], [-70.515871, -33.41712], [-70.515885, -33.41712], [-70.515898, -33.417121], [-70.51591, -33.417121], [-70.515923, -33.417121], [-70.515936, -33.417122], [-70.515947, -33.417122], [-70.515958, -33.417122], [-70.51597, -33.417122], [-70.515981, -33.417122], [-70.515992, -33.417122], [-70.516005, -33.417122], [-70.516018, -33.417122], [-70.516041, -33.417122], [-70.516052, -33.417122], [-70.516063, -33.417122], [-70.516075, -33.417122], [-70.516086, -33.417123], [-70.516097, -33.417123], [-70.51611, -33.417123], [-70.516122, -33.417124], [-70.516135, -33.417126], [-70.516146, -33.417127], [-70.516157, -33.417129], [-70.516168, -33.417131], [-70.516178, -33.417133], [-70.516189, -33.417136], [-70.516201, -33.417139], [-70.516214, -33.417143], [-70.516226, -33.417147], [-70.516239, -33.417151], [-70.51625, -33.417156], [-70.516259, -33.41716], [-70.516272, -33.417165], [-70.516284, -33.41717], [-70.516295, -33.417175], [-70.516306, -33.417179], [-70.516316, -33.417183], [-70.516327, -33.417188], [-70.516337, -33.417193], [-70.516348, -33.417199], [-70.516359, -33.417206], [-70.51637, -33.417213], [-70.516381, -33.41722], [-70.51639, -33.417226], [-70.516402, -33.417233], [-70.516413, -33.41724], [-70.516423, -33.417246], [-70.516433, -33.417252], [-70.516442, -33.417257], [-70.516451, -33.417263], [-70.516461, -33.41727], [-70.516471, -33.417276], [-70.51648, -33.417282], [-70.51649, -33.417288], [-70.5165, -33.417294], [-70.516509, -33.417299], [-70.516519, -33.417305], [-70.516528, -33.41731], [-70.516538, -33.417314], [-70.516548, -33.417319], [-70.516558, -33.417325], [-70.51657, -33.417331], [-70.516582, -33.417338], [-70.516591, -33.417343], [-70.5166, -33.417348], [-70.516609, -33.417353], [-70.516618, -33.417358], [-70.516627, -33.417364], [-70.516636, -33.417369], [-70.516645, -33.417374], [-70.516665, -33.417385], [-70.516675, -33.417391], [-70.516696, -33.417404], [-70.516707, -33.41741], [-70.516717, -33.417416], [-70.516728, -33.417422], [-70.516738, -33.417427], [-70.516747, -33.417432], [-70.516757, -33.417437], [-70.516767, -33.417442], [-70.516779, -33.417448], [-70.516791, -33.417453], [-70.516815, -33.417462], [-70.516827, -33.417467], [-70.51684, -33.417472], [-70.516851, -33.417476], [-70.516861, -33.417479], [-70.516871, -33.417483], [-70.516883, -33.417488], [-70.516896, -33.417494], [-70.516908, -33.417499], [-70.51692, -33.417504], [-70.516931, -33.417508], [-70.516942, -33.417513], [-70.516954, -33.417518], [-70.516966, -33.417523], [-70.516977, -33.417528], [-70.516989, -33.417533], [-70.517, -33.417538], [-70.517012, -33.417542], [-70.517023, -33.417546], [-70.517034, -33.417551], [-70.517044, -33.417555], [-70.517096, -33.417579], [-70.517106, -33.417583], [-70.517117, -33.417588], [-70.517127, -33.417593], [-70.517139, -33.417598], [-70.517151, -33.417603], [-70.517161, -33.417607], [-70.517172, -33.417612], [-70.517184, -33.417616], [-70.517196, -33.41762], [-70.517208, -33.417625], [-70.51722, -33.417629], [-70.517232, -33.417634], [-70.517254, -33.417642], [-70.517264, -33.417646], [-70.517275, -33.417649], [-70.517295, -33.417655], [-70.517308, -33.417659], [-70.51732, -33.417662], [-70.517332, -33.417664], [-70.517344, -33.417667], [-70.517356, -33.417671], [-70.517368, -33.417675], [-70.51739, -33.417685], [-70.5174, -33.41769], [-70.517409, -33.417694], [-70.51742, -33.4177], [-70.51743, -33.417705], [-70.517441, -33.41771], [-70.51745, -33.417715], [-70.517462, -33.41772], [-70.517473, -33.417724], [-70.517484, -33.417728], [-70.517495, -33.417731], [-70.517504, -33.417736], [-70.517525, -33.417746], [-70.517534, -33.417751], [-70.517544, -33.417756], [-70.517554, -33.41776], [-70.517564, -33.417763], [-70.517576, -33.417765], [-70.517587, -33.417766], [-70.517599, -33.417767], [-70.51761, -33.417769], [-70.517621, -33.417772], [-70.517632, -33.417775], [-70.517642, -33.417779], [-70.517662, -33.417791], [-70.517679, -33.417804], [-70.517694, -33.417818], [-70.51771, -33.417833], [-70.517734, -33.417857], [-70.517742, -33.417864], [-70.517761, -33.417878], [-70.517779, -33.41789], [-70.517787, -33.417896], [-70.517796, -33.417901], [-70.517807, -33.417908], [-70.517826, -33.417923], [-70.517835, -33.417932], [-70.517843, -33.417938], [-70.517851, -33.417945], [-70.517866, -33.417958], [-70.517875, -33.417963], [-70.517898, -33.41797], [-70.517916, -33.41797], [-70.517923, -33.417962], [-70.517928, -33.417949], [-70.517932, -33.41794], [-70.517933, -33.417935], [-70.517934, -33.417925], [-70.517934, -33.417915], [-70.517932, -33.417912], [-70.517924, -33.417905], [-70.517916, -33.417899], [-70.517908, -33.417892], [-70.517901, -33.417884], [-70.517895, -33.417876], [-70.517889, -33.417868], [-70.517876, -33.417854], [-70.517862, -33.417836], [-70.517856, -33.417828], [-70.51785, -33.417819], [-70.517838, -33.417798], [-70.517832, -33.417788], [-70.517825, -33.417778], [-70.517819, -33.41777], [-70.517805, -33.417754], [-70.517791, -33.417738], [-70.517775, -33.417722], [-70.51776, -33.417706], [-70.517753, -33.417697], [-70.51774, -33.417677], [-70.51773, -33.417659], [-70.517719, -33.41764], [-70.517709, -33.417621], [-70.517698, -33.417601], [-70.517692, -33.417591], [-70.517687, -33.417581], [-70.517682, -33.417573], [-70.517674, -33.417555], [-70.517666, -33.417535], [-70.517656, -33.417512], [-70.517645, -33.417487], [-70.517633, -33.41746], [-70.517625, -33.417438], [-70.517618, -33.417414], [-70.517614, -33.417403], [-70.51761, -33.417392], [-70.517603, -33.417372], [-70.517599, -33.417362], [-70.517591, -33.417343], [-70.517584, -33.417324], [-70.517573, -33.417304], [-70.517567, -33.417294], [-70.51756, -33.417285], [-70.517544, -33.417265], [-70.517537, -33.417255], [-70.517531, -33.417244], [-70.51752, -33.417226], [-70.517508, -33.417207], [-70.517503, -33.417199], [-70.517499, -33.417191], [-70.517487, -33.417171], [-70.517476, -33.417148], [-70.517471, -33.417139], [-70.517469, -33.417129], [-70.517465, -33.417109], [-70.51746, -33.417087], [-70.517458, -33.417076], [-70.517457, -33.417066], [-70.517456, -33.417042], [-70.517454, -33.41702], [-70.517453, -33.41701], [-70.51745, -33.416988], [-70.517448, -33.416969], [-70.517447, -33.416955], [-70.517443, -33.416932], [-70.51744, -33.416911], [-70.517437, -33.416889], [-70.517436, -33.41687], [-70.517435, -33.416851], [-70.517435, -33.416825], [-70.517435, -33.416799], [-70.517436, -33.416775], [-70.517437, -33.416755], [-70.517439, -33.416744], [-70.517441, -33.416734], [-70.517443, -33.416724], [-70.517446, -33.416713], [-70.517451, -33.416704], [-70.517467, -33.416686], [-70.517476, -33.416677], [-70.517486, -33.41667], [-70.517507, -33.416657], [-70.517529, -33.416647], [-70.517548, -33.416637], [-70.51756, -33.416631], [-70.517578, -33.41662], [-70.517588, -33.416614], [-70.517597, -33.416609], [-70.517609, -33.416603], [-70.51762, -33.416599], [-70.517632, -33.416594], [-70.517657, -33.416588], [-70.517668, -33.416586], [-70.517679, -33.416583], [-70.517692, -33.416579], [-70.517702, -33.416575], [-70.517722, -33.416565], [-70.517732, -33.416559], [-70.51774, -33.416553], [-70.517756, -33.416539], [-70.517773, -33.416523], [-70.517782, -33.416516], [-70.517792, -33.416509], [-70.517802, -33.416504], [-70.517812, -33.416501], [-70.517823, -33.416498], [-70.517836, -33.416497], [-70.517847, -33.416496], [-70.517859, -33.416497], [-70.517869, -33.4165], [-70.517879, -33.416504], [-70.517898, -33.416515], [-70.517906, -33.416521], [-70.517915, -33.416527], [-70.517932, -33.416543], [-70.517948, -33.416558], [-70.517964, -33.416574], [-70.51798, -33.416588], [-70.517988, -33.416595], [-70.517999, -33.416603], [-70.51801, -33.416609], [-70.518019, -33.416614], [-70.518042, -33.416623], [-70.518053, -33.416627], [-70.518062, -33.416632], [-70.518083, -33.416644], [-70.518095, -33.416651], [-70.518106, -33.41666], [-70.518128, -33.416673], [-70.518137, -33.416678], [-70.518147, -33.416684], [-70.518157, -33.41669], [-70.518169, -33.416695], [-70.518183, -33.4167], [-70.518194, -33.416704], [-70.518204, -33.416709], [-70.518214, -33.416713], [-70.518225, -33.416718], [-70.518236, -33.416725], [-70.518246, -33.416733], [-70.518255, -33.41674], [-70.518263, -33.416748], [-70.518272, -33.416756], [-70.518282, -33.416763], [-70.518302, -33.416776], [-70.518313, -33.416783], [-70.518333, -33.416799], [-70.518346, -33.416814], [-70.518353, -33.416822], [-70.518365, -33.416838], [-70.518371, -33.416845], [-70.518385, -33.416867], [-70.51839, -33.416876], [-70.518396, -33.416885], [-70.518403, -33.416892], [-70.518411, -33.416899], [-70.51843, -33.416912], [-70.518448, -33.416926], [-70.518468, -33.416943], [-70.518477, -33.416952], [-70.518497, -33.416972], [-70.518516, -33.416991], [-70.518532, -33.417006], [-70.518542, -33.417014], [-70.518564, -33.417028], [-70.518587, -33.417042], [-70.518608, -33.417055], [-70.518617, -33.417062], [-70.518626, -33.417069], [-70.518644, -33.417086], [-70.518651, -33.417093], [-70.518658, -33.4171], [-70.518665, -33.417108], [-70.518671, -33.417117], [-70.518675, -33.417127], [-70.518679, -33.417139], [-70.518681, -33.41715], [-70.518683, -33.417159], [-70.518684, -33.417171], [-70.518685, -33.417182], [-70.518689, -33.417193], [-70.518694, -33.417203], [-70.518702, -33.417212], [-70.518708, -33.41722], [-70.518716, -33.417227], [-70.518725, -33.417234], [-70.518735, -33.417241], [-70.518745, -33.417246], [-70.518753, -33.417252], [-70.518761, -33.41726], [-70.518777, -33.417276], [-70.518793, -33.417292], [-70.5188, -33.4173], [-70.518806, -33.417308], [-70.518818, -33.417328], [-70.518823, -33.417338], [-70.51883, -33.417345], [-70.518846, -33.41736], [-70.518854, -33.417367], [-70.518872, -33.417383], [-70.518892, -33.417402], [-70.518901, -33.417412], [-70.518908, -33.417419], [-70.518918, -33.417426], [-70.518942, -33.417439], [-70.518964, -33.417449], [-70.518973, -33.417454], [-70.518986, -33.41746], [-70.518995, -33.417466], [-70.519003, -33.417474], [-70.51901, -33.417483], [-70.519016, -33.417492], [-70.51902, -33.417502], [-70.519024, -33.417513], [-70.519026, -33.417524], [-70.519028, -33.417534], [-70.519028, -33.417546], [-70.519027, -33.417556], [-70.519026, -33.417565], [-70.519023, -33.417575], [-70.519021, -33.417597], [-70.519022, -33.417617], [-70.519023, -33.417636], [-70.519027, -33.417657], [-70.51903, -33.417678], [-70.519031, -33.417687], [-70.519035, -33.417707], [-70.519037, -33.417718], [-70.51904, -33.417729], [-70.519046, -33.417751], [-70.519049, -33.417762], [-70.519057, -33.417782], [-70.519062, -33.417793], [-70.519069, -33.417801], [-70.519077, -33.417809], [-70.519083, -33.417817], [-70.519089, -33.417826], [-70.519096, -33.417837], [-70.519105, -33.417847], [-70.519114, -33.417857], [-70.519123, -33.417866], [-70.519131, -33.417874], [-70.519169, -33.417923], [-70.519197, -33.417964], [-70.519229, -33.418007], [-70.519292, -33.418066], [-70.519305, -33.418081], [-70.519313, -33.41809], [-70.51932, -33.418097], [-70.51934, -33.418113], [-70.519358, -33.418126], [-70.519378, -33.418141], [-70.519396, -33.418154], [-70.519407, -33.418162], [-70.519417, -33.418169], [-70.519429, -33.418176], [-70.519441, -33.418181], [-70.519452, -33.418187], [-70.519473, -33.418198], [-70.519493, -33.418208], [-70.519504, -33.418213], [-70.519513, -33.418222], [-70.519522, -33.41823], [-70.51953, -33.418237], [-70.519546, -33.418253], [-70.519553, -33.418262], [-70.51956, -33.418271], [-70.519568, -33.418279], [-70.519575, -33.418288], [-70.519583, -33.418297], [-70.519592, -33.418303], [-70.519611, -33.418315], [-70.519636, -33.41833], [-70.519646, -33.418337], [-70.519656, -33.418344], [-70.519679, -33.418361], [-70.519704, -33.418377], [-70.519714, -33.418383], [-70.519723, -33.41839], [-70.519732, -33.418396], [-70.519751, -33.418413], [-70.519768, -33.418428], [-70.519776, -33.418436], [-70.519792, -33.41845], [-70.519809, -33.418465], [-70.519819, -33.418474], [-70.519829, -33.41848], [-70.519849, -33.418495], [-70.519867, -33.418507], [-70.519876, -33.418512], [-70.519896, -33.418524], [-70.520054, -33.418624], [-70.520064, -33.418629], [-70.520076, -33.418635], [-70.520087, -33.418639], [-70.520099, -33.418643], [-70.520109, -33.418648], [-70.52012, -33.418655], [-70.520129, -33.418661], [-70.520138, -33.41867], [-70.520151, -33.418685], [-70.520157, -33.418693], [-70.520169, -33.418709], [-70.520176, -33.418719], [-70.520191, -33.418738], [-70.520196, -33.418745], [-70.520205, -33.418752], [-70.520213, -33.418761], [-70.52022, -33.418768], [-70.520227, -33.418777], [-70.520237, -33.418794], [-70.520241, -33.418803], [-70.520244, -33.418813], [-70.520246, -33.418823], [-70.520247, -33.418834], [-70.520247, -33.418846], [-70.520246, -33.41887], [-70.520245, -33.418882], [-70.520243, -33.418893], [-70.520235, -33.418913], [-70.520232, -33.418923], [-70.520221, -33.418941], [-70.520209, -33.418961], [-70.520197, -33.418982], [-70.520192, -33.418992], [-70.520187, -33.419011], [-70.520183, -33.419031], [-70.520181, -33.419041], [-70.520179, -33.419062], [-70.520177, -33.419082], [-70.520177, -33.419092], [-70.520177, -33.419103], [-70.520175, -33.419123], [-70.520174, -33.419135], [-70.520176, -33.419155], [-70.520177, -33.419166], [-70.520179, -33.419179], [-70.520182, -33.419188], [-70.52019, -33.419213], [-70.520194, -33.419225], [-70.520202, -33.419246], [-70.520206, -33.419255], [-70.520217, -33.419275], [-70.520225, -33.419294], [-70.520228, -33.419306], [-70.520228, -33.41933], [-70.520226, -33.419341], [-70.520226, -33.419347], [-70.520227, -33.419351], [-70.52023, -33.419355], [-70.520237, -33.419359], [-70.520255, -33.419363], [-70.520274, -33.419371], [-70.520303, -33.419389], [-70.520309, -33.419397], [-70.520315, -33.419407], [-70.520325, -33.419429], [-70.520329, -33.419439], [-70.520335, -33.419448], [-70.520341, -33.419458], [-70.520356, -33.419478], [-70.52037, -33.419497], [-70.520381, -33.419516], [-70.520386, -33.419524], [-70.52039, -33.419533], [-70.520395, -33.419541], [-70.520401, -33.419552], [-70.520407, -33.41956], [-70.520414, -33.419568], [-70.520427, -33.419586], [-70.520434, -33.419595], [-70.520447, -33.419612], [-70.520459, -33.419629], [-70.520469, -33.419637], [-70.520513, -33.4197], [-70.520552, -33.419751], [-70.52062, -33.419817], [-70.520642, -33.419837], [-70.52065, -33.419845], [-70.520657, -33.419852], [-70.520665, -33.419859], [-70.520673, -33.419868], [-70.52068, -33.419878], [-70.520691, -33.419895], [-70.520703, -33.419913], [-70.520708, -33.419921], [-70.520713, -33.419931], [-70.520718, -33.419943], [-70.520725, -33.419968], [-70.520728, -33.41998], [-70.520729, -33.419991], [-70.520731, -33.420014], [-70.520723, -33.420065], [-70.520715, -33.420118], [-70.52069, -33.420213], [-70.520689, -33.42022], [-70.520688, -33.420243], [-70.520686, -33.420266], [-70.520685, -33.420288], [-70.520683, -33.420308], [-70.520681, -33.420327], [-70.520677, -33.420347], [-70.520674, -33.42037], [-70.520672, -33.420381], [-70.520671, -33.420391], [-70.520672, -33.420411], [-70.520673, -33.420423], [-70.520678, -33.420447], [-70.520681, -33.420458], [-70.520683, -33.420469], [-70.520684, -33.420478], [-70.520684, -33.420487], [-70.520683, -33.420497], [-70.520681, -33.420508], [-70.520674, -33.420527], [-70.52067, -33.420536], [-70.520666, -33.420544], [-70.520657, -33.420564], [-70.520647, -33.420597], [-70.520644, -33.420631], [-70.520644, -33.4207], [-70.520635, -33.420761], [-70.520617, -33.420867], [-70.520596, -33.420972], [-70.520592, -33.420985], [-70.520586, -33.421004], [-70.52058, -33.421024], [-70.520573, -33.421046], [-70.520567, -33.421067], [-70.520564, -33.421076], [-70.520557, -33.421095], [-70.520553, -33.421106], [-70.52055, -33.421116], [-70.520545, -33.421138], [-70.520543, -33.421147], [-70.520537, -33.421168], [-70.520529, -33.421189], [-70.520524, -33.421198], [-70.520519, -33.421208], [-70.520506, -33.421228], [-70.520495, -33.421245], [-70.520482, -33.421265], [-70.520467, -33.421287], [-70.520454, -33.421305], [-70.520448, -33.421314], [-70.520429, -33.421335], [-70.520412, -33.421353], [-70.520402, -33.421362], [-70.520396, -33.421369], [-70.520381, -33.421384], [-70.520373, -33.421392], [-70.520366, -33.4214], [-70.52036, -33.421408], [-70.520355, -33.421417], [-70.520352, -33.421426], [-70.520349, -33.421436], [-70.520346, -33.421446], [-70.520339, -33.421464], [-70.520329, -33.421483], [-70.520325, -33.421492], [-70.520323, -33.421495], [-70.520315, -33.421509], [-70.520302, -33.42153], [-70.520278, -33.421556], [-70.520257, -33.421571], [-70.520252, -33.421574], [-70.520247, -33.421577], [-70.520241, -33.42158], [-70.520235, -33.421584], [-70.520231, -33.421587], [-70.520226, -33.42159], [-70.520222, -33.421593], [-70.520217, -33.421596], [-70.520213, -33.4216], [-70.520209, -33.421605], [-70.520203, -33.421614], [-70.520199, -33.421619], [-70.520197, -33.421624], [-70.520194, -33.421629], [-70.520191, -33.421634], [-70.520189, -33.42164], [-70.520186, -33.421646], [-70.520184, -33.421653], [-70.520181, -33.421659], [-70.520174, -33.421672], [-70.520167, -33.421685], [-70.520162, -33.421691], [-70.520158, -33.421697], [-70.520153, -33.421703], [-70.520149, -33.421708], [-70.520144, -33.421713], [-70.520139, -33.421719], [-70.520135, -33.421723], [-70.520131, -33.421727], [-70.520122, -33.421735], [-70.520117, -33.421738], [-70.520113, -33.421742], [-70.520109, -33.421745], [-70.520105, -33.421748], [-70.520099, -33.421752], [-70.520085, -33.421765], [-70.52008, -33.421769], [-70.520075, -33.421773], [-70.520071, -33.421777], [-70.520067, -33.421782], [-70.520065, -33.421786], [-70.520062, -33.421791], [-70.520059, -33.421795], [-70.520055, -33.421805], [-70.520053, -33.421809], [-70.520051, -33.421814], [-70.520049, -33.42182], [-70.520047, -33.421824], [-70.520045, -33.421829], [-70.520043, -33.421834], [-70.52004, -33.421839], [-70.520037, -33.421844], [-70.520029, -33.421861], [-70.520025, -33.421867], [-70.520022, -33.421872], [-70.520018, -33.421878], [-70.520013, -33.421883], [-70.520008, -33.421888], [-70.520004, -33.421892], [-70.520001, -33.421896], [-70.519998, -33.4219], [-70.519994, -33.421904], [-70.51999, -33.42191], [-70.519986, -33.421914], [-70.519982, -33.421918], [-70.519977, -33.421923], [-70.519973, -33.421927], [-70.519968, -33.421933], [-70.519963, -33.421938], [-70.519957, -33.421945], [-70.519951, -33.421951], [-70.519946, -33.421958], [-70.519942, -33.421964], [-70.519939, -33.421971], [-70.519937, -33.421977], [-70.519935, -33.421984], [-70.519934, -33.42199], [-70.519933, -33.422002], [-70.519932, -33.422013], [-70.519932, -33.422019], [-70.519931, -33.422024], [-70.519931, -33.42203], [-70.51993, -33.422036], [-70.51993, -33.422042], [-70.519929, -33.422048], [-70.519928, -33.422055], [-70.519927, -33.422061], [-70.519925, -33.422068], [-70.51992, -33.42208], [-70.519918, -33.422087], [-70.519915, -33.422092], [-70.519913, -33.422098], [-70.51991, -33.422104], [-70.519905, -33.422115], [-70.519898, -33.422127], [-70.519895, -33.422134], [-70.519891, -33.42214], [-70.519887, -33.422146], [-70.519879, -33.422157], [-70.519876, -33.422163], [-70.519872, -33.422169], [-70.519867, -33.422175], [-70.519864, -33.422182], [-70.51986, -33.422189], [-70.519857, -33.422197], [-70.519853, -33.422204], [-70.519848, -33.422221], [-70.519845, -33.422229], [-70.519843, -33.422237], [-70.519841, -33.422246], [-70.519837, -33.422262], [-70.519834, -33.422269], [-70.519831, -33.422275], [-70.519829, -33.422281], [-70.519825, -33.422286], [-70.519822, -33.422292], [-70.519818, -33.422297], [-70.519815, -33.422302], [-70.519811, -33.422307], [-70.519809, -33.422312], [-70.519806, -33.422317], [-70.519803, -33.422322], [-70.5198, -33.422328], [-70.519796, -33.422334], [-70.519792, -33.422342], [-70.51979, -33.422349], [-70.519787, -33.422356], [-70.519786, -33.422362], [-70.519785, -33.42237], [-70.519784, -33.422378], [-70.519783, -33.422383], [-70.519783, -33.422387], [-70.519783, -33.422392], [-70.519782, -33.422402], [-70.519782, -33.422407], [-70.519781, -33.422413], [-70.519782, -33.422425], [-70.519782, -33.422436], [-70.519782, -33.422441], [-70.519782, -33.422447], [-70.519783, -33.422452], [-70.519782, -33.422457], [-70.519782, -33.422462], [-70.519782, -33.422466], [-70.51978, -33.422474], [-70.519779, -33.422481], [-70.519776, -33.422488], [-70.519775, -33.422494], [-70.519773, -33.422499], [-70.519771, -33.422504], [-70.519769, -33.422509], [-70.519767, -33.422514], [-70.519765, -33.422518], [-70.519763, -33.422523], [-70.519758, -33.422532], [-70.519756, -33.422537], [-70.519754, -33.422542], [-70.519753, -33.422547], [-70.519751, -33.422554], [-70.519749, -33.42256], [-70.519749, -33.422565], [-70.519748, -33.422569], [-70.519748, -33.422574], [-70.519748, -33.422579], [-70.519748, -33.422584], [-70.519748, -33.422589], [-70.519749, -33.422594], [-70.519749, -33.422599], [-70.51975, -33.422605], [-70.519751, -33.42261], [-70.519752, -33.422616], [-70.519754, -33.422621], [-70.519755, -33.422627], [-70.519758, -33.422639], [-70.51976, -33.422646], [-70.51976, -33.422653], [-70.519761, -33.422668], [-70.519761, -33.422676], [-70.51976, -33.422685], [-70.519759, -33.422693], [-70.519756, -33.42271], [-70.519754, -33.422718], [-70.519751, -33.422726], [-70.519749, -33.422733], [-70.519746, -33.422741], [-70.519743, -33.422748], [-70.519741, -33.422754], [-70.519739, -33.42276], [-70.519737, -33.422764], [-70.519732, -33.422776], [-70.519729, -33.422781], [-70.519726, -33.422787], [-70.519724, -33.422792], [-70.519723, -33.422797], [-70.519722, -33.422804], [-70.519721, -33.42281], [-70.51972, -33.422815], [-70.51972, -33.42282], [-70.51972, -33.422825], [-70.51972, -33.42283], [-70.51972, -33.422835], [-70.51972, -33.422839], [-70.519719, -33.422846], [-70.519719, -33.42285], [-70.519719, -33.422857], [-70.519719, -33.422861], [-70.519719, -33.422866], [-70.519718, -33.422872], [-70.519717, -33.422878], [-70.519717, -33.422883], [-70.51971, -33.422902], [-70.519704, -33.422918], [-70.519703, -33.42292], [-70.519701, -33.422923], [-70.519697, -33.422926], [-70.519696, -33.422928], [-70.519696, -33.422929], [-70.519696, -33.42293], [-70.519697, -33.422933], [-70.519701, -33.422937], [-70.519709, -33.422945], [-70.519713, -33.422949], [-70.519715, -33.422953], [-70.519715, -33.422957], [-70.519717, -33.422975], [-70.519719, -33.422993], [-70.519718, -33.423002], [-70.519717, -33.423021], [-70.519712, -33.423039], [-70.519709, -33.423048], [-70.519708, -33.423058], [-70.519706, -33.423068], [-70.5197, -33.423088], [-70.519699, -33.423097], [-70.519699, -33.423107], [-70.5197, -33.423117], [-70.519701, -33.423136], [-70.519698, -33.423155], [-70.519685, -33.423205], [-70.519682, -33.423214], [-70.519652, -33.423353], [-70.519648, -33.423376], [-70.519644, -33.423412], [-70.51963, -33.423537], [-70.519626, -33.423604], [-70.519623, -33.423623], [-70.519624, -33.423632], [-70.519623, -33.423641], [-70.519594, -33.423795], [-70.519593, -33.423804], [-70.519589, -33.423839], [-70.519586, -33.423879], [-70.519587, -33.4239], [-70.519587, -33.423921], [-70.519583, -33.423966], [-70.519581, -33.42398], [-70.519575, -33.424], [-70.519574, -33.424009], [-70.519572, -33.424028], [-70.519574, -33.424038], [-70.519569, -33.424068], [-70.519563, -33.424132], [-70.519561, -33.424141], [-70.519558, -33.42415], [-70.519554, -33.424169], [-70.519551, -33.424178], [-70.519551, -33.424188], [-70.519549, -33.424197], [-70.519548, -33.424216], [-70.519547, -33.424225], [-70.519548, -33.424235], [-70.519546, -33.424245], [-70.519545, -33.424264], [-70.519543, -33.424273], [-70.519542, -33.424282], [-70.519539, -33.424292], [-70.519535, -33.424311], [-70.519531, -33.42433], [-70.519527, -33.424339], [-70.519524, -33.424348], [-70.519518, -33.424367], [-70.519513, -33.424377], [-70.51951, -33.424386], [-70.519509, -33.424395], [-70.519506, -33.424415], [-70.519503, -33.424444], [-70.519498, -33.424463], [-70.519499, -33.424471], [-70.519456, -33.424619], [-70.519416, -33.424734], [-70.519369, -33.424835], [-70.519324, -33.424957], [-70.519318, -33.424968], [-70.519314, -33.424977], [-70.519304, -33.424996], [-70.519299, -33.425004], [-70.519286, -33.425021], [-70.51928, -33.425029], [-70.519267, -33.425046], [-70.519257, -33.425065], [-70.519252, -33.425074], [-70.519248, -33.425084], [-70.519242, -33.425104], [-70.519239, -33.425112], [-70.519222, -33.425147], [-70.519214, -33.425158], [-70.519207, -33.425171], [-70.519198, -33.425189], [-70.519186, -33.425214], [-70.519169, -33.425246], [-70.51916, -33.425261], [-70.519155, -33.42527], [-70.519145, -33.425288], [-70.519132, -33.425305], [-70.519123, -33.425316], [-70.519074, -33.42538], [-70.519033, -33.425454], [-70.519013, -33.425488], [-70.518996, -33.425516], [-70.518976, -33.42555], [-70.518958, -33.425582], [-70.518932, -33.425623], [-70.518894, -33.425684], [-70.518848, -33.42575], [-70.518798, -33.425829], [-70.518718, -33.42595], [-70.518698, -33.425982], [-70.518693, -33.425991], [-70.518689, -33.426], [-70.51868, -33.426017], [-70.518674, -33.426025], [-70.518667, -33.42603], [-70.518658, -33.426037], [-70.518641, -33.426047], [-70.518634, -33.426054], [-70.51863, -33.426059], [-70.518629, -33.426064], [-70.518629, -33.426071], [-70.518631, -33.426079], [-70.518632, -33.426089], [-70.518633, -33.4261], [-70.51863, -33.426113], [-70.518624, -33.426126], [-70.518612, -33.426144], [-70.518606, -33.426161], [-70.518587, -33.426217], [-70.518578, -33.426262], [-70.518576, -33.426268], [-70.518572, -33.426275], [-70.518569, -33.42628], [-70.518565, -33.426284], [-70.51856, -33.426289], [-70.518557, -33.426293], [-70.518556, -33.426295], [-70.518555, -33.426297], [-70.518555, -33.426299], [-70.518555, -33.426302], [-70.518556, -33.426306], [-70.518557, -33.42631], [-70.518557, -33.426317], [-70.518558, -33.426332], [-70.518557, -33.426339], [-70.518556, -33.426342], [-70.518522, -33.426414], [-70.518499, -33.426462], [-70.51849, -33.426473], [-70.518485, -33.426477], [-70.518468, -33.426492], [-70.518463, -33.426498], [-70.518461, -33.426502], [-70.518461, -33.426507], [-70.518462, -33.42651], [-70.518465, -33.426515], [-70.518468, -33.42652], [-70.51847, -33.426526], [-70.518472, -33.426535], [-70.518471, -33.426547], [-70.518468, -33.426553], [-70.518467, -33.426564], [-70.518456, -33.426591], [-70.51845, -33.4266], [-70.518446, -33.426609], [-70.518441, -33.426618], [-70.51844, -33.426628], [-70.518438, -33.426647], [-70.518435, -33.426657], [-70.518429, -33.426677], [-70.518427, -33.426687], [-70.518424, -33.426697], [-70.518423, -33.426706], [-70.51842, -33.426726], [-70.518417, -33.426735], [-70.518411, -33.426753], [-70.518403, -33.42677], [-70.518399, -33.42678], [-70.518393, -33.426799], [-70.518387, -33.426819], [-70.518378, -33.426837], [-70.518369, -33.42685], [-70.518341, -33.426887], [-70.518311, -33.42693], [-70.51829, -33.427001], [-70.51826, -33.427071], [-70.518249, -33.427089], [-70.518236, -33.427105], [-70.518221, -33.427123], [-70.518215, -33.427131], [-70.518202, -33.427154], [-70.518113, -33.427308], [-70.51806, -33.427421], [-70.517993, -33.427556], [-70.517985, -33.427568], [-70.51798, -33.427577], [-70.51797, -33.427595], [-70.517968, -33.427604], [-70.517964, -33.427615], [-70.517955, -33.427634], [-70.517942, -33.427661], [-70.517932, -33.427681], [-70.517924, -33.427701], [-70.517915, -33.427719], [-70.517913, -33.42773], [-70.517908, -33.42775], [-70.517908, -33.42776], [-70.517907, -33.427778], [-70.517907, -33.427799], [-70.517907, -33.427809], [-70.517908, -33.427819], [-70.517907, -33.427831], [-70.517904, -33.427842], [-70.517901, -33.427863], [-70.517897, -33.427873], [-70.517895, -33.427883], [-70.517884, -33.427913], [-70.517873, -33.427934], [-70.517868, -33.427943], [-70.517858, -33.427963], [-70.517856, -33.427972], [-70.517852, -33.427982], [-70.51785, -33.427993], [-70.517846, -33.428006], [-70.517836, -33.428055], [-70.517824, -33.428128], [-70.517814, -33.428226], [-70.517815, -33.428239], [-70.517815, -33.428248], [-70.517815, -33.428257], [-70.517814, -33.428277], [-70.517814, -33.428297], [-70.517812, -33.428307], [-70.517812, -33.428309], [-70.517809, -33.428397], [-70.517799, -33.428491], [-70.517797, -33.428532], [-70.517787, -33.428594], [-70.517781, -33.428639], [-70.517782, -33.428692], [-70.517779, -33.428742], [-70.517773, -33.428784], [-70.517765, -33.428826], [-70.517755, -33.428849], [-70.517744, -33.428866], [-70.517742, -33.428876], [-70.517742, -33.428884], [-70.517741, -33.428911], [-70.517727, -33.428969], [-70.517711, -33.429011], [-70.517703, -33.429034], [-70.517701, -33.429057], [-70.517701, -33.429062], [-70.517709, -33.42912], [-70.517708, -33.429145], [-70.517706, -33.429176], [-70.517703, -33.429191], [-70.517694, -33.429211], [-70.517679, -33.429236], [-70.517676, -33.429257], [-70.517676, -33.429272], [-70.51768, -33.429291], [-70.517685, -33.429309], [-70.517689, -33.429334], [-70.51769, -33.429386], [-70.517679, -33.429448], [-70.517673, -33.429519], [-70.517673, -33.429522], [-70.517674, -33.429528], [-70.517673, -33.429532], [-70.517673, -33.429541], [-70.517674, -33.429544], [-70.517673, -33.429547], [-70.517674, -33.429555], [-70.517674, -33.429559], [-70.517674, -33.429562], [-70.517674, -33.429569], [-70.517674, -33.42958], [-70.517675, -33.429583], [-70.517675, -33.429586], [-70.517675, -33.429596], [-70.517675, -33.429599], [-70.517675, -33.429614], [-70.517675, -33.429616], [-70.517675, -33.429619], [-70.517676, -33.429622], [-70.51767, -33.429669], [-70.517664, -33.429697], [-70.517653, -33.429723], [-70.517602, -33.429819], [-70.517594, -33.429841], [-70.517588, -33.429872], [-70.517576, -33.429964], [-70.517566, -33.430007], [-70.517561, -33.43006], [-70.517554, -33.430083], [-70.517545, -33.430093], [-70.517529, -33.430103], [-70.517514, -33.430108], [-70.517486, -33.430112], [-70.517481, -33.430116], [-70.51748, -33.43012], [-70.517479, -33.430145], [-70.517483, -33.43019], [-70.517478, -33.430217], [-70.517474, -33.430229], [-70.517465, -33.430253], [-70.517451, -33.430288], [-70.517434, -33.430315], [-70.517402, -33.43036], [-70.517345, -33.430459], [-70.517318, -33.430518], [-70.517296, -33.430553], [-70.517274, -33.430582], [-70.51721, -33.430646], [-70.517174, -33.430678], [-70.517131, -33.430711], [-70.517056, -33.430764], [-70.516944, -33.430836], [-70.516819, -33.430903], [-70.516783, -33.430919], [-70.516697, -33.430951], [-70.516638, -33.430967], [-70.516455, -33.431027], [-70.516383, -33.431054], [-70.516165, -33.431139], [-70.516058, -33.431171], [-70.516003, -33.431182], [-70.515787, -33.431216], [-70.515719, -33.431231], [-70.515652, -33.431252], [-70.515612, -33.431268], [-70.51557, -33.431289], [-70.515487, -33.431333], [-70.515438, -33.431371], [-70.515406, -33.431389], [-70.515368, -33.431405], [-70.515299, -33.43143], [-70.515271, -33.431445], [-70.515244, -33.431466], [-70.515218, -33.43149], [-70.515195, -33.431517], [-70.515138, -33.431588], [-70.515114, -33.431611], [-70.515098, -33.431622], [-70.514936, -33.431705], [-70.514846, -33.431744], [-70.514774, -33.431784], [-70.514748, -33.431796], [-70.514714, -33.431817], [-70.514674, -33.431835], [-70.514646, -33.431845], [-70.514519, -33.431886], [-70.514492, -33.431899], [-70.514434, -33.431933], [-70.514387, -33.431952], [-70.514348, -33.431964], [-70.514306, -33.431972], [-70.514214, -33.431984], [-70.514179, -33.431992], [-70.514142, -33.432005], [-70.514065, -33.43204], [-70.514024, -33.432054], [-70.513977, -33.432068], [-70.513935, -33.432074], [-70.513845, -33.432084], [-70.51382, -33.432085], [-70.513794, -33.432083], [-70.513673, -33.432074], [-70.513613, -33.432073], [-70.513508, -33.43208], [-70.513444, -33.432088], [-70.513376, -33.4321], [-70.513305, -33.432113], [-70.513251, -33.432124], [-70.513173, -33.432139], [-70.513128, -33.43215], [-70.513092, -33.432162], [-70.512874, -33.432231], [-70.512797, -33.432262], [-70.512734, -33.432291], [-70.512696, -33.432304], [-70.512642, -33.432319], [-70.512592, -33.432329], [-70.512556, -33.432332], [-70.512519, -33.432331], [-70.512338, -33.432315], [-70.512244, -33.4323], [-70.51219, -33.432286], [-70.512115, -33.432277], [-70.512042, -33.432274], [-70.511969, -33.432278], [-70.511903, -33.432282], [-70.511856, -33.432285], [-70.511802, -33.432288], [-70.511737, -33.43229], [-70.511686, -33.432291], [-70.511629, -33.432289], [-70.511583, -33.432285], [-70.511502, -33.432274], [-70.511456, -33.432261], [-70.511401, -33.432246], [-70.511386, -33.432242], [-70.511371, -33.43224], [-70.511363, -33.432239], [-70.511359, -33.432239], [-70.511357, -33.43224], [-70.511355, -33.432241], [-70.511353, -33.432242], [-70.511352, -33.432244], [-70.511349, -33.432248], [-70.511344, -33.432257], [-70.511335, -33.432274], [-70.511305, -33.432308], [-70.511281, -33.432323], [-70.511256, -33.432337], [-70.511233, -33.432344], [-70.511201, -33.43235], [-70.511066, -33.432367], [-70.511031, -33.432368], [-70.510979, -33.432366], [-70.510867, -33.432357], [-70.51079, -33.43234], [-70.510725, -33.432323], [-70.510678, -33.432299], [-70.510643, -33.432276], [-70.510613, -33.43226], [-70.510595, -33.432253], [-70.510586, -33.432251], [-70.510582, -33.432251], [-70.51058, -33.432251], [-70.510579, -33.432251], [-70.510577, -33.432252], [-70.510574, -33.432256], [-70.510572, -33.43226], [-70.51057, -33.432266], [-70.510568, -33.432271], [-70.510565, -33.432294], [-70.510559, -33.432328], [-70.510555, -33.43234], [-70.510546, -33.432364], [-70.510538, -33.432375], [-70.510526, -33.432386], [-70.51051, -33.432396], [-70.510489, -33.432404], [-70.510464, -33.432406], [-70.510449, -33.432406], [-70.510422, -33.432402], [-70.510382, -33.43239], [-70.510358, -33.432385], [-70.510328, -33.432381], [-70.510274, -33.432379], [-70.510233, -33.432382], [-70.510189, -33.432385], [-70.510142, -33.432384], [-70.510032, -33.432377], [-70.50999, -33.432374], [-70.50995, -33.432364], [-70.509913, -33.43235], [-70.509881, -33.432339], [-70.509844, -33.432328], [-70.509824, -33.432325], [-70.509794, -33.432325], [-70.509747, -33.432319], [-70.509724, -33.432314], [-70.509708, -33.432312], [-70.509689, -33.432312], [-70.509667, -33.432313], [-70.509658, -33.432314], [-70.50964, -33.432318], [-70.509593, -33.432334], [-70.509576, -33.432344], [-70.509556, -33.432361], [-70.509549, -33.43237], [-70.509538, -33.43239], [-70.509526, -33.43241], [-70.509517, -33.432419], [-70.509506, -33.432423], [-70.509499, -33.432424], [-70.509473, -33.432422], [-70.509457, -33.432418], [-70.509438, -33.432417], [-70.509421, -33.432418], [-70.509401, -33.432423], [-70.50939, -33.432427], [-70.509371, -33.432434], [-70.509328, -33.432454], [-70.50929, -33.432469], [-70.509257, -33.432492], [-70.509226, -33.432516], [-70.509189, -33.432554], [-70.509152, -33.43258], [-70.509114, -33.432605], [-70.509059, -33.432633], [-70.508991, -33.432662], [-70.508923, -33.432688], [-70.508896, -33.432698], [-70.508864, -33.432707], [-70.508822, -33.432712], [-70.508784, -33.432714], [-70.50872, -33.432714], [-70.508665, -33.432712], [-70.508616, -33.432704], [-70.508507, -33.432673], [-70.508432, -33.432649], [-70.508368, -33.432634], [-70.508336, -33.432629], [-70.508272, -33.432623], [-70.508194, -33.432619], [-70.508135, -33.432619], [-70.508101, -33.432616], [-70.508078, -33.432617], [-70.508043, -33.432624], [-70.508009, -33.432633], [-70.507983, -33.432641], [-70.507962, -33.432646], [-70.507945, -33.432649], [-70.50793, -33.432652], [-70.507919, -33.432654], [-70.507909, -33.432655], [-70.507897, -33.432655], [-70.507866, -33.432657], [-70.507844, -33.43266], [-70.507834, -33.432664], [-70.507831, -33.432666], [-70.50783, -33.432668], [-70.507829, -33.432671], [-70.50783, -33.432687], [-70.507828, -33.432691], [-70.507825, -33.432694], [-70.50781, -33.432706], [-70.507796, -33.432714], [-70.507761, -33.432727], [-70.507743, -33.432743], [-70.507731, -33.432756], [-70.507707, -33.432792], [-70.507665, -33.432859], [-70.507645, -33.432874], [-70.50763, -33.43288], [-70.507599, -33.432888], [-70.507572, -33.43289], [-70.50753, -33.432892], [-70.507449, -33.432891], [-70.507391, -33.432898], [-70.507296, -33.432915], [-70.507232, -33.432929], [-70.507213, -33.432937], [-70.507185, -33.432952], [-70.50717, -33.432953], [-70.507156, -33.432952], [-70.507121, -33.432947], [-70.507081, -33.432945], [-70.507042, -33.432946], [-70.507001, -33.432955], [-70.506964, -33.432972], [-70.506921, -33.433005], [-70.506901, -33.433026], [-70.506895, -33.433034], [-70.506885, -33.433052], [-70.506882, -33.433061], [-70.506877, -33.43307], [-70.506872, -33.433078], [-70.506858, -33.433094], [-70.506843, -33.433109], [-70.506836, -33.433116], [-70.506827, -33.433124], [-70.506808, -33.433138], [-70.506789, -33.433148], [-70.506778, -33.433153], [-70.506766, -33.433157], [-70.506755, -33.433159], [-70.506743, -33.433159], [-70.506733, -33.433157], [-70.506723, -33.433153], [-70.506715, -33.433147], [-70.506708, -33.433139], [-70.506702, -33.43313], [-70.506697, -33.433121], [-70.506686, -33.433102], [-70.506679, -33.433093], [-70.50667, -33.433085], [-70.506661, -33.433078], [-70.506651, -33.433071], [-70.506631, -33.433061], [-70.506622, -33.433056], [-70.506612, -33.433052], [-70.506591, -33.433045], [-70.506579, -33.433043], [-70.506567, -33.433039], [-70.506556, -33.433035], [-70.506535, -33.433028], [-70.506524, -33.433026], [-70.506502, -33.433022], [-70.506491, -33.433021], [-70.50648, -33.433021], [-70.506468, -33.433022], [-70.506455, -33.433023], [-70.506442, -33.433025], [-70.50643, -33.433027], [-70.506396, -33.43304], [-70.506371, -33.433051], [-70.506356, -33.433054], [-70.506341, -33.433054], [-70.506331, -33.433054], [-70.506321, -33.433054], [-70.506306, -33.433054], [-70.5063, -33.433055], [-70.506297, -33.433055], [-70.506295, -33.433056], [-70.506293, -33.433057], [-70.506291, -33.433059], [-70.506288, -33.433063], [-70.506285, -33.433067], [-70.50628, -33.433074], [-70.506272, -33.433081], [-70.506264, -33.433087], [-70.506245, -33.4331], [-70.506229, -33.433111], [-70.506216, -33.43312], [-70.506205, -33.433129], [-70.506192, -33.433144], [-70.506184, -33.433154], [-70.506169, -33.433168], [-70.506158, -33.433177], [-70.506148, -33.433185], [-70.506131, -33.433196], [-70.506125, -33.433203], [-70.50612, -33.433213], [-70.506119, -33.433222], [-70.50612, -33.433242], [-70.506121, -33.433261], [-70.506122, -33.43328], [-70.506124, -33.433299], [-70.506125, -33.433309], [-70.506123, -33.433319], [-70.50612, -33.433328], [-70.506115, -33.433337], [-70.506102, -33.433355], [-70.506096, -33.433362], [-70.506078, -33.433377], [-70.506059, -33.43339], [-70.50605, -33.433397], [-70.50604, -33.433402], [-70.506029, -33.433407], [-70.506006, -33.433413], [-70.505984, -33.433417], [-70.505972, -33.433418], [-70.505949, -33.433419], [-70.505924, -33.43342], [-70.505899, -33.43342], [-70.505877, -33.433419], [-70.505852, -33.433418], [-70.505828, -33.433418], [-70.505815, -33.433418], [-70.505804, -33.433417], [-70.505781, -33.433417], [-70.505758, -33.433416], [-70.505734, -33.433416], [-70.505724, -33.433416], [-70.5057, -33.433422], [-70.505676, -33.433427], [-70.505665, -33.433427], [-70.505653, -33.433428], [-70.505641, -33.433431], [-70.505621, -33.433438], [-70.505601, -33.433447], [-70.505581, -33.433457], [-70.505571, -33.433462], [-70.505554, -33.433474], [-70.505534, -33.433489], [-70.505509, -33.43351], [-70.505491, -33.433528], [-70.505484, -33.433545], [-70.505483, -33.433556], [-70.505483, -33.433562], [-70.505483, -33.433567], [-70.505484, -33.433571], [-70.505485, -33.433575], [-70.505487, -33.433578], [-70.505488, -33.433578], [-70.505491, -33.43358], [-70.505497, -33.433581], [-70.505504, -33.433581], [-70.505509, -33.433581], [-70.50552, -33.433579], [-70.505537, -33.433573], [-70.50555, -33.433567], [-70.505586, -33.433537], [-70.505613, -33.433506], [-70.505627, -33.433493], [-70.505642, -33.433485], [-70.505658, -33.43348], [-70.505673, -33.433478], [-70.505697, -33.433478], [-70.505727, -33.43348], [-70.505759, -33.433485], [-70.505789, -33.433488], [-70.505801, -33.433488], [-70.505825, -33.433489], [-70.505848, -33.433489], [-70.50587, -33.433489], [-70.505894, -33.43349], [-70.505906, -33.433491], [-70.505918, -33.433492], [-70.505941, -33.433496], [-70.505953, -33.433498], [-70.505976, -33.433498], [-70.506, -33.433497], [-70.506023, -33.433498], [-70.506035, -33.433499], [-70.506048, -33.433498], [-70.506073, -33.433495], [-70.506097, -33.433491], [-70.506121, -33.433487], [-70.506132, -33.433486], [-70.506143, -33.433484], [-70.506164, -33.433477], [-70.506175, -33.433473], [-70.506186, -33.433468], [-70.506195, -33.433463], [-70.506204, -33.433457], [-70.506211, -33.433448], [-70.506215, -33.433439], [-70.506218, -33.433428], [-70.506221, -33.433409], [-70.506223, -33.433399], [-70.506225, -33.43339], [-70.506229, -33.433381], [-70.506235, -33.433372], [-70.506242, -33.433364], [-70.506251, -33.433356], [-70.506268, -33.433344], [-70.506277, -33.433338], [-70.506287, -33.433333], [-70.506297, -33.43333], [-70.506309, -33.433327], [-70.506321, -33.433325], [-70.506332, -33.433325], [-70.506344, -33.433327], [-70.506355, -33.433329], [-70.506367, -33.433332], [-70.506378, -33.433335], [-70.506388, -33.43334], [-70.506409, -33.433348], [-70.506421, -33.433352], [-70.506422, -33.433353], [-70.506454, -33.433374], [-70.506533, -33.433413], [-70.506604, -33.433435], [-70.506665, -33.43345], [-70.50673, -33.433456], [-70.506807, -33.433457], [-70.506868, -33.433458], [-70.506927, -33.433444], [-70.506961, -33.433424], [-70.506992, -33.433396], [-70.507035, -33.433347], [-70.507038, -33.433342], [-70.507055, -33.433314], [-70.507074, -33.43329], [-70.507091, -33.43328], [-70.507118, -33.433277], [-70.507142, -33.433281], [-70.507183, -33.433291], [-70.507218, -33.433304], [-70.507249, -33.433315], [-70.507262, -33.433318], [-70.507272, -33.433319], [-70.507303, -33.433318], [-70.507332, -33.433311], [-70.507353, -33.433302], [-70.507402, -33.433277], [-70.507429, -33.433268], [-70.507447, -33.433265], [-70.507473, -33.433264], [-70.50749, -33.433267], [-70.507507, -33.433272], [-70.507538, -33.433285], [-70.507553, -33.433295], [-70.50758, -33.433305], [-70.507604, -33.433313], [-70.507631, -33.433321], [-70.507649, -33.433325], [-70.507665, -33.433326], [-70.507669, -33.433326], [-70.507676, -33.433327], [-70.507694, -33.433326], [-70.507705, -33.433326], [-70.507716, -33.433325], [-70.507732, -33.433324], [-70.507759, -33.433317], [-70.507815, -33.4333], [-70.50787, -33.43329], [-70.507887, -33.433283], [-70.50791, -33.433271], [-70.507954, -33.433244], [-70.50799, -33.433218], [-70.50802, -33.433202], [-70.508042, -33.433195], [-70.508057, -33.433193], [-70.508098, -33.433194], [-70.508136, -33.433201], [-70.508218, -33.433217], [-70.508295, -33.433239], [-70.508347, -33.433242], [-70.508367, -33.43325], [-70.508384, -33.433261], [-70.508485, -33.433328], [-70.508507, -33.43334], [-70.508525, -33.433344], [-70.50855, -33.433349], [-70.508582, -33.433352], [-70.508647, -33.433354], [-70.508695, -33.433359], [-70.508725, -33.433364], [-70.508738, -33.433367], [-70.508772, -33.433375], [-70.508795, -33.433383], [-70.50882, -33.433394], [-70.508839, -33.433405], [-70.508854, -33.433415], [-70.508887, -33.433434], [-70.508917, -33.433452], [-70.508939, -33.433462], [-70.50896, -33.433468], [-70.50898, -33.433472], [-70.509006, -33.433477], [-70.509031, -33.43348], [-70.5091, -33.433483], [-70.50917, -33.433482], [-70.509207, -33.433485], [-70.509252, -33.433494], [-70.509281, -33.4335], [-70.509283, -33.433526], [-70.509386, -33.433545], [-70.509421, -33.43355], [-70.509457, -33.433552], [-70.50953, -33.433549], [-70.509576, -33.433544], [-70.509602, -33.433537], [-70.509646, -33.433517], [-70.509665, -33.433513], [-70.509702, -33.43351], [-70.509727, -33.433511], [-70.509743, -33.433514], [-70.509755, -33.433517], [-70.509766, -33.43352], [-70.509781, -33.433527], [-70.509794, -33.433535], [-70.509805, -33.433545], [-70.509823, -33.433562], [-70.509849, -33.433582], [-70.509868, -33.433593], [-70.509877, -33.433598], [-70.509891, -33.4336], [-70.509912, -33.433602], [-70.509932, -33.433603], [-70.509966, -33.433603], [-70.510005, -33.433604], [-70.510055, -33.433605], [-70.510103, -33.433606], [-70.510122, -33.433607], [-70.510166, -33.433607], [-70.510211, -33.433608], [-70.510264, -33.433608], [-70.510296, -33.433607], [-70.510313, -33.433606], [-70.510324, -33.433605], [-70.510339, -33.433603], [-70.510363, -33.4336], [-70.510379, -33.433598], [-70.510389, -33.433597], [-70.510397, -33.433593], [-70.510404, -33.433589], [-70.510413, -33.433583], [-70.510423, -33.433579], [-70.510433, -33.433577], [-70.510484, -33.433576], [-70.510521, -33.433576], [-70.510555, -33.433578], [-70.51058, -33.43358], [-70.510614, -33.433584], [-70.510641, -33.433589], [-70.510663, -33.433593], [-70.510692, -33.433595], [-70.510735, -33.433598], [-70.510786, -33.4336], [-70.510848, -33.433603], [-70.510869, -33.433604], [-70.510894, -33.433605], [-70.510909, -33.433605], [-70.510933, -33.433607], [-70.510972, -33.433608], [-70.511044, -33.433615], [-70.511047, -33.433615], [-70.511055, -33.433617], [-70.511066, -33.43362], [-70.511074, -33.433626], [-70.511079, -33.433634], [-70.511088, -33.433652], [-70.511092, -33.43366], [-70.511101, -33.433666], [-70.511104, -33.433667], [-70.511108, -33.433668], [-70.511111, -33.433669], [-70.511114, -33.43367], [-70.511121, -33.433672], [-70.511132, -33.433673], [-70.511144, -33.433674], [-70.511151, -33.433675], [-70.511154, -33.433676], [-70.511155, -33.43369], [-70.51116, -33.43369], [-70.511167, -33.433691], [-70.51117, -33.433691], [-70.511179, -33.433692], [-70.511185, -33.433693], [-70.51119, -33.433693], [-70.511194, -33.433693], [-70.511203, -33.433693], [-70.511214, -33.433694], [-70.511242, -33.433695], [-70.51126, -33.433696], [-70.51128, -33.433698], [-70.511321, -33.433703], [-70.511397, -33.433722], [-70.511447, -33.433737], [-70.511466, -33.433739], [-70.511477, -33.433737], [-70.511519, -33.433726], [-70.511537, -33.433726], [-70.511557, -33.43373], [-70.511594, -33.433745], [-70.511613, -33.433757], [-70.511631, -33.433773], [-70.511661, -33.433807], [-70.511672, -33.433813], [-70.511686, -33.433816], [-70.511772, -33.433832], [-70.511822, -33.433847], [-70.51192, -33.43388], [-70.511989, -33.43391], [-70.512057, -33.433928], [-70.512139, -33.43395], [-70.512221, -33.433967], [-70.512273, -33.433975], [-70.512293, -33.433979], [-70.512305, -33.433983], [-70.512327, -33.433987], [-70.512339, -33.433989], [-70.512351, -33.43399], [-70.512362, -33.433991], [-70.512373, -33.43399], [-70.512397, -33.433991], [-70.512421, -33.433992], [-70.512445, -33.433992], [-70.512456, -33.433992], [-70.512481, -33.433992], [-70.512492, -33.433993], [-70.512515, -33.433994], [-70.512538, -33.433997], [-70.512561, -33.434], [-70.512585, -33.434003], [-70.512598, -33.434004], [-70.51262, -33.434008], [-70.512637, -33.434013], [-70.512648, -33.434018], [-70.51265, -33.434022], [-70.512651, -33.434024], [-70.512652, -33.434054], [-70.512656, -33.434058], [-70.512669, -33.43406], [-70.512692, -33.434062], [-70.51275, -33.434062], [-70.512783, -33.434065], [-70.512805, -33.434067], [-70.512816, -33.43407], [-70.512827, -33.434073], [-70.512839, -33.434074], [-70.51285, -33.434077], [-70.512861, -33.434078], [-70.512884, -33.43408], [-70.512907, -33.434082], [-70.512919, -33.434083], [-70.512932, -33.434083], [-70.512944, -33.434084], [-70.512966, -33.434086], [-70.51299, -33.434084], [-70.513012, -33.434081], [-70.513023, -33.43408], [-70.513034, -33.43408], [-70.513046, -33.434081], [-70.513058, -33.434083], [-70.513068, -33.434087], [-70.513079, -33.434091], [-70.513104, -33.434094], [-70.513115, -33.434094], [-70.513127, -33.434093], [-70.513138, -33.434091], [-70.513162, -33.434086], [-70.513174, -33.434083], [-70.513184, -33.434079], [-70.513195, -33.434077], [-70.513206, -33.434077], [-70.513229, -33.43408], [-70.513275, -33.434089], [-70.513332, -33.4341], [-70.513365, -33.434105], [-70.513378, -33.434105], [-70.513402, -33.434108], [-70.513414, -33.434108], [-70.513426, -33.43411], [-70.513449, -33.434111], [-70.51346, -33.434112], [-70.513472, -33.434112], [-70.513494, -33.434114], [-70.513519, -33.434117], [-70.513542, -33.434121], [-70.513554, -33.434122], [-70.513565, -33.434124], [-70.513578, -33.434124], [-70.513602, -33.434128], [-70.513624, -33.434131], [-70.513646, -33.434134], [-70.513658, -33.434135], [-70.51367, -33.434135], [-70.513682, -33.434134], [-70.513706, -33.434135], [-70.513733, -33.434138], [-70.513751, -33.434139], [-70.513771, -33.434142], [-70.513789, -33.434145], [-70.513806, -33.434146], [-70.513821, -33.434149], [-70.513837, -33.434152], [-70.513853, -33.434158], [-70.513881, -33.43417], [-70.513898, -33.434177], [-70.513908, -33.434181], [-70.513918, -33.434185], [-70.51394, -33.43419], [-70.513951, -33.434192], [-70.513975, -33.434193], [-70.513986, -33.434193], [-70.514011, -33.434194], [-70.514035, -33.434194], [-70.514046, -33.434195], [-70.514057, -33.434194], [-70.51407, -33.434194], [-70.514094, -33.434196], [-70.514117, -33.434196], [-70.514139, -33.434195], [-70.514163, -33.434194], [-70.514208, -33.434197], [-70.514221, -33.434198], [-70.514232, -33.434199], [-70.514256, -33.434199], [-70.514289, -33.434199], [-70.514312, -33.434199], [-70.514323, -33.434198], [-70.514334, -33.434195], [-70.514349, -33.434189], [-70.514362, -33.434185], [-70.514373, -33.434183], [-70.514391, -33.43418], [-70.514404, -33.43418], [-70.514415, -33.434181], [-70.514434, -33.434185], [-70.514451, -33.43419], [-70.514483, -33.4342], [-70.514502, -33.434207], [-70.514523, -33.434215], [-70.514544, -33.434223], [-70.514574, -33.434237], [-70.514594, -33.434246], [-70.514734, -33.434336], [-70.514753, -33.434349], [-70.514771, -33.434363], [-70.514781, -33.43437], [-70.514799, -33.434382], [-70.514815, -33.434392], [-70.51494, -33.434476], [-70.514948, -33.434481], [-70.515212, -33.434278], [-70.517114, -33.434127], [-70.517435, -33.433964], [-70.518093, -33.433722], [-70.518896, -33.433594], [-70.519285, -33.433626], [-70.519292, -33.433527], [-70.519292, -33.433516], [-70.519308, -33.433392], [-70.519323, -33.433349], [-70.519362, -33.433292], [-70.519384, -33.43326], [-70.519407, -33.433237], [-70.519462, -33.433196], [-70.519662, -33.433106], [-70.520294, -33.432847], [-70.520424, -33.432796], [-70.520619, -33.432719], [-70.520884, -33.432626], [-70.521205, -33.432532], [-70.521407, -33.43246], [-70.521558, -33.432392], [-70.521628, -33.432356], [-70.522007, -33.432138], [-70.522278, -33.431974], [-70.522643, -33.431756], [-70.522694, -33.431726], [-70.522771, -33.431682], [-70.522838, -33.431648], [-70.522902, -33.431627], [-70.522956, -33.431612], [-70.522993, -33.431607], [-70.523025, -33.431605], [-70.523042, -33.431606], [-70.523053, -33.431607], [-70.521088, -33.431378], [-70.52963, -33.422024], [-70.529631, -33.421842], [-70.529623, -33.421358], [-70.529624, -33.420125], [-70.529619, -33.419685], [-70.529613, -33.418934], [-70.529614, -33.418741], [-70.529614, -33.418618], [-70.529613, -33.418503], [-70.529613, -33.417935], [-70.52961, -33.417696], [-70.529614, -33.417529], [-70.529606, -33.417493], [-70.52961, -33.417359], [-70.529609, -33.416929], [-70.529607, -33.416767], [-70.529606, -33.416605], [-70.52963, -33.416537], [-70.529654, -33.416469], [-70.529642, -33.416407], [-70.529591, -33.416306], [-70.529565, -33.416223], [-70.529547, -33.416104], [-70.52956, -33.415689], [-70.529658, -33.415722], [-70.529743, -33.415736], [-70.529804, -33.415742], [-70.529875, -33.415745], [-70.529944, -33.415743], [-70.530183, -33.415725], [-70.530369, -33.415717], [-70.530489, -33.415714], [-70.530555, -33.415719], [-70.530823, -33.415753], [-70.530941, -33.415762], [-70.531025, -33.415763], [-70.531175, -33.415756], [-70.531328, -33.415745], [-70.531453, -33.415744], [-70.531694, -33.415744], [-70.531856, -33.41575], [-70.53205, -33.41576], [-70.532113, -33.415764], [-70.532317, -33.415787], [-70.532421, -33.415796], [-70.532624, -33.415817], [-70.532678, -33.415828], [-70.532756, -33.415832], [-70.532896, -33.415894], [-70.532966, -33.415919], [-70.533193, -33.415969], [-70.533181, -33.416096], [-70.533142, -33.416111], [-70.53313, -33.41612], [-70.533112, -33.416143], [-70.533106, -33.416167], [-70.533106, -33.416181], [-70.533125, -33.416242], [-70.53316, -33.416226], [-70.533242, -33.416203], [-70.533301, -33.416192], [-70.53339, -33.416178], [-70.533463, -33.416169], [-70.533541, -33.416166], [-70.53377, -33.416174], [-70.533888, -33.416174], [-70.533914, -33.416081], [-70.534001, -33.415651], [-70.534014, -33.415621], [-70.534027, -33.415589], [-70.53404, -33.415566], [-70.534073, -33.415508], [-70.534124, -33.415406], [-70.534167, -33.415305], [-70.534205, -33.415207], [-70.534221, -33.415165], [-70.534222, -33.415163], [-70.534225, -33.415159], [-70.53451, -33.414594], [-70.534738, -33.414004], [-70.534823, -33.41379], [-70.535128, -33.412993], [-70.535298, -33.412554], [-70.535314, -33.412517], [-70.535399, -33.412293], [-70.535402, -33.412281], [-70.535408, -33.412264], [-70.53557, -33.411856], [-70.535618, -33.41172], [-70.53568, -33.411566], [-70.535796, -33.411264], [-70.535927, -33.410932], [-70.536354, -33.409821], [-70.536373, -33.409771], [-70.536489, -33.409466], [-70.537071, -33.408026], [-70.537218, -33.407656], [-70.536319, -33.407403], [-70.53556, -33.407184], [-70.535438, -33.407152], [-70.535058, -33.407043], [-70.53494, -33.407], [-70.534823, -33.406955], [-70.534703, -33.406903], [-70.534814, -33.406811], [-70.535173, -33.406498], [-70.535219, -33.406451], [-70.535255, -33.406411], [-70.535297, -33.406347], [-70.535321, -33.406295], [-70.535335, -33.406247], [-70.535344, -33.4062], [-70.53535, -33.406153], [-70.535349, -33.406098], [-70.535332, -33.406007], [-70.535316, -33.405968], [-70.535298, -33.40593], [-70.535279, -33.405897], [-70.535259, -33.405868], [-70.535225, -33.405828], [-70.535177, -33.405784], [-70.535035, -33.405663], [-70.534333, -33.405075], [-70.533711, -33.404523], [-70.533641, -33.404464], [-70.533288, -33.404148], [-70.533178, -33.404052], [-70.533144, -33.404019], [-70.532949, -33.403853], [-70.532799, -33.40372], [-70.532728, -33.403661], [-70.532629, -33.40359], [-70.532583, -33.40356], [-70.532512, -33.403521], [-70.532367, -33.403436], [-70.532165, -33.403323], [-70.532004, -33.403226], [-70.531768, -33.403092], [-70.531693, -33.403055], [-70.531612, -33.40302], [-70.531498, -33.402974], [-70.531406, -33.402939], [-70.531308, -33.402911], [-70.531178, -33.402877], [-70.531067, -33.402852], [-70.530694, -33.402772], [-70.530304, -33.402686], [-70.529275, -33.402459], [-70.528899, -33.402377], [-70.528798, -33.402357], [-70.528746, -33.402343], [-70.528697, -33.402333], [-70.528612, -33.402294], [-70.528575, -33.402267], [-70.528545, -33.402239], [-70.528515, -33.402205], [-70.528418, -33.402044], [-70.527754, -33.402383], [-70.527284, -33.402621], [-70.526993, -33.402786], [-70.526871, -33.402871], [-70.526786, -33.402935], [-70.52668, -33.402934], [-70.526484, -33.402945], [-70.526208, -33.402966], [-70.525512, -33.403013], [-70.524841, -33.403059], [-70.524442, -33.403085], [-70.524213, -33.403098], [-70.523833, -33.403127], [-70.523596, -33.403142], [-70.523332, -33.403161], [-70.523059, -33.403178], [-70.522676, -33.4032], [-70.522557, -33.403211], [-70.52213, -33.40324], [-70.521853, -33.403261], [-70.521557, -33.403281], [-70.52095, -33.40332], [-70.519665, -33.403406], [-70.519347, -33.40342], [-70.519255, -33.403411], [-70.519084, -33.403373], [-70.518769, -33.403311], [-70.518431, -33.403241], [-70.51812, -33.403175], [-70.517564, -33.403064], [-70.517478, -33.403082], [-70.517397, -33.403068], [-70.517308, -33.403055], [-70.517276, -33.402959], [-70.517193, -33.402663], [-70.517113, -33.40233], [-70.517084, -33.40216], [-70.51707, -33.402037], [-70.517072, -33.40192], [-70.517079, -33.401805], [-70.517093, -33.4017], [-70.517124, -33.401537], [-70.51715, -33.40142], [-70.517157, -33.401379], [-70.517165, -33.401339], [-70.517213, -33.401245], [-70.516823, -33.401216], [-70.516361, -33.401173], [-70.515842, -33.401116], [-70.515286, -33.401056], [-70.515068, -33.401031], [-70.514856, -33.401006], [-70.51436, -33.400956], [-70.513929, -33.400911], [-70.513884, -33.400902], [-70.51384, -33.400889], [-70.513789, -33.400869], [-70.513728, -33.400833], [-70.513679, -33.400797], [-70.513549, -33.400682], [-70.513459, -33.400609], [-70.513393, -33.400562], [-70.513323, -33.400526], [-70.513138, -33.400463], [-70.512724, -33.400342], [-70.512393, -33.400249], [-70.512231, -33.400202], [-70.511745, -33.400065], [-70.511607, -33.400024], [-70.510989, -33.399847], [-70.51068, -33.399756], [-70.510258, -33.399645], [-70.510138, -33.399604], [-70.509996, -33.399573], [-70.509768, -33.399533], [-70.509616, -33.399515], [-70.509418, -33.399499], [-70.509316, -33.399496], [-70.508581, -33.399487], [-70.507953, -33.399481], [-70.507433, -33.399474], [-70.507376, -33.399472], [-70.507197, -33.399476]]]}, "properties": {"Name": "24", "descriptio": "FID_uvecin   <Null>    <br>   U_Vecinal   24    <br>   VECINAL   C-24    <br>   Shape_Leng   18107,379297    <br>   Shape.area   7039910,032255    <br>   Shape.len   18107,379323", "timestamp": "", "begin": "", "end": "", "altitudeMo": "", "tessellate": -1, "extrude": 0, "visibility": -1, "drawOrder": null, "icon": ""}}, {"type": "Feature", "geometry": {"type": "Polygon", "coordinates": [[[-70.568858, -33.397545], [-70.568812, -33.397565], [-70.56874, -33.397605], [-70.568605, -33.397666], [-70.568423, -33.397753], [-70.568307, -33.39781], [-70.568108, -33.397906], [-70.567143, -33.39838], [-70.566552, -33.398667], [-70.566045, -33.398913], [-70.565572, -33.399146], [-70.565468, -33.399197], [-70.564496, -33.399621], [-70.564198, -33.39975], [-70.564062, -33.399817], [-70.563884, -33.399911], [-70.563389, -33.400163], [-70.562986, -33.400369], [-70.56266, -33.400536], [-70.562298, -33.400719], [-70.562147, -33.400797], [-70.561676, -33.401041], [-70.561165, -33.401301], [-70.561052, -33.401367], [-70.560958, -33.401436], [-70.560896, -33.401487], [-70.560853, -33.40153], [-70.560809, -33.401585], [-70.560758, -33.401681], [-70.561176, -33.401869], [-70.561254, -33.401907], [-70.561416, -33.401977], [-70.561458, -33.401996], [-70.561862, -33.402175], [-70.561922, -33.402203], [-70.56274, -33.40257], [-70.562784, -33.402591], [-70.563196, -33.402776], [-70.563724, -33.403009], [-70.563898, -33.403092], [-70.564044, -33.403157], [-70.564325, -33.403282], [-70.564665, -33.403435], [-70.564924, -33.403551], [-70.56553, -33.403822], [-70.565732, -33.403911], [-70.566135, -33.404092], [-70.568304, -33.405061], [-70.568434, -33.405117], [-70.56855, -33.405159], [-70.56868, -33.405203], [-70.568828, -33.405254], [-70.569438, -33.405437], [-70.570094, -33.405632], [-70.570789, -33.405861], [-70.571958, -33.406247], [-70.572896, -33.406612], [-70.573174, -33.406717], [-70.573227, -33.406738], [-70.573423, -33.406814], [-70.57371, -33.40693], [-70.574105, -33.407099], [-70.574262, -33.407171], [-70.574377, -33.407228], [-70.574844, -33.407432], [-70.575275, -33.407635], [-70.575549, -33.407767], [-70.575661, -33.407817], [-70.57577, -33.407865], [-70.575827, -33.407888], [-70.576385, -33.408147], [-70.576968, -33.408427], [-70.577056, -33.408471], [-70.577189, -33.40855], [-70.577288, -33.408608], [-70.577387, -33.408674], [-70.577458, -33.408734], [-70.577586, -33.408838], [-70.577709, -33.408958], [-70.577803, -33.409062], [-70.577837, -33.409105], [-70.577883, -33.409168], [-70.578192, -33.409607], [-70.578569, -33.410147], [-70.578602, -33.410193], [-70.578649, -33.410258], [-70.578706, -33.410326], [-70.578815, -33.410446], [-70.578903, -33.410531], [-70.578972, -33.410595], [-70.579022, -33.410638], [-70.579066, -33.410672], [-70.579135, -33.410725], [-70.579173, -33.410756], [-70.57927, -33.41082], [-70.579395, -33.410897], [-70.579789, -33.411135], [-70.580527, -33.411577], [-70.58068, -33.41167], [-70.581096, -33.411917], [-70.581484, -33.412152], [-70.58175, -33.41231], [-70.581912, -33.412403], [-70.582104, -33.412508], [-70.582294, -33.412607], [-70.58248, -33.4127], [-70.582869, -33.41288], [-70.583109, -33.412984], [-70.583302, -33.41306], [-70.583526, -33.413137], [-70.583644, -33.413171], [-70.583732, -33.413201], [-70.5844, -33.413455], [-70.58457, -33.413514], [-70.58464, -33.413534], [-70.584684, -33.413536], [-70.584818, -33.413575], [-70.584846, -33.413516], [-70.58493, -33.413307], [-70.585045, -33.412952], [-70.585151, -33.412704], [-70.585238, -33.412541], [-70.585315, -33.412417], [-70.585623, -33.411774], [-70.585702, -33.411613], [-70.585922, -33.411165], [-70.585957, -33.411096], [-70.586052, -33.410892], [-70.586288, -33.410415], [-70.586531, -33.409896], [-70.586619, -33.409712], [-70.586699, -33.409552], [-70.58698, -33.408955], [-70.587034, -33.40879], [-70.587097, -33.408569], [-70.587123, -33.408433], [-70.587139, -33.408289], [-70.587144, -33.408156], [-70.587143, -33.408008], [-70.587136, -33.407939], [-70.58713, -33.407876], [-70.587104, -33.407727], [-70.58707, -33.407573], [-70.587028, -33.407441], [-70.586981, -33.407316], [-70.586927, -33.407193], [-70.586787, -33.406943], [-70.586754, -33.406894], [-70.586714, -33.406829], [-70.586485, -33.406464], [-70.586362, -33.406227], [-70.586317, -33.406128], [-70.586255, -33.405966], [-70.586192, -33.405772], [-70.586155, -33.405634], [-70.58605, -33.405205], [-70.586051, -33.405103], [-70.586046, -33.404931], [-70.586049, -33.40473], [-70.586073, -33.404536], [-70.586096, -33.404342], [-70.58614, -33.404155], [-70.586158, -33.404083], [-70.586094, -33.404068], [-70.586031, -33.404048], [-70.585565, -33.403884], [-70.585085, -33.403685], [-70.584275, -33.403303], [-70.583915, -33.403119], [-70.583565, -33.40293], [-70.583264, -33.402789], [-70.577317, -33.400306], [-70.576468, -33.399958], [-70.576091, -33.399809], [-70.571064, -33.397874], [-70.569469, -33.397266], [-70.568858, -33.397545]]]}, "properties": {"Name": "9", "descriptio": "FID_uvecin   <Null>    <br>   U_Vecinal   9    <br>   VECINAL   C-9    <br>   Shape_Leng   6424,427021    <br>   Shape.area   1940159,279405    <br>   Shape.len   6424,427028", "timestamp": "", "begin": "", "end": "", "altitudeMo": "", "tessellate": -1, "extrude": 0, "visibility": -1, "drawOrder": null, "icon": ""}}, {"type": "Feature", "geometry": {"type": "Polygon", "coordinates": [[[-70.554016, -33.395483], [-70.55376, -33.395524], [-70.55346, -33.395568], [-70.55334, -33.395587], [-70.553098, -33.395625], [-70.552929, -33.395657], [-70.552749, -33.395699], [-70.552586, -33.395739], [-70.552411, -33.39579], [-70.552225, -33.395851], [-70.552085, -33.395899], [-70.551789, -33.396018], [-70.551514, -33.396148], [-70.551376, -33.396221], [-70.551257, -33.396286], [-70.551178, -33.396333], [-70.551055, -33.39641], [-70.550913, -33.396504], [-70.550609, -33.396705], [-70.550375, -33.396859], [-70.550227, -33.396957], [-70.550437, -33.397186], [-70.550738, -33.397509], [-70.550774, -33.397545], [-70.550945, -33.397726], [-70.551264, -33.398071], [-70.551459, -33.398278], [-70.552553, -33.399451], [-70.552783, -33.399686], [-70.553081, -33.399947], [-70.553326, -33.400138], [-70.553431, -33.400213], [-70.553645, -33.400364], [-70.553685, -33.400392], [-70.554272, -33.400809], [-70.55453, -33.400991], [-70.554782, -33.40118], [-70.555037, -33.401414], [-70.555181, -33.401569], [-70.555256, -33.401658], [-70.55533, -33.401753], [-70.555383, -33.401824], [-70.555432, -33.4019], [-70.555507, -33.40202], [-70.555724, -33.402432], [-70.55591, -33.402773], [-70.556131, -33.403189], [-70.556194, -33.403303], [-70.556352, -33.403602], [-70.556459, -33.403821], [-70.556516, -33.403912], [-70.556641, -33.404072], [-70.556819, -33.404306], [-70.556924, -33.404374], [-70.557016, -33.404441], [-70.557148, -33.404548], [-70.557326, -33.404677], [-70.557414, -33.404735], [-70.557477, -33.404772], [-70.557652, -33.404871], [-70.558618, -33.40544], [-70.558958, -33.405635], [-70.559156, -33.405757], [-70.559478, -33.405945], [-70.55997, -33.406233], [-70.560112, -33.406253], [-70.56036, -33.406404], [-70.561112, -33.406838], [-70.561271, -33.406934], [-70.561553, -33.407077], [-70.561732, -33.407167], [-70.561828, -33.407213], [-70.562036, -33.407298], [-70.562311, -33.4074], [-70.562398, -33.407437], [-70.562392, -33.407253], [-70.562366, -33.406822], [-70.562405, -33.406819], [-70.562404, -33.406706], [-70.562402, -33.406631], [-70.562401, -33.406562], [-70.5624, -33.406525], [-70.562398, -33.406452], [-70.562397, -33.406416], [-70.562396, -33.406379], [-70.562393, -33.40627], [-70.562388, -33.406125], [-70.562385, -33.406034], [-70.562384, -33.405983], [-70.562381, -33.405915], [-70.56238, -33.405881], [-70.562377, -33.405822], [-70.56239, -33.405821], [-70.562458, -33.40582], [-70.562653, -33.405815], [-70.562761, -33.405676], [-70.562795, -33.405639], [-70.562831, -33.405618], [-70.562856, -33.405606], [-70.562949, -33.405567], [-70.563035, -33.405534], [-70.563384, -33.405395], [-70.563654, -33.405289], [-70.564042, -33.405137], [-70.564163, -33.405086], [-70.564296, -33.405026], [-70.564444, -33.404944], [-70.564576, -33.404866], [-70.564681, -33.404796], [-70.564804, -33.404704], [-70.564848, -33.404669], [-70.56496, -33.404567], [-70.56498, -33.404551], [-70.565056, -33.404476], [-70.565148, -33.404377], [-70.565221, -33.40429], [-70.565299, -33.404189], [-70.565361, -33.404097], [-70.56553, -33.403822], [-70.564924, -33.403551], [-70.564665, -33.403435], [-70.564325, -33.403282], [-70.564044, -33.403157], [-70.563898, -33.403092], [-70.563724, -33.403009], [-70.563196, -33.402776], [-70.562784, -33.402591], [-70.56274, -33.40257], [-70.561922, -33.402203], [-70.561862, -33.402175], [-70.561458, -33.401996], [-70.561416, -33.401977], [-70.561254, -33.401907], [-70.561176, -33.401869], [-70.560758, -33.401681], [-70.560809, -33.401585], [-70.560853, -33.40153], [-70.560896, -33.401487], [-70.560958, -33.401436], [-70.561052, -33.401367], [-70.561165, -33.401301], [-70.561676, -33.401041], [-70.562147, -33.400797], [-70.562298, -33.400719], [-70.56266, -33.400536], [-70.562986, -33.400369], [-70.563389, -33.400163], [-70.563318, -33.400135], [-70.563193, -33.400095], [-70.562711, -33.399932], [-70.562245, -33.399772], [-70.561661, -33.399576], [-70.561658, -33.399575], [-70.561039, -33.399362], [-70.560782, -33.399278], [-70.560524, -33.399191], [-70.56012, -33.399049], [-70.559303, -33.398772], [-70.558902, -33.398637], [-70.558814, -33.398606], [-70.558523, -33.398507], [-70.558117, -33.398369], [-70.5578, -33.39826], [-70.557686, -33.39822], [-70.557107, -33.398027], [-70.556886, -33.397955], [-70.556442, -33.3978], [-70.556349, -33.39777], [-70.555826, -33.39759], [-70.555541, -33.397493], [-70.555244, -33.397398], [-70.554777, -33.397237], [-70.554425, -33.397119], [-70.554335, -33.39671], [-70.554257, -33.396349], [-70.554136, -33.39581], [-70.554085, -33.395573], [-70.554061, -33.395475], [-70.55406, -33.395465], [-70.554016, -33.395483]]]}, "properties": {"Name": "11", "descriptio": "FID_uvecin   <Null>    <br>   U_Vecinal   11    <br>   VECINAL   C-11    <br>   Shape_Leng   4514,185312    <br>   Shape.area   713897,086014    <br>   Shape.len   4514,185316", "timestamp": "", "begin": "", "end": "", "altitudeMo": "", "tessellate": -1, "extrude": 0, "visibility": -1, "drawOrder": null, "icon": ""}}, {"type": "Feature", "geometry": {"type": "Polygon", "coordinates": [[[-70.545399, -33.3942], [-70.545261, -33.39437], [-70.545185, -33.394467], [-70.545142, -33.394539], [-70.54507, -33.394632], [-70.544918, -33.394835], [-70.544872, -33.394957], [-70.544709, -33.395219], [-70.544587, -33.395438], [-70.544468, -33.395742], [-70.54454, -33.395848], [-70.544663, -33.396064], [-70.544702, -33.39613], [-70.544774, -33.396237], [-70.544894, -33.396391], [-70.54504, -33.396615], [-70.545218, -33.396881], [-70.545615, -33.397492], [-70.545747, -33.397688], [-70.545895, -33.397917], [-70.546135, -33.398282], [-70.546609, -33.399001], [-70.547049, -33.39967], [-70.547335, -33.4001], [-70.54752, -33.400385], [-70.547595, -33.400497], [-70.547908, -33.40098], [-70.548148, -33.401345], [-70.548308, -33.401593], [-70.548508, -33.401961], [-70.548745, -33.402407], [-70.548811, -33.402525], [-70.549422, -33.403663], [-70.549995, -33.404745], [-70.550117, -33.404957], [-70.550196, -33.405115], [-70.550279, -33.405286], [-70.550432, -33.405672], [-70.550575, -33.406035], [-70.550659, -33.406222], [-70.550944, -33.406769], [-70.551138, -33.407127], [-70.551324, -33.40748], [-70.551488, -33.40775], [-70.551762, -33.408264], [-70.551804, -33.408358], [-70.552003, -33.408365], [-70.552352, -33.40839], [-70.552587, -33.408398], [-70.552795, -33.408397], [-70.552986, -33.408385], [-70.553149, -33.408368], [-70.553314, -33.408344], [-70.553555, -33.408301], [-70.554983, -33.408039], [-70.55552, -33.407936], [-70.555931, -33.407867], [-70.556575, -33.407747], [-70.556774, -33.407715], [-70.556973, -33.407683], [-70.557454, -33.407619], [-70.557807, -33.40758], [-70.558054, -33.40756], [-70.558331, -33.407543], [-70.558446, -33.40753], [-70.558544, -33.407518], [-70.558873, -33.407507], [-70.559536, -33.407479], [-70.560807, -33.407427], [-70.561145, -33.407405], [-70.561242, -33.407397], [-70.561486, -33.407377], [-70.561533, -33.40737], [-70.561736, -33.407379], [-70.561797, -33.407385], [-70.561855, -33.407393], [-70.561968, -33.407411], [-70.562255, -33.407477], [-70.562354, -33.407503], [-70.562471, -33.407522], [-70.562656, -33.407532], [-70.562582, -33.407508], [-70.562441, -33.407455], [-70.562398, -33.407437], [-70.562311, -33.4074], [-70.562036, -33.407298], [-70.561828, -33.407213], [-70.561732, -33.407167], [-70.561553, -33.407077], [-70.561271, -33.406934], [-70.561112, -33.406838], [-70.56036, -33.406404], [-70.560112, -33.406253], [-70.55997, -33.406233], [-70.559478, -33.405945], [-70.559156, -33.405757], [-70.558958, -33.405635], [-70.558618, -33.40544], [-70.557652, -33.404871], [-70.557477, -33.404772], [-70.557414, -33.404735], [-70.557326, -33.404677], [-70.557148, -33.404548], [-70.557016, -33.404441], [-70.556924, -33.404374], [-70.556819, -33.404306], [-70.556641, -33.404072], [-70.556516, -33.403912], [-70.556459, -33.403821], [-70.556352, -33.403602], [-70.556194, -33.403303], [-70.556131, -33.403189], [-70.55591, -33.402773], [-70.555724, -33.402432], [-70.555507, -33.40202], [-70.555432, -33.4019], [-70.555383, -33.401824], [-70.55533, -33.401753], [-70.555256, -33.401658], [-70.555181, -33.401569], [-70.555037, -33.401414], [-70.554782, -33.40118], [-70.55453, -33.400991], [-70.554272, -33.400809], [-70.553685, -33.400392], [-70.553645, -33.400364], [-70.553431, -33.400213], [-70.553326, -33.400138], [-70.553081, -33.399947], [-70.552783, -33.399686], [-70.552553, -33.399451], [-70.551459, -33.398278], [-70.551264, -33.398071], [-70.550945, -33.397726], [-70.550774, -33.397545], [-70.550738, -33.397509], [-70.550437, -33.397186], [-70.550227, -33.396957], [-70.54984, -33.396547], [-70.549662, -33.396356], [-70.549533, -33.396217], [-70.549411, -33.396088], [-70.549198, -33.395861], [-70.5491, -33.395767], [-70.548975, -33.395661], [-70.548753, -33.3955], [-70.548563, -33.395387], [-70.548449, -33.395326], [-70.548262, -33.395236], [-70.54806, -33.395158], [-70.547166, -33.394864], [-70.546787, -33.394745], [-70.546655, -33.394666], [-70.546336, -33.394522], [-70.546137, -33.394436], [-70.545923, -33.39434], [-70.545701, -33.394232], [-70.545588, -33.394168], [-70.545468, -33.394101], [-70.545399, -33.3942]]]}, "properties": {"Name": "12", "descriptio": "FID_uvecin   <Null>    <br>   U_Vecinal   12    <br>   VECINAL   C-12    <br>   Shape_Leng   5027,11858    <br>   Shape.area   900034,140794    <br>   Shape.len   5027,118585", "timestamp": "", "begin": "", "end": "", "altitudeMo": "", "tessellate": -1, "extrude": 0, "visibility": -1, "drawOrder": null, "icon": ""}}, {"type": "Feature", "geometry": {"type": "Polygon", "coordinates": [[[-70.553416, -33.392051], [-70.553458, -33.392534], [-70.553472, -33.392674], [-70.553529, -33.393071], [-70.553546, -33.393138], [-70.553654, -33.393626], [-70.55381, -33.39433], [-70.553849, -33.3945], [-70.553885, -33.394665], [-70.553939, -33.394919], [-70.554024, -33.395296], [-70.55406, -33.395465], [-70.554061, -33.395475], [-70.554085, -33.395573], [-70.554136, -33.39581], [-70.554257, -33.396349], [-70.554335, -33.39671], [-70.554425, -33.397119], [-70.554777, -33.397237], [-70.555244, -33.397398], [-70.555541, -33.397493], [-70.555826, -33.39759], [-70.556349, -33.39777], [-70.556442, -33.3978], [-70.556886, -33.397955], [-70.557107, -33.398027], [-70.557686, -33.39822], [-70.5578, -33.39826], [-70.558117, -33.398369], [-70.558523, -33.398507], [-70.558814, -33.398606], [-70.558902, -33.398637], [-70.559303, -33.398772], [-70.56012, -33.399049], [-70.560524, -33.399191], [-70.560782, -33.399278], [-70.561039, -33.399362], [-70.561658, -33.399575], [-70.561661, -33.399576], [-70.562245, -33.399772], [-70.562711, -33.399932], [-70.563193, -33.400095], [-70.563318, -33.400135], [-70.563389, -33.400163], [-70.563884, -33.399911], [-70.564062, -33.399817], [-70.564198, -33.39975], [-70.564496, -33.399621], [-70.565468, -33.399197], [-70.565572, -33.399146], [-70.566045, -33.398913], [-70.566552, -33.398667], [-70.567143, -33.39838], [-70.568108, -33.397906], [-70.568307, -33.39781], [-70.568423, -33.397753], [-70.568605, -33.397666], [-70.56874, -33.397605], [-70.568812, -33.397565], [-70.568858, -33.397545], [-70.569469, -33.397266], [-70.569058, -33.39711], [-70.564394, -33.39549], [-70.557827, -33.393221], [-70.553466, -33.391704], [-70.553384, -33.391672], [-70.553416, -33.392051]]]}, "properties": {"Name": "10", "descriptio": "FID_uvecin   <Null>    <br>   U_Vecinal   10    <br>   VECINAL   C-10    <br>   Shape_Leng   3782,398297    <br>   Shape.area   655207,278988    <br>   Shape.len   3782,398293", "timestamp": "", "begin": "", "end": "", "altitudeMo": "", "tessellate": -1, "extrude": 0, "visibility": -1, "drawOrder": null, "icon": ""}}, {"type": "Feature", "geometry": {"type": "Polygon", "coordinates": [[[-70.54235, -33.391862], [-70.541834, -33.392119], [-70.541798, -33.392136], [-70.541586, -33.392248], [-70.541236, -33.39242], [-70.540278, -33.392901], [-70.540059, -33.393011], [-70.540058, -33.393012], [-70.539781, -33.393148], [-70.539122, -33.393478], [-70.539115, -33.393482], [-70.539139, -33.393517], [-70.539198, -33.393599], [-70.539341, -33.393804], [-70.539418, -33.393921], [-70.539487, -33.394038], [-70.539543, -33.394144], [-70.539612, -33.394283], [-70.539691, -33.39447], [-70.539744, -33.394614], [-70.539813, -33.394837], [-70.53986, -33.395043], [-70.5399, -33.395254], [-70.53991, -33.395324], [-70.539917, -33.395391], [-70.539924, -33.395531], [-70.539956, -33.396532], [-70.539962, -33.396664], [-70.540041, -33.399224], [-70.540046, -33.399489], [-70.540048, -33.399746], [-70.540047, -33.399998], [-70.540039, -33.400335], [-70.54002, -33.400681], [-70.54001, -33.40082], [-70.539985, -33.401024], [-70.539963, -33.401176], [-70.539913, -33.401427], [-70.539856, -33.401664], [-70.539816, -33.401804], [-70.539746, -33.402013], [-70.539701, -33.402138], [-70.539636, -33.402297], [-70.53957, -33.402448], [-70.539482, -33.402631], [-70.539274, -33.403043], [-70.539243, -33.403107], [-70.539158, -33.403271], [-70.539027, -33.403529], [-70.53893, -33.403725], [-70.538811, -33.403957], [-70.538682, -33.404221], [-70.538522, -33.40454], [-70.538378, -33.404834], [-70.538342, -33.404915], [-70.538314, -33.40496], [-70.53829, -33.405], [-70.538258, -33.405084], [-70.538041, -33.40562], [-70.537889, -33.406002], [-70.537775, -33.406278], [-70.537537, -33.40687], [-70.537397, -33.407221], [-70.537218, -33.407656], [-70.537071, -33.408026], [-70.536489, -33.409466], [-70.536373, -33.409771], [-70.536463, -33.409797], [-70.536624, -33.409845], [-70.536754, -33.409884], [-70.536857, -33.409915], [-70.536887, -33.409925], [-70.536992, -33.409957], [-70.53702, -33.409965], [-70.537153, -33.410005], [-70.537173, -33.410011], [-70.537287, -33.410044], [-70.537285, -33.41005], [-70.537416, -33.410086], [-70.537422, -33.410072], [-70.537512, -33.4101], [-70.537505, -33.410118], [-70.537547, -33.410131], [-70.537582, -33.410141], [-70.537627, -33.410155], [-70.537682, -33.410171], [-70.537725, -33.410184], [-70.537812, -33.41021], [-70.537852, -33.410222], [-70.537898, -33.410236], [-70.537944, -33.410249], [-70.538071, -33.410287], [-70.53821, -33.410329], [-70.538229, -33.410335], [-70.538313, -33.41036], [-70.538338, -33.410368], [-70.538365, -33.410376], [-70.538437, -33.410398], [-70.538475, -33.410409], [-70.538555, -33.410433], [-70.538602, -33.410448], [-70.538609, -33.41045], [-70.538711, -33.410481], [-70.538735, -33.410488], [-70.53878, -33.410502], [-70.538871, -33.410529], [-70.538935, -33.410549], [-70.538949, -33.410553], [-70.538989, -33.410565], [-70.539006, -33.41057], [-70.539091, -33.410593], [-70.539124, -33.410603], [-70.539141, -33.410608], [-70.539212, -33.410631], [-70.539251, -33.410643], [-70.539326, -33.410666], [-70.539343, -33.410671], [-70.539435, -33.410698], [-70.539473, -33.410709], [-70.53948, -33.410693], [-70.539504, -33.410703], [-70.539534, -33.410714], [-70.539593, -33.410738], [-70.53961, -33.410744], [-70.53963, -33.410752], [-70.539722, -33.410784], [-70.539736, -33.410789], [-70.539786, -33.410806], [-70.539812, -33.410814], [-70.539874, -33.410835], [-70.539885, -33.410839], [-70.539919, -33.410851], [-70.539928, -33.410829], [-70.539938, -33.410804], [-70.539946, -33.410784], [-70.539959, -33.410752], [-70.539977, -33.410709], [-70.539985, -33.410688], [-70.540004, -33.410641], [-70.540025, -33.410587], [-70.540046, -33.410534], [-70.540062, -33.410492], [-70.540083, -33.410438], [-70.540097, -33.410403], [-70.540108, -33.410374], [-70.540119, -33.410346], [-70.54014, -33.410294], [-70.540148, -33.410272], [-70.540185, -33.410178], [-70.5402, -33.410139], [-70.540301, -33.410167], [-70.540333, -33.410176], [-70.540385, -33.410191], [-70.540407, -33.410197], [-70.540452, -33.410209], [-70.540516, -33.410227], [-70.540562, -33.41024], [-70.540623, -33.410257], [-70.540647, -33.410264], [-70.540693, -33.410276], [-70.540719, -33.410283], [-70.540728, -33.410286], [-70.540835, -33.410316], [-70.54086, -33.410323], [-70.54088, -33.410329], [-70.54094, -33.410347], [-70.541038, -33.410375], [-70.541045, -33.410377], [-70.541153, -33.410409], [-70.541192, -33.41042], [-70.541258, -33.41044], [-70.541297, -33.41045], [-70.541302, -33.410452], [-70.541366, -33.410469], [-70.541415, -33.410483], [-70.541477, -33.4105], [-70.541515, -33.41051], [-70.541707, -33.410565], [-70.541753, -33.410452], [-70.541796, -33.410334], [-70.54192, -33.410045], [-70.541989, -33.409872], [-70.542094, -33.409625], [-70.54222, -33.409345], [-70.542255, -33.409253], [-70.542282, -33.409167], [-70.542409, -33.40922], [-70.542454, -33.409235], [-70.54254, -33.409259], [-70.542772, -33.409318], [-70.542896, -33.409347], [-70.542928, -33.409355], [-70.542996, -33.409363], [-70.543076, -33.409369], [-70.543164, -33.409371], [-70.543425, -33.409371], [-70.543586, -33.409365], [-70.543838, -33.409354], [-70.543882, -33.409346], [-70.544042, -33.40931], [-70.544123, -33.409285], [-70.544325, -33.409217], [-70.544516, -33.409107], [-70.544588, -33.409062], [-70.544733, -33.408951], [-70.544829, -33.408861], [-70.544904, -33.408784], [-70.544939, -33.408743], [-70.544987, -33.408682], [-70.545016, -33.408642], [-70.545046, -33.408595], [-70.54509, -33.408515], [-70.545118, -33.408452], [-70.545138, -33.408396], [-70.54516, -33.408317], [-70.545169, -33.408277], [-70.545175, -33.408238], [-70.545181, -33.408112], [-70.545177, -33.408003], [-70.545168, -33.407944], [-70.545152, -33.407859], [-70.54544, -33.407877], [-70.546272, -33.40794], [-70.546291, -33.407941], [-70.546396, -33.407985], [-70.547781, -33.408085], [-70.547936, -33.408059], [-70.547991, -33.408063], [-70.548168, -33.408072], [-70.54817, -33.408072], [-70.548315, -33.408086], [-70.549054, -33.40814], [-70.549372, -33.408152], [-70.549788, -33.408196], [-70.550164, -33.408227], [-70.550592, -33.408259], [-70.550882, -33.408288], [-70.551804, -33.408358], [-70.551762, -33.408264], [-70.551488, -33.40775], [-70.551324, -33.40748], [-70.551138, -33.407127], [-70.550944, -33.406769], [-70.550659, -33.406222], [-70.550575, -33.406035], [-70.550432, -33.405672], [-70.550279, -33.405286], [-70.550196, -33.405115], [-70.550117, -33.404957], [-70.549995, -33.404745], [-70.549422, -33.403663], [-70.548811, -33.402525], [-70.548745, -33.402407], [-70.548508, -33.401961], [-70.548308, -33.401593], [-70.548148, -33.401345], [-70.547908, -33.40098], [-70.547595, -33.400497], [-70.54752, -33.400385], [-70.547335, -33.4001], [-70.547049, -33.39967], [-70.546609, -33.399001], [-70.546135, -33.398282], [-70.545895, -33.397917], [-70.545747, -33.397688], [-70.545615, -33.397492], [-70.545218, -33.396881], [-70.54504, -33.396615], [-70.544894, -33.396391], [-70.544774, -33.396237], [-70.544702, -33.39613], [-70.544663, -33.396064], [-70.54454, -33.395848], [-70.544468, -33.395742], [-70.544587, -33.395438], [-70.544709, -33.395219], [-70.544872, -33.394957], [-70.544918, -33.394835], [-70.54507, -33.394632], [-70.545142, -33.394539], [-70.545185, -33.394467], [-70.545261, -33.39437], [-70.545399, -33.3942], [-70.545468, -33.394101], [-70.545365, -33.394043], [-70.54527, -33.393971], [-70.544627, -33.393462], [-70.544503, -33.393368], [-70.544314, -33.393276], [-70.544098, -33.393083], [-70.543715, -33.392759], [-70.543174, -33.392313], [-70.543078, -33.392232], [-70.542644, -33.391873], [-70.542514, -33.391765], [-70.54235, -33.391862]]]}, "properties": {"Name": "17", "descriptio": "FID_uvecin   <Null>    <br>   U_Vecinal   17    <br>   VECINAL   C-17    <br>   Shape_Leng   6144,908054    <br>   Shape.area   1494199,116078    <br>   Shape.len   6144,908049", "timestamp": "", "begin": "", "end": "", "altitudeMo": "", "tessellate": -1, "extrude": 0, "visibility": -1, "drawOrder": null, "icon": ""}}, {"type": "Feature", "geometry": {"type": "Polygon", "coordinates": [[[-70.537302, -33.385489], [-70.537425, -33.385614], [-70.537499, -33.385701], [-70.537661, -33.385898], [-70.537707, -33.385957], [-70.537767, -33.386045], [-70.537876, -33.386196], [-70.538009, -33.386378], [-70.538114, -33.386533], [-70.538152, -33.386579], [-70.538215, -33.386656], [-70.538241, -33.386707], [-70.538271, -33.386799], [-70.538769, -33.387425], [-70.538897, -33.387488], [-70.53907, -33.387689], [-70.539124, -33.387754], [-70.539178, -33.38782], [-70.539306, -33.387999], [-70.539396, -33.388211], [-70.539861, -33.388759], [-70.540355, -33.389342], [-70.540549, -33.38957], [-70.540781, -33.389844], [-70.540952, -33.389953], [-70.54099, -33.389998], [-70.541029, -33.390042], [-70.541088, -33.39011], [-70.541567, -33.390663], [-70.541753, -33.390895], [-70.541941, -33.391133], [-70.542101, -33.391307], [-70.542172, -33.391449], [-70.542354, -33.391623], [-70.542434, -33.391694], [-70.542514, -33.391765], [-70.542644, -33.391873], [-70.543078, -33.392232], [-70.543174, -33.392313], [-70.543715, -33.392759], [-70.544098, -33.393083], [-70.544314, -33.393276], [-70.544503, -33.393368], [-70.544627, -33.393462], [-70.54527, -33.393971], [-70.545365, -33.394043], [-70.545468, -33.394101], [-70.545588, -33.394168], [-70.545701, -33.394232], [-70.545923, -33.39434], [-70.546137, -33.394436], [-70.546336, -33.394522], [-70.546655, -33.394666], [-70.546787, -33.394745], [-70.547166, -33.394864], [-70.54806, -33.395158], [-70.548262, -33.395236], [-70.548449, -33.395326], [-70.548563, -33.395387], [-70.548753, -33.3955], [-70.548975, -33.395661], [-70.5491, -33.395767], [-70.549198, -33.395861], [-70.549411, -33.396088], [-70.549533, -33.396217], [-70.549662, -33.396356], [-70.54984, -33.396547], [-70.550227, -33.396957], [-70.550375, -33.396859], [-70.550609, -33.396705], [-70.550913, -33.396504], [-70.551055, -33.39641], [-70.551178, -33.396333], [-70.551257, -33.396286], [-70.551376, -33.396221], [-70.551514, -33.396148], [-70.551789, -33.396018], [-70.552085, -33.395899], [-70.552225, -33.395851], [-70.552411, -33.39579], [-70.552586, -33.395739], [-70.552749, -33.395699], [-70.552929, -33.395657], [-70.553098, -33.395625], [-70.55334, -33.395587], [-70.55346, -33.395568], [-70.55376, -33.395524], [-70.554016, -33.395483], [-70.55406, -33.395465], [-70.554024, -33.395296], [-70.553939, -33.394919], [-70.553885, -33.394665], [-70.553849, -33.3945], [-70.55381, -33.39433], [-70.553654, -33.393626], [-70.553546, -33.393138], [-70.553529, -33.393071], [-70.553472, -33.392674], [-70.553458, -33.392534], [-70.553416, -33.392051], [-70.553384, -33.391672], [-70.550296, -33.390478], [-70.549894, -33.390337], [-70.549223, -33.390117], [-70.548074, -33.389666], [-70.547644, -33.389485], [-70.547203, -33.389287], [-70.546716, -33.389098], [-70.546233, -33.388928], [-70.545251, -33.388603], [-70.544621, -33.388404], [-70.544221, -33.388265], [-70.543581, -33.388017], [-70.541996, -33.387386], [-70.540864, -33.386944], [-70.538692, -33.386059], [-70.537255, -33.385446], [-70.537302, -33.385489]]]}, "properties": {"Name": "18", "descriptio": "FID_uvecin   <Null>    <br>   U_Vecinal   18    <br>   VECINAL   C-18    <br>   Shape_Leng   4273,030357    <br>   Shape.area   718102,022289    <br>   Shape.len   4273,030346", "timestamp": "", "begin": "", "end": "", "altitudeMo": "", "tessellate": -1, "extrude": 0, "visibility": -1, "drawOrder": null, "icon": ""}}, {"type": "Feature", "geometry": {"type": "Polygon", "coordinates": [[[-70.533995, -33.38397], [-70.533815, -33.384104], [-70.533668, -33.384218], [-70.533338, -33.384462], [-70.533124, -33.384609], [-70.532688, -33.384935], [-70.5325, -33.38509], [-70.532282, -33.385248], [-70.532077, -33.3854], [-70.531866, -33.38556], [-70.53176, -33.385635], [-70.531232, -33.386039], [-70.530949, -33.386266], [-70.529783, -33.387217], [-70.529009, -33.387848], [-70.528743, -33.388067], [-70.528484, -33.388276], [-70.527937, -33.388724], [-70.527829, -33.388815], [-70.527299, -33.389247], [-70.527058, -33.389451], [-70.526979, -33.389517], [-70.526843, -33.389641], [-70.526769, -33.389716], [-70.526885, -33.389795], [-70.527332, -33.390135], [-70.527602, -33.390333], [-70.527735, -33.390434], [-70.528207, -33.390785], [-70.528406, -33.390913], [-70.528543, -33.390989], [-70.528767, -33.3911], [-70.529074, -33.391228], [-70.529439, -33.391375], [-70.529745, -33.3915], [-70.530081, -33.391636], [-70.530132, -33.391655], [-70.531281, -33.392122], [-70.531666, -33.39227], [-70.531824, -33.39232], [-70.532095, -33.392394], [-70.532383, -33.392466], [-70.532554, -33.392513], [-70.532852, -33.392588], [-70.533527, -33.392753], [-70.533661, -33.392763], [-70.533732, -33.392761], [-70.533826, -33.39276], [-70.533852, -33.392759], [-70.53471, -33.392722], [-70.534738, -33.392719], [-70.534818, -33.392706], [-70.535338, -33.39261], [-70.535428, -33.392595], [-70.535545, -33.392579], [-70.535603, -33.392572], [-70.535658, -33.392568], [-70.535724, -33.392566], [-70.535873, -33.392568], [-70.536543, -33.392609], [-70.536829, -33.392623], [-70.536925, -33.392623], [-70.537154, -33.392581], [-70.537433, -33.392538], [-70.537519, -33.392521], [-70.537609, -33.392498], [-70.537778, -33.392447], [-70.537901, -33.392405], [-70.538048, -33.392344], [-70.538242, -33.392248], [-70.538309, -33.392346], [-70.539093, -33.393452], [-70.539115, -33.393482], [-70.539122, -33.393478], [-70.539781, -33.393148], [-70.540058, -33.393012], [-70.540059, -33.393011], [-70.540278, -33.392901], [-70.541236, -33.39242], [-70.541586, -33.392248], [-70.541798, -33.392136], [-70.541834, -33.392119], [-70.54235, -33.391862], [-70.542514, -33.391765], [-70.542434, -33.391694], [-70.542354, -33.391623], [-70.542172, -33.391449], [-70.542101, -33.391307], [-70.541941, -33.391133], [-70.541753, -33.390895], [-70.541567, -33.390663], [-70.541088, -33.39011], [-70.541029, -33.390042], [-70.54099, -33.389998], [-70.540952, -33.389953], [-70.540781, -33.389844], [-70.540549, -33.38957], [-70.540355, -33.389342], [-70.539861, -33.388759], [-70.539396, -33.388211], [-70.539306, -33.387999], [-70.539178, -33.38782], [-70.539124, -33.387754], [-70.53907, -33.387689], [-70.538897, -33.387488], [-70.538769, -33.387425], [-70.538271, -33.386799], [-70.538241, -33.386707], [-70.538215, -33.386656], [-70.538152, -33.386579], [-70.538114, -33.386533], [-70.538009, -33.386378], [-70.537876, -33.386196], [-70.537767, -33.386045], [-70.537707, -33.385957], [-70.537661, -33.385898], [-70.537499, -33.385701], [-70.537425, -33.385614], [-70.537302, -33.385489], [-70.537255, -33.385446], [-70.535686, -33.384777], [-70.53449, -33.384222], [-70.534383, -33.384161], [-70.534261, -33.384082], [-70.534039, -33.383927], [-70.534031, -33.383919], [-70.533995, -33.38397]]]}, "properties": {"Name": "19", "descriptio": "FID_uvecin   <Null>    <br>   U_Vecinal   19    <br>   VECINAL   C-19    <br>   Shape_Leng   3837,163478    <br>   Shape.area   842323,983935    <br>   Shape.len   3837,163482", "timestamp": "", "begin": "", "end": "", "altitudeMo": "", "tessellate": -1, "extrude": 0, "visibility": -1, "drawOrder": null, "icon": ""}}, {"type": "Feature", "geometry": {"type": "Polygon", "coordinates": [[[-70.509016, -33.381852], [-70.508927, -33.381907], [-70.50886, -33.381944], [-70.508756, -33.381996], [-70.508684, -33.382025], [-70.508605, -33.382055], [-70.508463, -33.382102], [-70.508306, -33.382157], [-70.508231, -33.382205], [-70.508027, -33.382291], [-70.507771, -33.382396], [-70.507696, -33.382424], [-70.50763, -33.382446], [-70.507521, -33.382501], [-70.507416, -33.382557], [-70.50736, -33.382592], [-70.507216, -33.382686], [-70.50707, -33.382786], [-70.506931, -33.382903], [-70.506726, -33.38306], [-70.50654, -33.383211], [-70.506532, -33.383218], [-70.503505, -33.384724], [-70.502436, -33.384968], [-70.501068, -33.38492], [-70.500334, -33.384767], [-70.499628, -33.384742], [-70.498777, -33.384532], [-70.49837, -33.384516], [-70.497574, -33.384706], [-70.496939, -33.384856], [-70.496432, -33.384717], [-70.495933, -33.384569], [-70.495335, -33.384456], [-70.494869, -33.384395], [-70.493926, -33.384478], [-70.493511, -33.384658], [-70.492864, -33.384865], [-70.492066, -33.384916], [-70.491625, -33.384955], [-70.490645, -33.384942], [-70.489762, -33.385205], [-70.489774, -33.385208], [-70.489784, -33.385212], [-70.489794, -33.385218], [-70.489803, -33.385225], [-70.48981, -33.385232], [-70.489826, -33.385247], [-70.489843, -33.385261], [-70.489859, -33.385275], [-70.489875, -33.385291], [-70.489893, -33.385306], [-70.48991, -33.385323], [-70.489917, -33.385332], [-70.489922, -33.385341], [-70.489926, -33.385351], [-70.489933, -33.38537], [-70.48994, -33.385389], [-70.489948, -33.385407], [-70.489956, -33.385428], [-70.489964, -33.385449], [-70.489972, -33.385471], [-70.489974, -33.38548], [-70.489975, -33.38549], [-70.489975, -33.385501], [-70.489974, -33.38551], [-70.489973, -33.38553], [-70.489975, -33.38554], [-70.489977, -33.38555], [-70.489983, -33.38557], [-70.489988, -33.385588], [-70.489995, -33.385608], [-70.490001, -33.385629], [-70.490003, -33.385638], [-70.490008, -33.385659], [-70.490014, -33.385677], [-70.490022, -33.385695], [-70.490027, -33.385704], [-70.490037, -33.385722], [-70.490047, -33.385739], [-70.490054, -33.385748], [-70.490061, -33.385756], [-70.490076, -33.385772], [-70.490091, -33.385786], [-70.490107, -33.385801], [-70.490123, -33.385816], [-70.490138, -33.38583], [-70.490155, -33.385844], [-70.490165, -33.38585], [-70.490184, -33.385863], [-70.490192, -33.38587], [-70.490199, -33.385877], [-70.490205, -33.385885], [-70.49021, -33.385894], [-70.49022, -33.385914], [-70.490229, -33.385933], [-70.490235, -33.385942], [-70.490247, -33.38596], [-70.490259, -33.385979], [-70.490268, -33.385997], [-70.490277, -33.386015], [-70.490292, -33.386041], [-70.490303, -33.386059], [-70.490307, -33.386068], [-70.490309, -33.386078], [-70.490314, -33.386096], [-70.490318, -33.386105], [-70.490323, -33.386114], [-70.490328, -33.386122], [-70.490334, -33.38613], [-70.490348, -33.386146], [-70.490363, -33.386163], [-70.490377, -33.386178], [-70.490392, -33.386197], [-70.490407, -33.386216], [-70.49042, -33.386233], [-70.490431, -33.386249], [-70.490443, -33.386267], [-70.490454, -33.386284], [-70.490467, -33.386301], [-70.490478, -33.386317], [-70.490482, -33.386327], [-70.490487, -33.386336], [-70.490498, -33.386354], [-70.490506, -33.386372], [-70.490514, -33.38639], [-70.490528, -33.386411], [-70.490541, -33.386432], [-70.490546, -33.386442], [-70.490545, -33.386445], [-70.490534, -33.386453], [-70.490534, -33.386457], [-70.490535, -33.386465], [-70.490536, -33.386474], [-70.490538, -33.386483], [-70.490541, -33.386493], [-70.490545, -33.386502], [-70.49055, -33.386512], [-70.490556, -33.386522], [-70.490567, -33.386539], [-70.490578, -33.386557], [-70.49059, -33.386575], [-70.490603, -33.386593], [-70.490619, -33.386609], [-70.490635, -33.386623], [-70.490652, -33.386638], [-70.490668, -33.386654], [-70.490681, -33.386669], [-70.490694, -33.386684], [-70.490699, -33.386694], [-70.490708, -33.386712], [-70.490712, -33.386721], [-70.490715, -33.386731], [-70.49072, -33.38675], [-70.490722, -33.38676], [-70.490723, -33.386771], [-70.490723, -33.386781], [-70.490722, -33.386799], [-70.490722, -33.386819], [-70.490723, -33.386838], [-70.490725, -33.386848], [-70.490729, -33.386857], [-70.490737, -33.386876], [-70.490747, -33.386893], [-70.490759, -33.386911], [-70.490773, -33.386928], [-70.490782, -33.386935], [-70.49079, -33.386942], [-70.490809, -33.386955], [-70.490828, -33.386968], [-70.490843, -33.386982], [-70.49085, -33.386991], [-70.490856, -33.387], [-70.490871, -33.387017], [-70.490884, -33.387035], [-70.49089, -33.387046], [-70.490899, -33.387066], [-70.490902, -33.387076], [-70.490903, -33.387087], [-70.490903, -33.387098], [-70.490901, -33.387107], [-70.490898, -33.387117], [-70.490894, -33.387125], [-70.490893, -33.387143], [-70.490904, -33.387143], [-70.490915, -33.38714], [-70.490927, -33.387139], [-70.490938, -33.387139], [-70.490961, -33.387142], [-70.490973, -33.387147], [-70.490982, -33.387153], [-70.49099, -33.38716], [-70.490997, -33.387167], [-70.491004, -33.387175], [-70.491009, -33.387183], [-70.491014, -33.387193], [-70.491025, -33.387209], [-70.491037, -33.387226], [-70.491041, -33.387246], [-70.49104, -33.387267], [-70.491039, -33.387289], [-70.491039, -33.38731], [-70.491038, -33.387329], [-70.491039, -33.38734], [-70.491041, -33.387351], [-70.491044, -33.387361], [-70.49105, -33.387381], [-70.491054, -33.387389], [-70.491063, -33.387396], [-70.491072, -33.387402], [-70.491081, -33.387407], [-70.491092, -33.387412], [-70.491113, -33.387423], [-70.491122, -33.38743], [-70.49113, -33.387438], [-70.491136, -33.387446], [-70.491148, -33.387464], [-70.491165, -33.387484], [-70.49118, -33.387496], [-70.491192, -33.387508], [-70.491196, -33.387513], [-70.491202, -33.387531], [-70.491206, -33.387536], [-70.491218, -33.387546], [-70.491226, -33.387553], [-70.491234, -33.387561], [-70.491242, -33.387569], [-70.491249, -33.387577], [-70.491255, -33.387587], [-70.491265, -33.387604], [-70.491269, -33.387614], [-70.491277, -33.387632], [-70.491282, -33.387645], [-70.491286, -33.38765], [-70.491293, -33.387652], [-70.491304, -33.387653], [-70.491326, -33.387658], [-70.491337, -33.387661], [-70.491347, -33.387665], [-70.491357, -33.387671], [-70.491365, -33.387678], [-70.491373, -33.387685], [-70.491378, -33.387694], [-70.491381, -33.387703], [-70.491383, -33.387713], [-70.491383, -33.387723], [-70.491381, -33.387732], [-70.49138, -33.387741], [-70.49138, -33.387751], [-70.491382, -33.38777], [-70.491384, -33.387779], [-70.491389, -33.387797], [-70.491395, -33.387817], [-70.491401, -33.387836], [-70.491404, -33.387846], [-70.491408, -33.387855], [-70.491411, -33.387865], [-70.491421, -33.387883], [-70.491427, -33.387893], [-70.491432, -33.387911], [-70.491435, -33.387932], [-70.491437, -33.387942], [-70.491442, -33.38796], [-70.491446, -33.387969], [-70.491453, -33.38799], [-70.491457, -33.387999], [-70.491457, -33.38801], [-70.491457, -33.388021], [-70.491456, -33.388032], [-70.491454, -33.388043], [-70.491454, -33.388062], [-70.491454, -33.388073], [-70.491452, -33.388083], [-70.491447, -33.388102], [-70.491444, -33.388112], [-70.491438, -33.388118], [-70.491436, -33.38812], [-70.491429, -33.388126], [-70.49142, -33.388131], [-70.491415, -33.388135], [-70.491412, -33.388137], [-70.49141, -33.38814], [-70.491411, -33.388142], [-70.491411, -33.388144], [-70.491414, -33.388147], [-70.491435, -33.388165], [-70.491449, -33.388173], [-70.491465, -33.388186], [-70.491473, -33.388193], [-70.491479, -33.388203], [-70.491485, -33.388222], [-70.49149, -33.388241], [-70.491492, -33.388251], [-70.491499, -33.388269], [-70.491502, -33.388278], [-70.491509, -33.388288], [-70.491525, -33.388302], [-70.491533, -33.388309], [-70.49154, -33.388316], [-70.491547, -33.388324], [-70.491553, -33.388334], [-70.491563, -33.388353], [-70.491573, -33.388374], [-70.491578, -33.388384], [-70.491584, -33.388393], [-70.491598, -33.388408], [-70.491605, -33.388414], [-70.491614, -33.388421], [-70.491632, -33.388434], [-70.49165, -33.388449], [-70.491659, -33.388457], [-70.491667, -33.388465], [-70.491675, -33.388485], [-70.491679, -33.388495], [-70.491682, -33.388506], [-70.491686, -33.388527], [-70.491688, -33.388539], [-70.491689, -33.388549], [-70.491687, -33.38857], [-70.491686, -33.38859], [-70.491684, -33.388609], [-70.491683, -33.388619], [-70.491683, -33.388639], [-70.491684, -33.388649], [-70.491685, -33.388658], [-70.491689, -33.388679], [-70.491691, -33.388688], [-70.491693, -33.388708], [-70.491693, -33.388719], [-70.491692, -33.388729], [-70.491686, -33.388748], [-70.491683, -33.388758], [-70.491673, -33.388776], [-70.491666, -33.388786], [-70.49166, -33.388793], [-70.491652, -33.388801], [-70.491642, -33.388805], [-70.491637, -33.388806], [-70.491624, -33.38881], [-70.491618, -33.388811], [-70.491614, -33.388813], [-70.491606, -33.388834], [-70.491606, -33.388836], [-70.491607, -33.388837], [-70.491616, -33.388845], [-70.491627, -33.388859], [-70.491634, -33.388867], [-70.491639, -33.388876], [-70.491639, -33.388886], [-70.491636, -33.388895], [-70.491632, -33.388904], [-70.491628, -33.388913], [-70.491621, -33.388933], [-70.491618, -33.388943], [-70.491616, -33.388953], [-70.491616, -33.388962], [-70.491618, -33.388972], [-70.491624, -33.38898], [-70.491639, -33.388998], [-70.491647, -33.389005], [-70.491659, -33.389022], [-70.491664, -33.389031], [-70.491669, -33.389041], [-70.491671, -33.389051], [-70.491672, -33.389071], [-70.491673, -33.389091], [-70.491676, -33.389111], [-70.491677, -33.389132], [-70.491676, -33.389142], [-70.491674, -33.389152], [-70.491671, -33.389162], [-70.491666, -33.38917], [-70.49166, -33.389178], [-70.491653, -33.389186], [-70.491635, -33.389198], [-70.491624, -33.389204], [-70.491616, -33.389211], [-70.491608, -33.389218], [-70.491598, -33.389224], [-70.491578, -33.389233], [-70.491556, -33.389243], [-70.491546, -33.389248], [-70.491524, -33.389255], [-70.491502, -33.389259], [-70.491477, -33.389263], [-70.491454, -33.389263], [-70.491428, -33.389263], [-70.491411, -33.389262], [-70.491366, -33.389255], [-70.491331, -33.389249], [-70.49132, -33.389248], [-70.491314, -33.389248], [-70.491311, -33.38925], [-70.491308, -33.389253], [-70.491308, -33.389256], [-70.491309, -33.389257], [-70.49131, -33.38926], [-70.491339, -33.389283], [-70.491367, -33.3893], [-70.491386, -33.389311], [-70.491395, -33.389317], [-70.491414, -33.389326], [-70.491433, -33.389337], [-70.491442, -33.389342], [-70.491452, -33.389347], [-70.491462, -33.389352], [-70.491471, -33.389357], [-70.491482, -33.389361], [-70.491494, -33.389364], [-70.491517, -33.389367], [-70.491542, -33.389369], [-70.491566, -33.389372], [-70.491578, -33.389373], [-70.49159, -33.389376], [-70.491601, -33.389381], [-70.491611, -33.389386], [-70.491621, -33.38939], [-70.49163, -33.389395], [-70.491638, -33.389401], [-70.491644, -33.389409], [-70.491647, -33.389419], [-70.491645, -33.389438], [-70.491642, -33.389448], [-70.491641, -33.389468], [-70.491641, -33.389479], [-70.491642, -33.389488], [-70.491646, -33.389498], [-70.491651, -33.389506], [-70.491657, -33.389514], [-70.49166, -33.389523], [-70.491661, -33.389541], [-70.491659, -33.38956], [-70.491658, -33.38957], [-70.491658, -33.38958], [-70.491657, -33.389589], [-70.491654, -33.389599], [-70.491638, -33.389613], [-70.49163, -33.389619], [-70.49162, -33.389625], [-70.491603, -33.389639], [-70.491594, -33.389645], [-70.491584, -33.389651], [-70.491568, -33.389665], [-70.491554, -33.389681], [-70.491547, -33.38969], [-70.491544, -33.389699], [-70.491544, -33.389708], [-70.491545, -33.389717], [-70.491557, -33.389735], [-70.491575, -33.38976], [-70.49158, -33.389769], [-70.491586, -33.389776], [-70.491601, -33.389793], [-70.491617, -33.389808], [-70.491626, -33.389816], [-70.491638, -33.389834], [-70.491642, -33.389842], [-70.491646, -33.389863], [-70.491649, -33.389881], [-70.49165, -33.389892], [-70.491648, -33.389901], [-70.491643, -33.38991], [-70.491627, -33.389926], [-70.49162, -33.389933], [-70.491611, -33.389941], [-70.491603, -33.389949], [-70.491596, -33.389959], [-70.491592, -33.389968], [-70.491589, -33.389978], [-70.49159, -33.389987], [-70.491592, -33.389997], [-70.491597, -33.390005], [-70.491605, -33.390013], [-70.491614, -33.390019], [-70.491627, -33.390036], [-70.491637, -33.390053], [-70.491645, -33.390072], [-70.49165, -33.390082], [-70.491655, -33.390091], [-70.491668, -33.390109], [-70.491674, -33.390118], [-70.491677, -33.390128], [-70.491679, -33.390139], [-70.491681, -33.390159], [-70.491683, -33.39017], [-70.491683, -33.390189], [-70.491681, -33.3902], [-70.491681, -33.390211], [-70.491682, -33.390222], [-70.491687, -33.390243], [-70.491688, -33.390252], [-70.491688, -33.390261], [-70.491688, -33.39027], [-70.491685, -33.390288], [-70.491682, -33.390298], [-70.491681, -33.390308], [-70.491675, -33.390328], [-70.491673, -33.390337], [-70.491669, -33.390346], [-70.491664, -33.390356], [-70.491658, -33.390365], [-70.49165, -33.390373], [-70.491631, -33.390387], [-70.491616, -33.390401], [-70.491609, -33.390408], [-70.491599, -33.390416], [-70.491578, -33.390429], [-70.491568, -33.390435], [-70.491538, -33.390446], [-70.49152, -33.390455], [-70.491507, -33.390464], [-70.491501, -33.39047], [-70.491499, -33.390472], [-70.491499, -33.390473], [-70.4915, -33.390474], [-70.491501, -33.390475], [-70.491503, -33.390475], [-70.49151, -33.390476], [-70.491551, -33.390473], [-70.491567, -33.390471], [-70.491579, -33.39047], [-70.491593, -33.390468], [-70.491606, -33.390467], [-70.491628, -33.390468], [-70.491642, -33.390469], [-70.491668, -33.390468], [-70.49168, -33.390469], [-70.491691, -33.39047], [-70.491702, -33.390474], [-70.491722, -33.390483], [-70.491732, -33.390487], [-70.491737, -33.390489], [-70.49175, -33.390495], [-70.491751, -33.390498], [-70.491752, -33.3905], [-70.491752, -33.390503], [-70.491749, -33.390507], [-70.49172, -33.390522], [-70.491715, -33.390525], [-70.491711, -33.390528], [-70.491709, -33.390531], [-70.491727, -33.390565], [-70.491729, -33.390566], [-70.491731, -33.390568], [-70.491755, -33.390565], [-70.491766, -33.390566], [-70.491776, -33.390571], [-70.491783, -33.390579], [-70.491784, -33.390589], [-70.491785, -33.390599], [-70.491788, -33.390608], [-70.491796, -33.390628], [-70.491805, -33.390648], [-70.491809, -33.390658], [-70.491815, -33.390677], [-70.491817, -33.390687], [-70.49182, -33.390697], [-70.49182, -33.390707], [-70.491819, -33.390717], [-70.491816, -33.390727], [-70.491813, -33.390731], [-70.49181, -33.390733], [-70.491807, -33.390735], [-70.491804, -33.390736], [-70.491801, -33.390735], [-70.491797, -33.390734], [-70.491794, -33.390734], [-70.491792, -33.390733], [-70.49179, -33.390734], [-70.491767, -33.390753], [-70.491767, -33.390754], [-70.491767, -33.390756], [-70.491768, -33.390758], [-70.49177, -33.39076], [-70.491772, -33.390763], [-70.491773, -33.390767], [-70.491773, -33.390771], [-70.491771, -33.390783], [-70.491764, -33.390796], [-70.491758, -33.390804], [-70.49175, -33.390812], [-70.491742, -33.39082], [-70.491732, -33.390826], [-70.491713, -33.390837], [-70.491692, -33.390848], [-70.491682, -33.390854], [-70.491671, -33.390858], [-70.491648, -33.390865], [-70.491625, -33.390873], [-70.491615, -33.390878], [-70.491605, -33.390884], [-70.491596, -33.39089], [-70.491587, -33.390897], [-70.491572, -33.390913], [-70.491556, -33.39093], [-70.49154, -33.390944], [-70.49153, -33.390953], [-70.491521, -33.390959], [-70.491504, -33.390974], [-70.491495, -33.390981], [-70.491488, -33.390989], [-70.491482, -33.390997], [-70.491474, -33.391009], [-70.491467, -33.391018], [-70.491465, -33.391021], [-70.491465, -33.391024], [-70.491465, -33.391025], [-70.491467, -33.391027], [-70.49147, -33.391028], [-70.491515, -33.391034], [-70.491527, -33.391034], [-70.491538, -33.391034], [-70.491561, -33.391026], [-70.491585, -33.391018], [-70.491595, -33.391014], [-70.491616, -33.391005], [-70.491636, -33.390996], [-70.491657, -33.390988], [-70.491666, -33.390984], [-70.491688, -33.390978], [-70.491699, -33.390976], [-70.491709, -33.390973], [-70.49172, -33.39097], [-70.491731, -33.390967], [-70.491753, -33.390964], [-70.491764, -33.390962], [-70.491788, -33.390964], [-70.491811, -33.390966], [-70.491835, -33.390968], [-70.491847, -33.39097], [-70.491857, -33.390973], [-70.491868, -33.390978], [-70.491877, -33.390986], [-70.491886, -33.390994], [-70.491892, -33.391003], [-70.491896, -33.391011], [-70.491897, -33.391022], [-70.491898, -33.391031], [-70.491898, -33.391042], [-70.491895, -33.391062], [-70.491894, -33.391071], [-70.491902, -33.391089], [-70.491909, -33.391098], [-70.491919, -33.391107], [-70.491937, -33.391119], [-70.491956, -33.39113], [-70.491966, -33.391135], [-70.491985, -33.391146], [-70.491994, -33.391152], [-70.492007, -33.391167], [-70.492013, -33.391175], [-70.49202, -33.391194], [-70.492023, -33.391204], [-70.492028, -33.391213], [-70.492036, -33.391219], [-70.492045, -33.391225], [-70.492055, -33.39123], [-70.492075, -33.391238], [-70.49208, -33.391241], [-70.4921, -33.391254], [-70.49211, -33.391259], [-70.492128, -33.391271], [-70.492138, -33.391277], [-70.492161, -33.391288], [-70.492183, -33.391297], [-70.492197, -33.391303], [-70.492208, -33.391308], [-70.492228, -33.391319], [-70.492248, -33.391331], [-70.492266, -33.391342], [-70.492276, -33.391349], [-70.492284, -33.391356], [-70.492302, -33.391375], [-70.492311, -33.391386], [-70.492319, -33.391396], [-70.492334, -33.391415], [-70.492341, -33.391423], [-70.49235, -33.391432], [-70.492369, -33.391447], [-70.492378, -33.391454], [-70.492398, -33.391467], [-70.492408, -33.391472], [-70.492429, -33.391485], [-70.492437, -33.391492], [-70.492455, -33.391507], [-70.492472, -33.39152], [-70.492481, -33.391527], [-70.492499, -33.391539], [-70.492519, -33.391549], [-70.492541, -33.391558], [-70.492565, -33.391568], [-70.492575, -33.391573], [-70.492594, -33.391584], [-70.492613, -33.391597], [-70.492632, -33.391609], [-70.492651, -33.391622], [-70.492659, -33.391628], [-70.492666, -33.391636], [-70.492672, -33.391644], [-70.492676, -33.391653], [-70.49268, -33.391672], [-70.492682, -33.391681], [-70.492682, -33.391701], [-70.492681, -33.39172], [-70.492679, -33.39174], [-70.492677, -33.39176], [-70.492673, -33.391782], [-70.492671, -33.391791], [-70.492668, -33.3918], [-70.492661, -33.391821], [-70.492656, -33.391841], [-70.492654, -33.391851], [-70.492652, -33.39187], [-70.49265, -33.391889], [-70.492647, -33.391908], [-70.492643, -33.391928], [-70.492642, -33.391937], [-70.492641, -33.391948], [-70.492641, -33.391969], [-70.492644, -33.39199], [-70.492646, -33.392009], [-70.492648, -33.392019], [-70.492648, -33.39203], [-70.492648, -33.392051], [-70.492645, -33.392072], [-70.492641, -33.392093], [-70.492639, -33.392113], [-70.492639, -33.392132], [-70.49264, -33.392143], [-70.49264, -33.392165], [-70.492637, -33.392185], [-70.492633, -33.392205], [-70.492626, -33.392226], [-70.492622, -33.392237], [-70.492612, -33.392259], [-70.492605, -33.392278], [-70.492597, -33.392296], [-70.492593, -33.392306], [-70.492585, -33.392326], [-70.492576, -33.392348], [-70.492567, -33.392368], [-70.492558, -33.392387], [-70.492552, -33.392406], [-70.492548, -33.392428], [-70.492545, -33.392449], [-70.492544, -33.392471], [-70.492543, -33.392491], [-70.492543, -33.392512], [-70.492544, -33.392533], [-70.492544, -33.392543], [-70.492543, -33.392566], [-70.49254, -33.392587], [-70.492537, -33.392607], [-70.492535, -33.392626], [-70.492532, -33.392648], [-70.49253, -33.392667], [-70.492529, -33.392677], [-70.492529, -33.392686], [-70.49253, -33.392706], [-70.492533, -33.392727], [-70.492533, -33.392748], [-70.492531, -33.392768], [-70.492529, -33.392778], [-70.492528, -33.392789], [-70.492526, -33.392808], [-70.492524, -33.392829], [-70.492526, -33.392851], [-70.492527, -33.392861], [-70.492527, -33.392872], [-70.492521, -33.392893], [-70.492515, -33.392911], [-70.49251, -33.39293], [-70.492504, -33.392952], [-70.492501, -33.392972], [-70.492497, -33.392995], [-70.492495, -33.393019], [-70.492495, -33.393029], [-70.492498, -33.393052], [-70.492501, -33.393075], [-70.492502, -33.393087], [-70.492502, -33.393111], [-70.492503, -33.393138], [-70.492504, -33.393161], [-70.492505, -33.393171], [-70.492504, -33.393181], [-70.492506, -33.393203], [-70.492507, -33.393222], [-70.49251, -33.39324], [-70.492514, -33.393263], [-70.492519, -33.393285], [-70.49252, -33.393295], [-70.492524, -33.393314], [-70.492527, -33.393333], [-70.492528, -33.393342], [-70.492533, -33.393362], [-70.492538, -33.393382], [-70.492541, -33.393392], [-70.492544, -33.393414], [-70.492548, -33.393434], [-70.492552, -33.393455], [-70.492556, -33.393475], [-70.492561, -33.393498], [-70.492567, -33.39352], [-70.492569, -33.393532], [-70.492575, -33.393551], [-70.492578, -33.393561], [-70.492581, -33.393581], [-70.492581, -33.393603], [-70.492582, -33.393625], [-70.492582, -33.393644], [-70.492581, -33.393663], [-70.492578, -33.393681], [-70.492577, -33.393691], [-70.492576, -33.393712], [-70.492575, -33.393732], [-70.492575, -33.393754], [-70.492572, -33.393773], [-70.492571, -33.393783], [-70.492576, -33.393792], [-70.492586, -33.393798], [-70.492609, -33.393805], [-70.492633, -33.393814], [-70.492654, -33.393824], [-70.492665, -33.393831], [-70.492675, -33.393837], [-70.492683, -33.393845], [-70.4927, -33.393858], [-70.492709, -33.393866], [-70.492725, -33.393884], [-70.492739, -33.393902], [-70.492753, -33.393919], [-70.49277, -33.393935], [-70.492778, -33.393941], [-70.492788, -33.393947], [-70.492798, -33.393955], [-70.492805, -33.393963], [-70.492811, -33.393972], [-70.492816, -33.393992], [-70.492816, -33.394002], [-70.492813, -33.394012], [-70.492807, -33.394021], [-70.492799, -33.394029], [-70.492791, -33.394036], [-70.49278, -33.394043], [-70.49276, -33.394054], [-70.49275, -33.39406], [-70.492729, -33.394073], [-70.492719, -33.39408], [-70.492712, -33.394088], [-70.492711, -33.394098], [-70.492714, -33.394107], [-70.492722, -33.394115], [-70.492741, -33.394127], [-70.492751, -33.394133], [-70.49276, -33.394137], [-70.492769, -33.394143], [-70.492789, -33.394157], [-70.492809, -33.39417], [-70.492827, -33.394182], [-70.492847, -33.394197], [-70.492864, -33.394212], [-70.492878, -33.394228], [-70.492892, -33.394246], [-70.4929, -33.394254], [-70.492919, -33.394269], [-70.492927, -33.394275], [-70.492939, -33.394294], [-70.492944, -33.394303], [-70.492948, -33.394322], [-70.49295, -33.394331], [-70.492957, -33.394351], [-70.49296, -33.394362], [-70.492964, -33.394373], [-70.492974, -33.394393], [-70.492978, -33.394402], [-70.492981, -33.394413], [-70.492983, -33.394423], [-70.492985, -33.394433], [-70.492988, -33.394444], [-70.49299, -33.394455], [-70.49299, -33.394465], [-70.492989, -33.394475], [-70.492979, -33.394494], [-70.492973, -33.394502], [-70.492968, -33.39451], [-70.492964, -33.39452], [-70.492964, -33.394531], [-70.492967, -33.394542], [-70.49297, -33.394552], [-70.492982, -33.394575], [-70.492994, -33.394595], [-70.493001, -33.394606], [-70.493007, -33.394618], [-70.493014, -33.39464], [-70.493018, -33.394653], [-70.493029, -33.394678], [-70.493038, -33.394699], [-70.493051, -33.394723], [-70.493063, -33.394744], [-70.493068, -33.394754], [-70.493081, -33.394775], [-70.493095, -33.394798], [-70.493107, -33.394816], [-70.493121, -33.394833], [-70.493135, -33.394849], [-70.493143, -33.394859], [-70.493152, -33.394868], [-70.49316, -33.394875], [-70.493166, -33.394883], [-70.49318, -33.394899], [-70.493193, -33.394915], [-70.493201, -33.394924], [-70.493209, -33.394933], [-70.493227, -33.394948], [-70.493236, -33.394955], [-70.493256, -33.394968], [-70.493266, -33.394975], [-70.493277, -33.394981], [-70.493297, -33.394995], [-70.493314, -33.395007], [-70.493325, -33.395014], [-70.493345, -33.395025], [-70.493364, -33.395034], [-70.493373, -33.395039], [-70.493389, -33.395052], [-70.493397, -33.395059], [-70.493413, -33.395073], [-70.493428, -33.395088], [-70.493441, -33.395104], [-70.493449, -33.395114], [-70.493464, -33.395131], [-70.493472, -33.395138], [-70.493481, -33.395145], [-70.49349, -33.39515], [-70.493501, -33.395157], [-70.49351, -33.395164], [-70.49352, -33.395172], [-70.493535, -33.395187], [-70.493552, -33.395206], [-70.49356, -33.395216], [-70.493573, -33.39523], [-70.493581, -33.39524], [-70.493593, -33.395255], [-70.493608, -33.395272], [-70.493615, -33.39528], [-70.49362, -33.395289], [-70.493624, -33.395299], [-70.49363, -33.395308], [-70.493641, -33.395324], [-70.493655, -33.395341], [-70.493668, -33.395357], [-70.493676, -33.395365], [-70.493683, -33.395374], [-70.493696, -33.395394], [-70.49371, -33.395415], [-70.493717, -33.395425], [-70.49373, -33.395443], [-70.49374, -33.39546], [-70.493746, -33.395468], [-70.493751, -33.395478], [-70.493757, -33.395498], [-70.493764, -33.395516], [-70.493768, -33.395525], [-70.493773, -33.395534], [-70.493787, -33.395551], [-70.493802, -33.395565], [-70.493818, -33.395582], [-70.493833, -33.395597], [-70.493849, -33.395612], [-70.493862, -33.395626], [-70.493875, -33.395641], [-70.49389, -33.39566], [-70.493896, -33.395669], [-70.493908, -33.395687], [-70.49392, -33.395704], [-70.493926, -33.395713], [-70.49394, -33.395729], [-70.493955, -33.395746], [-70.493968, -33.395763], [-70.493977, -33.395773], [-70.49399, -33.395793], [-70.494001, -33.395812], [-70.494012, -33.395831], [-70.494022, -33.39585], [-70.494031, -33.395868], [-70.494036, -33.395876], [-70.494048, -33.395893], [-70.494062, -33.395909], [-70.494068, -33.395917], [-70.494079, -33.395935], [-70.494084, -33.395944], [-70.494089, -33.395963], [-70.49409, -33.395972], [-70.494096, -33.39599], [-70.494099, -33.396], [-70.494103, -33.396021], [-70.494106, -33.396031], [-70.494114, -33.396052], [-70.494121, -33.39607], [-70.494124, -33.39608], [-70.494128, -33.396089], [-70.494139, -33.396107], [-70.494144, -33.396117], [-70.494148, -33.396126], [-70.494152, -33.396137], [-70.494157, -33.396155], [-70.494158, -33.396164], [-70.494162, -33.396173], [-70.494167, -33.396181], [-70.494173, -33.396204], [-70.494183, -33.396223], [-70.494192, -33.396241], [-70.494199, -33.396261], [-70.494206, -33.396281], [-70.494209, -33.396292], [-70.494213, -33.3963], [-70.494216, -33.39631], [-70.494222, -33.39633], [-70.494228, -33.396348], [-70.494233, -33.396356], [-70.494243, -33.396373], [-70.494249, -33.396382], [-70.494261, -33.396399], [-70.494272, -33.396417], [-70.494284, -33.396435], [-70.494295, -33.396452], [-70.494306, -33.396471], [-70.494318, -33.396488], [-70.494342, -33.396522], [-70.494355, -33.39654], [-70.494369, -33.396558], [-70.494382, -33.396577], [-70.494393, -33.396594], [-70.494404, -33.396612], [-70.494415, -33.396629], [-70.494428, -33.396653], [-70.494439, -33.396669], [-70.494453, -33.39669], [-70.494458, -33.396699], [-70.49447, -33.396718], [-70.494475, -33.396727], [-70.494487, -33.396746], [-70.494497, -33.396765], [-70.494505, -33.396783], [-70.494511, -33.396793], [-70.494515, -33.396803], [-70.494526, -33.396822], [-70.494536, -33.396841], [-70.494546, -33.396857], [-70.494557, -33.396875], [-70.494567, -33.396891], [-70.494578, -33.396909], [-70.49459, -33.396926], [-70.494602, -33.396942], [-70.49461, -33.39695], [-70.494619, -33.396957], [-70.494627, -33.396963], [-70.494637, -33.396969], [-70.494657, -33.396981], [-70.494665, -33.396988], [-70.494669, -33.396997], [-70.494665, -33.397007], [-70.49466, -33.397015], [-70.494652, -33.397023], [-70.494642, -33.397029], [-70.494633, -33.397037], [-70.494625, -33.397045], [-70.494619, -33.397053], [-70.494617, -33.397063], [-70.49462, -33.397072], [-70.494627, -33.397079], [-70.494636, -33.397087], [-70.494653, -33.397099], [-70.494664, -33.397104], [-70.494675, -33.397104], [-70.494687, -33.397103], [-70.494699, -33.397099], [-70.494711, -33.397099], [-70.494722, -33.397101], [-70.494733, -33.397106], [-70.494742, -33.397112], [-70.494752, -33.397113], [-70.494762, -33.397108], [-70.494773, -33.397106], [-70.494784, -33.397112], [-70.494791, -33.397119], [-70.494798, -33.397126], [-70.494805, -33.397136], [-70.494817, -33.397155], [-70.494823, -33.397163], [-70.494829, -33.397173], [-70.494838, -33.397192], [-70.494847, -33.39721], [-70.494857, -33.397227], [-70.494867, -33.397244], [-70.494878, -33.397262], [-70.494889, -33.397281], [-70.494898, -33.3973], [-70.49491, -33.397319], [-70.494917, -33.397328], [-70.494925, -33.397337], [-70.494933, -33.397343], [-70.494942, -33.397349], [-70.494953, -33.397353], [-70.494963, -33.397356], [-70.494974, -33.397361], [-70.494982, -33.397368], [-70.494988, -33.397375], [-70.494989, -33.397376], [-70.495004, -33.397392], [-70.495011, -33.397399], [-70.495027, -33.397414], [-70.495046, -33.397426], [-70.495055, -33.397431], [-70.495066, -33.397437], [-70.495088, -33.397442], [-70.495098, -33.397439], [-70.495105, -33.397432], [-70.495113, -33.397425], [-70.495125, -33.397424], [-70.495137, -33.397425], [-70.495149, -33.397429], [-70.495159, -33.397434], [-70.495182, -33.397444], [-70.495194, -33.397445], [-70.495206, -33.397444], [-70.495217, -33.397441], [-70.495228, -33.397439], [-70.495251, -33.397434], [-70.495273, -33.397428], [-70.495284, -33.397426], [-70.495306, -33.39742], [-70.495314, -33.397415], [-70.495323, -33.397409], [-70.495329, -33.397401], [-70.495336, -33.397394], [-70.495347, -33.397392], [-70.495359, -33.397392], [-70.495371, -33.397394], [-70.495383, -33.397397], [-70.495405, -33.397403], [-70.495415, -33.397407], [-70.495425, -33.397412], [-70.495434, -33.397417], [-70.495453, -33.397428], [-70.49546, -33.397436], [-70.495466, -33.397444], [-70.495477, -33.397459], [-70.495491, -33.397477], [-70.495499, -33.397484], [-70.495516, -33.397499], [-70.495526, -33.397505], [-70.495547, -33.397518], [-70.495566, -33.39753], [-70.495573, -33.397537], [-70.49558, -33.397546], [-70.495593, -33.397561], [-70.495605, -33.397577], [-70.495613, -33.397585], [-70.495622, -33.397589], [-70.495635, -33.397591], [-70.495646, -33.397592], [-70.49567, -33.397594], [-70.495693, -33.397598], [-70.495706, -33.397602], [-70.495726, -33.397609], [-70.495738, -33.397613], [-70.495747, -33.397617], [-70.495756, -33.397622], [-70.495765, -33.39763], [-70.495774, -33.397635], [-70.495785, -33.397641], [-70.495794, -33.397645], [-70.495848, -33.397768], [-70.496133, -33.398273], [-70.496394, -33.398598], [-70.49673, -33.398899], [-70.496911, -33.399265], [-70.496943, -33.39954], [-70.496944, -33.399544], [-70.496935, -33.399603], [-70.496933, -33.39961], [-70.496927, -33.399621], [-70.496923, -33.399627], [-70.496911, -33.399644], [-70.496898, -33.39966], [-70.496887, -33.399676], [-70.496875, -33.399694], [-70.496869, -33.399702], [-70.496861, -33.399709], [-70.496842, -33.39972], [-70.496822, -33.39973], [-70.49681, -33.399735], [-70.4968, -33.399742], [-70.496784, -33.399755], [-70.496775, -33.399762], [-70.496766, -33.399768], [-70.496745, -33.399778], [-70.496734, -33.399782], [-70.496724, -33.399787], [-70.496716, -33.399793], [-70.496694, -33.399801], [-70.496683, -33.399804], [-70.496657, -33.39981], [-70.496635, -33.399815], [-70.496623, -33.399817], [-70.496612, -33.399817], [-70.4966, -33.399815], [-70.496589, -33.399811], [-70.49658, -33.399807], [-70.496559, -33.399795], [-70.496549, -33.399788], [-70.496537, -33.399783], [-70.496527, -33.399779], [-70.496516, -33.399776], [-70.496492, -33.399773], [-70.49648, -33.399772], [-70.496468, -33.399773], [-70.496456, -33.399774], [-70.496446, -33.399778], [-70.496436, -33.399782], [-70.496417, -33.39979], [-70.496397, -33.399799], [-70.496376, -33.399809], [-70.496356, -33.39982], [-70.496316, -33.399842], [-70.496306, -33.399847], [-70.496285, -33.399858], [-70.496266, -33.399868], [-70.496255, -33.399874], [-70.496237, -33.399886], [-70.496226, -33.399892], [-70.496205, -33.399903], [-70.496196, -33.399909], [-70.496184, -33.399915], [-70.496163, -33.399922], [-70.496137, -33.399928], [-70.49611, -33.399936], [-70.496094, -33.399943], [-70.496084, -33.39995], [-70.49608, -33.399955], [-70.49608, -33.399961], [-70.496082, -33.399966], [-70.496089, -33.399975], [-70.496102, -33.399985], [-70.496117, -33.399992], [-70.496137, -33.399998], [-70.496145, -33.399999], [-70.496168, -33.399999], [-70.496179, -33.399999], [-70.496204, -33.399997], [-70.49623, -33.399994], [-70.496241, -33.399993], [-70.496254, -33.399991], [-70.496265, -33.399988], [-70.496287, -33.399982], [-70.496298, -33.399979], [-70.49632, -33.399973], [-70.496343, -33.399968], [-70.496367, -33.399964], [-70.49638, -33.399962], [-70.496405, -33.39996], [-70.496419, -33.399959], [-70.496446, -33.399959], [-70.496457, -33.399959], [-70.496482, -33.399962], [-70.49651, -33.399967], [-70.496538, -33.399973], [-70.496566, -33.39998], [-70.49658, -33.399984], [-70.496606, -33.399994], [-70.496628, -33.400001], [-70.496651, -33.400008], [-70.496663, -33.400011], [-70.496677, -33.400014], [-70.496689, -33.400017], [-70.496711, -33.400022], [-70.496722, -33.400024], [-70.496733, -33.400025], [-70.496756, -33.40003], [-70.496767, -33.400033], [-70.49679, -33.400041], [-70.4968, -33.400045], [-70.49682, -33.400057], [-70.496839, -33.400068], [-70.496848, -33.400074], [-70.496856, -33.40008], [-70.496862, -33.400088], [-70.496868, -33.400097], [-70.496877, -33.400117], [-70.496881, -33.400125], [-70.496881, -33.400135], [-70.49688, -33.400145], [-70.49688, -33.400154], [-70.496881, -33.400164], [-70.496889, -33.40018], [-70.496893, -33.400191], [-70.4969, -33.400205], [-70.496915, -33.400222], [-70.496931, -33.400235], [-70.496937, -33.400237], [-70.496949, -33.400244], [-70.496961, -33.400252], [-70.496972, -33.400259], [-70.496979, -33.400266], [-70.496981, -33.400271], [-70.496985, -33.400301], [-70.496986, -33.400308], [-70.496988, -33.400316], [-70.49699, -33.400328], [-70.496993, -33.400348], [-70.496994, -33.400359], [-70.496992, -33.400379], [-70.496991, -33.400389], [-70.496991, -33.400399], [-70.496993, -33.400412], [-70.496994, -33.400431], [-70.496994, -33.400441], [-70.496992, -33.400461], [-70.496991, -33.40047], [-70.496985, -33.40049], [-70.496982, -33.400499], [-70.49698, -33.400509], [-70.496978, -33.40052], [-70.496976, -33.400529], [-70.496975, -33.40055], [-70.496973, -33.400561], [-70.496973, -33.40057], [-70.496976, -33.40059], [-70.49698, -33.400609], [-70.496982, -33.40062], [-70.496982, -33.400639], [-70.49698, -33.400659], [-70.496978, -33.400679], [-70.496976, -33.400691], [-70.496975, -33.400704], [-70.496975, -33.400725], [-70.496975, -33.400736], [-70.496976, -33.400747], [-70.496985, -33.400767], [-70.496995, -33.400783], [-70.497001, -33.400792], [-70.497008, -33.4008], [-70.497014, -33.400808], [-70.497018, -33.400817], [-70.49702, -33.400829], [-70.497019, -33.400838], [-70.497016, -33.400845], [-70.497, -33.400863], [-70.496991, -33.400875], [-70.496988, -33.400883], [-70.496987, -33.400889], [-70.497, -33.400911], [-70.497029, -33.400904], [-70.497035, -33.400903], [-70.497041, -33.400904], [-70.497047, -33.40091], [-70.497048, -33.400917], [-70.497047, -33.400931], [-70.497038, -33.40095], [-70.497032, -33.40097], [-70.504144, -33.400302], [-70.50431, -33.400293], [-70.504349, -33.400286], [-70.504506, -33.400262], [-70.504761, -33.400207], [-70.504919, -33.400163], [-70.505037, -33.400121], [-70.505306, -33.400011], [-70.505503, -33.399922], [-70.505701, -33.399844], [-70.506026, -33.399729], [-70.506208, -33.399675], [-70.506325, -33.399645], [-70.50655, -33.399585], [-70.506768, -33.399519], [-70.506983, -33.399492], [-70.507197, -33.399476], [-70.507376, -33.399472], [-70.507433, -33.399474], [-70.507953, -33.399481], [-70.508581, -33.399487], [-70.509316, -33.399496], [-70.509418, -33.399499], [-70.509616, -33.399515], [-70.509768, -33.399533], [-70.509996, -33.399573], [-70.510138, -33.399604], [-70.510258, -33.399645], [-70.51068, -33.399756], [-70.510989, -33.399847], [-70.511607, -33.400024], [-70.511745, -33.400065], [-70.512231, -33.400202], [-70.512393, -33.400249], [-70.512724, -33.400342], [-70.513138, -33.400463], [-70.513323, -33.400526], [-70.513393, -33.400562], [-70.513459, -33.400609], [-70.513549, -33.400682], [-70.513679, -33.400797], [-70.513728, -33.400833], [-70.513789, -33.400869], [-70.51384, -33.400889], [-70.513884, -33.400902], [-70.513929, -33.400911], [-70.51436, -33.400956], [-70.514856, -33.401006], [-70.515068, -33.401031], [-70.515286, -33.401056], [-70.515842, -33.401116], [-70.516361, -33.401173], [-70.516823, -33.401216], [-70.517213, -33.401245], [-70.517233, -33.401191], [-70.517255, -33.40097], [-70.517259, -33.400942], [-70.517263, -33.400926], [-70.517268, -33.400912], [-70.517322, -33.400831], [-70.517336, -33.400781], [-70.517362, -33.400713], [-70.517397, -33.400638], [-70.517412, -33.400607], [-70.517444, -33.400533], [-70.517462, -33.400466], [-70.51747, -33.400398], [-70.51747, -33.400293], [-70.517453, -33.400184], [-70.517433, -33.400092], [-70.517384, -33.399959], [-70.517282, -33.399701], [-70.517264, -33.399609], [-70.517252, -33.399503], [-70.517272, -33.399329], [-70.517339, -33.399041], [-70.517347, -33.398946], [-70.517347, -33.398801], [-70.517251, -33.397522], [-70.517208, -33.396913], [-70.517125, -33.39579], [-70.517077, -33.395403], [-70.517071, -33.395312], [-70.517072, -33.395223], [-70.517071, -33.395156], [-70.517032, -33.395028], [-70.516844, -33.394551], [-70.51681, -33.394467], [-70.516775, -33.394383], [-70.516668, -33.394146], [-70.516439, -33.393631], [-70.516367, -33.393473], [-70.515933, -33.392499], [-70.515858, -33.392333], [-70.515729, -33.392057], [-70.515352, -33.391262], [-70.514896, -33.390293], [-70.514666, -33.389808], [-70.514634, -33.389745], [-70.514601, -33.389684], [-70.514568, -33.389628], [-70.514515, -33.389544], [-70.514444, -33.389443], [-70.514356, -33.389327], [-70.513945, -33.388793], [-70.513923, -33.388766], [-70.513564, -33.388304], [-70.513487, -33.388205], [-70.513209, -33.387842], [-70.512851, -33.387379], [-70.512522, -33.386913], [-70.509031, -33.381842], [-70.509016, -33.381852]]]}, "properties": {"Name": "25", "descriptio": "FID_uvecin   <Null>    <br>   U_Vecinal   25    <br>   VECINAL   C-25    <br>   Shape_Leng   8539,89343    <br>   Shape.area   3717433,178133    <br>   Shape.len   8539,893424", "timestamp": "", "begin": "", "end": "", "altitudeMo": "", "tessellate": -1, "extrude": 0, "visibility": -1, "drawOrder": null, "icon": ""}}, {"type": "Feature", "geometry": {"type": "Polygon", "coordinates": [[[-70.511194, -33.380751], [-70.510908, -33.380868], [-70.51084, -33.380897], [-70.510692, -33.380962], [-70.510602, -33.381009], [-70.510532, -33.381048], [-70.510309, -33.381182], [-70.510239, -33.38122], [-70.510123, -33.381278], [-70.509672, -33.381475], [-70.509561, -33.381528], [-70.509427, -33.381597], [-70.509264, -33.381691], [-70.509081, -33.381809], [-70.509031, -33.381842], [-70.512522, -33.386913], [-70.512851, -33.387379], [-70.513209, -33.387842], [-70.513487, -33.388205], [-70.513564, -33.388304], [-70.513923, -33.388766], [-70.513945, -33.388793], [-70.514356, -33.389327], [-70.514444, -33.389443], [-70.514515, -33.389544], [-70.514568, -33.389628], [-70.514601, -33.389684], [-70.514634, -33.389745], [-70.514666, -33.389808], [-70.514896, -33.390293], [-70.515352, -33.391262], [-70.515729, -33.392057], [-70.515858, -33.392333], [-70.515933, -33.392499], [-70.516367, -33.393473], [-70.516439, -33.393631], [-70.516668, -33.394146], [-70.516775, -33.394383], [-70.51681, -33.394467], [-70.516844, -33.394551], [-70.517032, -33.395028], [-70.517071, -33.395156], [-70.517072, -33.395223], [-70.517071, -33.395312], [-70.517077, -33.395403], [-70.517125, -33.39579], [-70.517208, -33.396913], [-70.517251, -33.397522], [-70.517347, -33.398801], [-70.517347, -33.398946], [-70.517339, -33.399041], [-70.517272, -33.399329], [-70.517252, -33.399503], [-70.517264, -33.399609], [-70.517282, -33.399701], [-70.517384, -33.399959], [-70.517433, -33.400092], [-70.517453, -33.400184], [-70.51747, -33.400293], [-70.51747, -33.400398], [-70.517462, -33.400466], [-70.517444, -33.400533], [-70.517412, -33.400607], [-70.517397, -33.400638], [-70.517362, -33.400713], [-70.517336, -33.400781], [-70.517322, -33.400831], [-70.517268, -33.400912], [-70.517263, -33.400926], [-70.517259, -33.400942], [-70.517255, -33.40097], [-70.517233, -33.401191], [-70.517213, -33.401245], [-70.517189, -33.401292], [-70.517165, -33.401339], [-70.517157, -33.401379], [-70.51715, -33.40142], [-70.517124, -33.401537], [-70.517093, -33.4017], [-70.517079, -33.401805], [-70.517072, -33.40192], [-70.51707, -33.402037], [-70.517084, -33.40216], [-70.517113, -33.40233], [-70.517193, -33.402663], [-70.517276, -33.402959], [-70.517308, -33.403055], [-70.517397, -33.403068], [-70.517478, -33.403082], [-70.517564, -33.403064], [-70.51812, -33.403175], [-70.518431, -33.403241], [-70.518769, -33.403311], [-70.519084, -33.403373], [-70.519255, -33.403411], [-70.519347, -33.40342], [-70.519665, -33.403406], [-70.52095, -33.40332], [-70.521557, -33.403281], [-70.521853, -33.403261], [-70.52213, -33.40324], [-70.522557, -33.403211], [-70.522676, -33.4032], [-70.523059, -33.403178], [-70.523332, -33.403161], [-70.523596, -33.403142], [-70.523833, -33.403127], [-70.524213, -33.403098], [-70.524442, -33.403085], [-70.524841, -33.403059], [-70.525512, -33.403013], [-70.526208, -33.402966], [-70.526484, -33.402945], [-70.52668, -33.402934], [-70.526786, -33.402935], [-70.526871, -33.402871], [-70.526993, -33.402786], [-70.527284, -33.402621], [-70.527754, -33.402383], [-70.528418, -33.402044], [-70.528515, -33.402205], [-70.528545, -33.402239], [-70.528575, -33.402267], [-70.528612, -33.402294], [-70.528697, -33.402333], [-70.528746, -33.402343], [-70.528798, -33.402357], [-70.528899, -33.402377], [-70.529275, -33.402459], [-70.530304, -33.402686], [-70.530694, -33.402772], [-70.531067, -33.402852], [-70.531178, -33.402877], [-70.531308, -33.402911], [-70.531406, -33.402939], [-70.531498, -33.402974], [-70.531612, -33.40302], [-70.531693, -33.403055], [-70.531768, -33.403092], [-70.532004, -33.403226], [-70.532165, -33.403323], [-70.532367, -33.403436], [-70.532512, -33.403521], [-70.532583, -33.40356], [-70.532629, -33.40359], [-70.532728, -33.403661], [-70.532799, -33.40372], [-70.532949, -33.403853], [-70.533144, -33.404019], [-70.533178, -33.404052], [-70.533288, -33.404148], [-70.533641, -33.404464], [-70.533711, -33.404523], [-70.534333, -33.405075], [-70.535035, -33.405663], [-70.535177, -33.405784], [-70.535225, -33.405828], [-70.535259, -33.405868], [-70.535279, -33.405897], [-70.535298, -33.40593], [-70.535316, -33.405968], [-70.535332, -33.406007], [-70.535349, -33.406098], [-70.53535, -33.406153], [-70.535344, -33.4062], [-70.535335, -33.406247], [-70.535321, -33.406295], [-70.535297, -33.406347], [-70.535255, -33.406411], [-70.535219, -33.406451], [-70.535173, -33.406498], [-70.534814, -33.406811], [-70.534703, -33.406903], [-70.534823, -33.406955], [-70.53494, -33.407], [-70.535058, -33.407043], [-70.535438, -33.407152], [-70.53556, -33.407184], [-70.536319, -33.407403], [-70.537218, -33.407656], [-70.537397, -33.407221], [-70.537537, -33.40687], [-70.537775, -33.406278], [-70.537889, -33.406002], [-70.538041, -33.40562], [-70.538258, -33.405084], [-70.53829, -33.405], [-70.538314, -33.40496], [-70.538342, -33.404915], [-70.538378, -33.404834], [-70.538522, -33.40454], [-70.538682, -33.404221], [-70.538811, -33.403957], [-70.53893, -33.403725], [-70.539027, -33.403529], [-70.539158, -33.403271], [-70.539243, -33.403107], [-70.539274, -33.403043], [-70.539482, -33.402631], [-70.53957, -33.402448], [-70.539636, -33.402297], [-70.539701, -33.402138], [-70.539746, -33.402013], [-70.539816, -33.401804], [-70.539856, -33.401664], [-70.539913, -33.401427], [-70.539963, -33.401176], [-70.539985, -33.401024], [-70.54001, -33.40082], [-70.54002, -33.400681], [-70.540039, -33.400335], [-70.540047, -33.399998], [-70.540048, -33.399746], [-70.540046, -33.399489], [-70.540041, -33.399224], [-70.539962, -33.396664], [-70.539956, -33.396532], [-70.539924, -33.395531], [-70.539917, -33.395391], [-70.53991, -33.395324], [-70.5399, -33.395254], [-70.53986, -33.395043], [-70.539813, -33.394837], [-70.539744, -33.394614], [-70.539691, -33.39447], [-70.539612, -33.394283], [-70.539543, -33.394144], [-70.539487, -33.394038], [-70.539418, -33.393921], [-70.539341, -33.393804], [-70.539198, -33.393599], [-70.539139, -33.393517], [-70.539115, -33.393482], [-70.539093, -33.393452], [-70.538309, -33.392346], [-70.538242, -33.392248], [-70.538048, -33.392344], [-70.537901, -33.392405], [-70.537778, -33.392447], [-70.537609, -33.392498], [-70.537519, -33.392521], [-70.537433, -33.392538], [-70.537154, -33.392581], [-70.536925, -33.392623], [-70.536829, -33.392623], [-70.536543, -33.392609], [-70.535873, -33.392568], [-70.535724, -33.392566], [-70.535658, -33.392568], [-70.535603, -33.392572], [-70.535545, -33.392579], [-70.535428, -33.392595], [-70.535338, -33.39261], [-70.534818, -33.392706], [-70.534738, -33.392719], [-70.53471, -33.392722], [-70.533852, -33.392759], [-70.533826, -33.39276], [-70.533732, -33.392761], [-70.533661, -33.392763], [-70.533527, -33.392753], [-70.532852, -33.392588], [-70.532554, -33.392513], [-70.532383, -33.392466], [-70.532095, -33.392394], [-70.531824, -33.39232], [-70.531666, -33.39227], [-70.531281, -33.392122], [-70.530132, -33.391655], [-70.530081, -33.391636], [-70.529745, -33.3915], [-70.529439, -33.391375], [-70.529074, -33.391228], [-70.528767, -33.3911], [-70.528543, -33.390989], [-70.528406, -33.390913], [-70.528207, -33.390785], [-70.527735, -33.390434], [-70.527602, -33.390333], [-70.527332, -33.390135], [-70.526885, -33.389795], [-70.526769, -33.389716], [-70.526702, -33.389665], [-70.526231, -33.389333], [-70.526037, -33.389193], [-70.52555, -33.38885], [-70.525288, -33.388663], [-70.524065, -33.387805], [-70.523802, -33.387617], [-70.5232, -33.387191], [-70.522883, -33.38697], [-70.522653, -33.386832], [-70.522334, -33.386654], [-70.522242, -33.386608], [-70.521827, -33.386427], [-70.521364, -33.386259], [-70.521309, -33.38624], [-70.521022, -33.38614], [-70.52077, -33.386036], [-70.520586, -33.385962], [-70.520254, -33.385843], [-70.519931, -33.385738], [-70.519769, -33.385681], [-70.519698, -33.38565], [-70.519557, -33.385582], [-70.519302, -33.385401], [-70.519093, -33.385245], [-70.519015, -33.385197], [-70.518923, -33.385146], [-70.518755, -33.385056], [-70.518295, -33.384822], [-70.517934, -33.384635], [-70.51777, -33.384543], [-70.517631, -33.38446], [-70.517548, -33.384405], [-70.517298, -33.38424], [-70.516921, -33.383978], [-70.516788, -33.383878], [-70.516468, -33.383643], [-70.516269, -33.383509], [-70.516185, -33.383461], [-70.515639, -33.383179], [-70.515234, -33.382969], [-70.515046, -33.382868], [-70.514793, -33.382721], [-70.514609, -33.382593], [-70.514027, -33.382177], [-70.513377, -33.381717], [-70.513183, -33.381573], [-70.51293, -33.381387], [-70.512824, -33.381318], [-70.512754, -33.381272], [-70.512628, -33.381208], [-70.512377, -33.381108], [-70.512021, -33.380938], [-70.511937, -33.380895], [-70.511585, -33.380724], [-70.511421, -33.380661], [-70.511194, -33.380751]]]}, "properties": {"Name": "21", "descriptio": "FID_uvecin   <Null>    <br>   U_Vecinal   21    <br>   VECINAL   C-21    <br>   Shape_Leng   9774,342548    <br>   Shape.area   3753701,784938    <br>   Shape.len   9774,342553", "timestamp": "", "begin": "", "end": "", "altitudeMo": "", "tessellate": -1, "extrude": 0, "visibility": -1, "drawOrder": null, "icon": ""}}, {"type": "Feature", "geometry": {"type": "Polygon", "coordinates": [[[-70.480121, -33.364217], [-70.47996, -33.364233], [-70.479817, -33.364261], [-70.479559, -33.364324], [-70.479396, -33.364341], [-70.478987, -33.36432], [-70.478811, -33.364318], [-70.477812, -33.364365], [-70.477684, -33.364362], [-70.477577, -33.364349], [-70.477458, -33.364326], [-70.477235, -33.364266], [-70.477295, -33.36545], [-70.477373, -33.365458], [-70.477378, -33.365459], [-70.47739, -33.36546], [-70.477402, -33.365462], [-70.477424, -33.365467], [-70.477435, -33.365469], [-70.477447, -33.365471], [-70.47746, -33.365471], [-70.477483, -33.365466], [-70.477495, -33.365463], [-70.477518, -33.365452], [-70.477539, -33.36544], [-70.47755, -33.365434], [-70.477573, -33.365423], [-70.477583, -33.365419], [-70.477593, -33.365414], [-70.477619, -33.365406], [-70.477642, -33.365397], [-70.477664, -33.36539], [-70.477673, -33.365386], [-70.477697, -33.36538], [-70.477723, -33.365371], [-70.477735, -33.365366], [-70.47776, -33.365358], [-70.477781, -33.36535], [-70.477805, -33.365342], [-70.477827, -33.365335], [-70.477839, -33.365331], [-70.477853, -33.365327], [-70.477879, -33.365325], [-70.477892, -33.365323], [-70.477916, -33.365324], [-70.477927, -33.365324], [-70.477939, -33.365325], [-70.477952, -33.365324], [-70.477964, -33.365326], [-70.477976, -33.365329], [-70.477987, -33.365333], [-70.478007, -33.365343], [-70.478027, -33.365353], [-70.478037, -33.365358], [-70.478059, -33.365371], [-70.478155, -33.365429], [-70.478248, -33.365476], [-70.478369, -33.365543], [-70.478443, -33.365573], [-70.478499, -33.365585], [-70.478529, -33.365585], [-70.47857, -33.36558], [-70.478638, -33.365556], [-70.478663, -33.365546], [-70.478683, -33.365534], [-70.478694, -33.365529], [-70.478714, -33.365518], [-70.478736, -33.365506], [-70.478756, -33.365494], [-70.478776, -33.365484], [-70.478788, -33.365479], [-70.478798, -33.365475], [-70.478822, -33.36547], [-70.478848, -33.365467], [-70.478871, -33.365464], [-70.478882, -33.365463], [-70.478894, -33.365462], [-70.478916, -33.365467], [-70.478937, -33.365475], [-70.478957, -33.365486], [-70.478967, -33.365492], [-70.478987, -33.365504], [-70.479005, -33.365516], [-70.479023, -33.365529], [-70.479041, -33.365543], [-70.479061, -33.365557], [-70.47908, -33.365571], [-70.479102, -33.365586], [-70.479119, -33.365598], [-70.479137, -33.365611], [-70.479154, -33.365624], [-70.479172, -33.365636], [-70.479191, -33.365649], [-70.479214, -33.365663], [-70.479233, -33.365673], [-70.479254, -33.365683], [-70.479275, -33.365693], [-70.479284, -33.365697], [-70.479296, -33.365701], [-70.479307, -33.365706], [-70.479328, -33.365713], [-70.479339, -33.365718], [-70.479366, -33.365725], [-70.47939, -33.365731], [-70.479413, -33.365736], [-70.479436, -33.365739], [-70.479461, -33.365741], [-70.479487, -33.365744], [-70.479498, -33.365745], [-70.47951, -33.365746], [-70.479522, -33.365744], [-70.479545, -33.365741], [-70.47957, -33.36574], [-70.479594, -33.365737], [-70.479621, -33.365734], [-70.479645, -33.365731], [-70.479658, -33.36573], [-70.479669, -33.365728], [-70.47968, -33.365727], [-70.479703, -33.365724], [-70.479725, -33.365723], [-70.479736, -33.365722], [-70.479759, -33.365725], [-70.47977, -33.365726], [-70.479792, -33.365727], [-70.479803, -33.365728], [-70.479815, -33.365731], [-70.479826, -33.365734], [-70.479837, -33.365736], [-70.479849, -33.365736], [-70.479872, -33.365732], [-70.479883, -33.36573], [-70.479895, -33.365728], [-70.479907, -33.365727], [-70.479918, -33.365728], [-70.479929, -33.365731], [-70.479939, -33.365734], [-70.479955, -33.365745], [-70.479975, -33.365756], [-70.480006, -33.365776], [-70.480014, -33.365782], [-70.480023, -33.365788], [-70.480042, -33.365799], [-70.480051, -33.365806], [-70.480058, -33.365813], [-70.480064, -33.365821], [-70.480068, -33.36583], [-70.480072, -33.365839], [-70.480075, -33.365848], [-70.480078, -33.365866], [-70.480079, -33.365876], [-70.480079, -33.365895], [-70.480078, -33.365905], [-70.480076, -33.365915], [-70.480071, -33.365933], [-70.480064, -33.365952], [-70.480062, -33.365962], [-70.48006, -33.365971], [-70.480056, -33.36598], [-70.480051, -33.365988], [-70.480048, -33.365997], [-70.480046, -33.366007], [-70.480041, -33.366025], [-70.480037, -33.366033], [-70.480028, -33.36605], [-70.480017, -33.366067], [-70.480006, -33.366084], [-70.48, -33.366093], [-70.47999, -33.36611], [-70.479979, -33.366126], [-70.479972, -33.366134], [-70.479965, -33.366141], [-70.479956, -33.366147], [-70.479939, -33.366159], [-70.47992, -33.366171], [-70.479911, -33.366175], [-70.479892, -33.366186], [-70.479876, -33.366199], [-70.479869, -33.366207], [-70.479862, -33.366214], [-70.479848, -33.366228], [-70.479834, -33.366244], [-70.47982, -33.366259], [-70.479806, -33.366274], [-70.479801, -33.366283], [-70.479799, -33.366292], [-70.479791, -33.366311], [-70.479785, -33.366319], [-70.479774, -33.366335], [-70.479769, -33.366343], [-70.479766, -33.366352], [-70.479763, -33.366362], [-70.479756, -33.36638], [-70.47975, -33.366398], [-70.479748, -33.366407], [-70.479744, -33.366417], [-70.479736, -33.366435], [-70.479731, -33.366444], [-70.479721, -33.366461], [-70.47971, -33.366478], [-70.4797, -33.366494], [-70.479689, -33.366511], [-70.479678, -33.366527], [-70.479667, -33.366543], [-70.479655, -33.36656], [-70.479643, -33.366576], [-70.47963, -33.366592], [-70.479618, -33.366607], [-70.479607, -33.366623], [-70.479595, -33.366641], [-70.479584, -33.366657], [-70.479576, -33.366665], [-70.479561, -33.36668], [-70.479547, -33.366695], [-70.479534, -33.366711], [-70.47952, -33.366726], [-70.479506, -33.366742], [-70.479492, -33.366757], [-70.479478, -33.366772], [-70.479463, -33.366787], [-70.479449, -33.366803], [-70.479444, -33.366812], [-70.479435, -33.366829], [-70.479431, -33.366838], [-70.479425, -33.366855], [-70.479417, -33.366874], [-70.479414, -33.366883], [-70.479412, -33.366893], [-70.479411, -33.366903], [-70.479411, -33.366913], [-70.479412, -33.366931], [-70.47941, -33.366941], [-70.479407, -33.36695], [-70.479402, -33.366959], [-70.479396, -33.366977], [-70.479396, -33.366987], [-70.479399, -33.366996], [-70.479404, -33.367004], [-70.479409, -33.367012], [-70.479414, -33.36702], [-70.479417, -33.36703], [-70.479418, -33.367039], [-70.479417, -33.367048], [-70.479416, -33.367057], [-70.479411, -33.36707], [-70.479405, -33.367082], [-70.479394, -33.36709], [-70.479389, -33.367096], [-70.479389, -33.367099], [-70.47939, -33.367102], [-70.479392, -33.367105], [-70.479397, -33.367107], [-70.479405, -33.367108], [-70.479416, -33.36711], [-70.479424, -33.36711], [-70.479436, -33.367113], [-70.479445, -33.367118], [-70.479463, -33.367133], [-70.479482, -33.367147], [-70.479495, -33.367157], [-70.479505, -33.367165], [-70.479515, -33.367171], [-70.479531, -33.367177], [-70.47956, -33.367186], [-70.479573, -33.367191], [-70.479583, -33.367196], [-70.479592, -33.367203], [-70.479609, -33.367215], [-70.479618, -33.36722], [-70.479629, -33.367223], [-70.479639, -33.367227], [-70.479649, -33.367232], [-70.479659, -33.367237], [-70.479668, -33.367243], [-70.479687, -33.367253], [-70.479706, -33.367262], [-70.479726, -33.36727], [-70.479736, -33.367274], [-70.479746, -33.367277], [-70.479768, -33.367284], [-70.479778, -33.367287], [-70.479798, -33.367294], [-70.479819, -33.3673], [-70.479839, -33.367309], [-70.47986, -33.367318], [-70.479869, -33.367323], [-70.479887, -33.367336], [-70.479896, -33.367341], [-70.479906, -33.367346], [-70.479916, -33.36735], [-70.479935, -33.367359], [-70.479946, -33.367364], [-70.479965, -33.367375], [-70.479983, -33.367386], [-70.479991, -33.367393], [-70.480008, -33.367406], [-70.480023, -33.367419], [-70.480038, -33.367434], [-70.480044, -33.367441], [-70.480057, -33.367456], [-70.480071, -33.367472], [-70.480077, -33.367481], [-70.480087, -33.367499], [-70.480096, -33.367517], [-70.4801, -33.367526], [-70.480109, -33.367543], [-70.480119, -33.36756], [-70.480125, -33.367568], [-70.480131, -33.367576], [-70.480136, -33.367584], [-70.480147, -33.3676], [-70.480153, -33.367608], [-70.480167, -33.367624], [-70.480174, -33.367631], [-70.480187, -33.367646], [-70.4802, -33.367661], [-70.480211, -33.367678], [-70.480218, -33.367687], [-70.480229, -33.367704], [-70.480242, -33.36772], [-70.480256, -33.367734], [-70.48027, -33.367749], [-70.480282, -33.367765], [-70.480295, -33.367781], [-70.480303, -33.367787], [-70.480317, -33.367802], [-70.480323, -33.367811], [-70.480335, -33.367827], [-70.480349, -33.36784], [-70.480353, -33.367845], [-70.480356, -33.367849], [-70.48036, -33.367857], [-70.480363, -33.367864], [-70.480366, -33.367872], [-70.480367, -33.367875], [-70.480369, -33.367877], [-70.480371, -33.367878], [-70.480373, -33.367879], [-70.480376, -33.36788], [-70.480378, -33.36788], [-70.480383, -33.36788], [-70.480389, -33.367879], [-70.480398, -33.367878], [-70.480409, -33.367876], [-70.480426, -33.367875], [-70.480439, -33.367874], [-70.480462, -33.367871], [-70.480483, -33.367868], [-70.480506, -33.367864], [-70.480517, -33.367864], [-70.480539, -33.367863], [-70.480562, -33.367862], [-70.480583, -33.367858], [-70.480594, -33.367855], [-70.480616, -33.36785], [-70.480627, -33.367846], [-70.480649, -33.367841], [-70.48066, -33.36784], [-70.480671, -33.367839], [-70.480694, -33.367839], [-70.480704, -33.36784], [-70.480715, -33.367843], [-70.480737, -33.367849], [-70.480748, -33.367851], [-70.48077, -33.367855], [-70.480781, -33.367857], [-70.480803, -33.36786], [-70.480826, -33.367861], [-70.480849, -33.367862], [-70.480871, -33.367865], [-70.480882, -33.367867], [-70.480904, -33.367872], [-70.480915, -33.367874], [-70.480937, -33.367878], [-70.480948, -33.367878], [-70.480959, -33.367879], [-70.480982, -33.367881], [-70.481004, -33.367883], [-70.481027, -33.367885], [-70.48105, -33.367886], [-70.481072, -33.367887], [-70.481095, -33.367888], [-70.48111, -33.367889], [-70.481117, -33.36789], [-70.481123, -33.367891], [-70.481132, -33.367894], [-70.481143, -33.367898], [-70.481154, -33.367902], [-70.481159, -33.367902], [-70.481163, -33.367902], [-70.481165, -33.367902], [-70.481168, -33.3679], [-70.481174, -33.367895], [-70.481189, -33.367881], [-70.48121, -33.367863], [-70.481229, -33.367851], [-70.481247, -33.367841], [-70.481264, -33.36783], [-70.481272, -33.367823], [-70.481279, -33.367816], [-70.481294, -33.367802], [-70.481302, -33.367796], [-70.481319, -33.367783], [-70.481336, -33.367771], [-70.481352, -33.367759], [-70.48137, -33.367746], [-70.481386, -33.367734], [-70.481403, -33.36772], [-70.481412, -33.367714], [-70.48142, -33.367708], [-70.48143, -33.367703], [-70.48145, -33.367695], [-70.481461, -33.367691], [-70.481482, -33.367684], [-70.481502, -33.367678], [-70.481523, -33.367671], [-70.481534, -33.367669], [-70.481556, -33.367664], [-70.481567, -33.367664], [-70.481579, -33.367664], [-70.481601, -33.367665], [-70.481624, -33.367666], [-70.481635, -33.367668], [-70.481658, -33.367673], [-70.481681, -33.367677], [-70.481703, -33.367682], [-70.481725, -33.367689], [-70.481747, -33.367693], [-70.48177, -33.367697], [-70.481781, -33.3677], [-70.481792, -33.367703], [-70.481803, -33.367703], [-70.481814, -33.367703], [-70.481825, -33.367701], [-70.481836, -33.3677], [-70.481848, -33.3677], [-70.481871, -33.367699], [-70.481894, -33.367699], [-70.481917, -33.367699], [-70.481939, -33.3677], [-70.481951, -33.367699], [-70.481961, -33.367696], [-70.481983, -33.36769], [-70.481994, -33.367689], [-70.482005, -33.367688], [-70.482027, -33.367688], [-70.482049, -33.367686], [-70.482061, -33.367682], [-70.482082, -33.367677], [-70.482093, -33.367675], [-70.482105, -33.367674], [-70.482127, -33.367672], [-70.482149, -33.367667], [-70.48216, -33.367664], [-70.482181, -33.367657], [-70.482192, -33.367656], [-70.482203, -33.367655], [-70.482225, -33.367654], [-70.482236, -33.367655], [-70.482247, -33.367655], [-70.48227, -33.367655], [-70.482292, -33.367654], [-70.482315, -33.367653], [-70.482338, -33.367652], [-70.48236, -33.367651], [-70.482382, -33.36765], [-70.482405, -33.36765], [-70.482428, -33.367651], [-70.482439, -33.367653], [-70.482449, -33.367656], [-70.48246, -33.367659], [-70.482481, -33.367666], [-70.482492, -33.36767], [-70.482501, -33.367674], [-70.482511, -33.36768], [-70.48252, -33.367686], [-70.482528, -33.367693], [-70.482536, -33.367699], [-70.482545, -33.367705], [-70.482555, -33.367709], [-70.482575, -33.367719], [-70.482594, -33.367729], [-70.482602, -33.367735], [-70.482618, -33.367748], [-70.482627, -33.367755], [-70.482642, -33.367769], [-70.482657, -33.367783], [-70.482663, -33.367791], [-70.482675, -33.367807], [-70.482687, -33.367825], [-70.482698, -33.367842], [-70.482703, -33.367851], [-70.482706, -33.36786], [-70.482706, -33.367871], [-70.482707, -33.36788], [-70.482712, -33.3679], [-70.482717, -33.367919], [-70.482721, -33.367928], [-70.482729, -33.367947], [-70.482737, -33.367966], [-70.482744, -33.367984], [-70.482748, -33.367993], [-70.482754, -33.368001], [-70.482766, -33.368017], [-70.482774, -33.368024], [-70.482782, -33.368031], [-70.482791, -33.368036], [-70.482809, -33.368048], [-70.482828, -33.368059], [-70.482846, -33.368069], [-70.482866, -33.368081], [-70.482884, -33.368091], [-70.482902, -33.368102], [-70.48292, -33.368114], [-70.482929, -33.368119], [-70.482937, -33.368126], [-70.482944, -33.368133], [-70.482959, -33.368148], [-70.482972, -33.368163], [-70.482983, -33.368179], [-70.482996, -33.368196], [-70.483009, -33.368212], [-70.483019, -33.36823], [-70.483029, -33.368247], [-70.48304, -33.368264], [-70.483052, -33.36828], [-70.483059, -33.368287], [-70.483066, -33.368295], [-70.483081, -33.36831], [-70.483088, -33.368318], [-70.483093, -33.368327], [-70.483098, -33.368336], [-70.483108, -33.368354], [-70.483118, -33.368373], [-70.48312, -33.368383], [-70.483126, -33.368401], [-70.483134, -33.368418], [-70.483143, -33.368436], [-70.483154, -33.368454], [-70.483157, -33.368464], [-70.48316, -33.368473], [-70.483162, -33.368483], [-70.48316, -33.368502], [-70.483158, -33.368519], [-70.483158, -33.368551], [-70.483158, -33.368565], [-70.483159, -33.368568], [-70.48316, -33.368571], [-70.483163, -33.368573], [-70.483165, -33.368574], [-70.483169, -33.368574], [-70.48318, -33.368572], [-70.483206, -33.368566], [-70.48322, -33.36856], [-70.483227, -33.368554], [-70.483231, -33.368551], [-70.483235, -33.368546], [-70.483239, -33.368543], [-70.483242, -33.368541], [-70.483246, -33.36854], [-70.48325, -33.36854], [-70.483259, -33.368541], [-70.483282, -33.368544], [-70.483305, -33.368546], [-70.483328, -33.368545], [-70.483339, -33.368546], [-70.48335, -33.368546], [-70.483362, -33.368545], [-70.483385, -33.368544], [-70.483396, -33.368545], [-70.48342, -33.368545], [-70.483441, -33.368543], [-70.483452, -33.368539], [-70.483462, -33.368535], [-70.483482, -33.368529], [-70.483493, -33.368528], [-70.483505, -33.368528], [-70.483531, -33.368527], [-70.483543, -33.368526], [-70.483561, -33.368524], [-70.483575, -33.36852], [-70.483587, -33.368513], [-70.483597, -33.368506], [-70.483607, -33.368502], [-70.483618, -33.368499], [-70.483629, -33.368498], [-70.483651, -33.368496], [-70.483663, -33.368494], [-70.483674, -33.368491], [-70.483695, -33.368485], [-70.483717, -33.368479], [-70.483738, -33.368473], [-70.483749, -33.368472], [-70.48377, -33.368469], [-70.483794, -33.368465], [-70.483804, -33.368463], [-70.483815, -33.368459], [-70.483824, -33.368454], [-70.483831, -33.368447], [-70.483836, -33.368438], [-70.483837, -33.368429], [-70.483845, -33.368423], [-70.483854, -33.368417], [-70.483871, -33.368405], [-70.483877, -33.368397], [-70.483882, -33.368389], [-70.483885, -33.36838], [-70.48389, -33.368372], [-70.483901, -33.368353], [-70.483911, -33.368336], [-70.483924, -33.36832], [-70.483932, -33.368314], [-70.483941, -33.368308], [-70.483951, -33.368302], [-70.48397, -33.368293], [-70.483981, -33.36829], [-70.483991, -33.368287], [-70.484002, -33.368284], [-70.484009, -33.368277], [-70.484017, -33.36827], [-70.484025, -33.368265], [-70.484036, -33.368261], [-70.484047, -33.368258], [-70.484069, -33.368254], [-70.48408, -33.368253], [-70.484103, -33.368251], [-70.484113, -33.368248], [-70.484123, -33.368245], [-70.484145, -33.368237], [-70.484165, -33.368229], [-70.484186, -33.368221], [-70.484207, -33.368212], [-70.484216, -33.368206], [-70.484234, -33.368195], [-70.484243, -33.368189], [-70.484252, -33.368183], [-70.484262, -33.368179], [-70.484272, -33.368175], [-70.484293, -33.368168], [-70.484304, -33.368164], [-70.484313, -33.368159], [-70.484322, -33.368154], [-70.484332, -33.368149], [-70.484343, -33.368145], [-70.484363, -33.368137], [-70.484374, -33.368134], [-70.484385, -33.368133], [-70.484396, -33.368133], [-70.484418, -33.368133], [-70.484427, -33.368127], [-70.484435, -33.368119], [-70.48444, -33.368111], [-70.484442, -33.368101], [-70.484458, -33.36808], [-70.484493, -33.368056], [-70.484512, -33.368045], [-70.48452, -33.368039], [-70.484537, -33.368026], [-70.484543, -33.368018], [-70.484546, -33.368009], [-70.484547, -33.367999], [-70.484549, -33.36799], [-70.484548, -33.36798], [-70.48454, -33.367973], [-70.484534, -33.367965], [-70.484525, -33.367959], [-70.484511, -33.367943], [-70.484506, -33.367935], [-70.484503, -33.367926], [-70.484502, -33.367917], [-70.484498, -33.367898], [-70.484493, -33.367878], [-70.484485, -33.36786], [-70.484478, -33.367852], [-70.484471, -33.367844], [-70.484465, -33.367836], [-70.484462, -33.367826], [-70.48446, -33.367817], [-70.484453, -33.367798], [-70.484443, -33.367779], [-70.484437, -33.367761], [-70.484435, -33.36775], [-70.484433, -33.36773], [-70.484434, -33.36772], [-70.484436, -33.367701], [-70.484438, -33.367682], [-70.484441, -33.367671], [-70.484445, -33.367662], [-70.484449, -33.367654], [-70.48446, -33.367637], [-70.484473, -33.36762], [-70.484476, -33.367611], [-70.484481, -33.367603], [-70.484485, -33.367593], [-70.484494, -33.367572], [-70.484496, -33.367563], [-70.484504, -33.367542], [-70.484508, -33.367531], [-70.484509, -33.367522], [-70.484511, -33.367503], [-70.484513, -33.367493], [-70.484516, -33.367473], [-70.484515, -33.367463], [-70.484514, -33.367443], [-70.484514, -33.367422], [-70.484516, -33.367402], [-70.484518, -33.367392], [-70.484522, -33.367374], [-70.484526, -33.367354], [-70.484532, -33.367334], [-70.484534, -33.367325], [-70.484536, -33.367315], [-70.484536, -33.367305], [-70.484536, -33.367295], [-70.484537, -33.367284], [-70.48454, -33.367264], [-70.484541, -33.367244], [-70.484542, -33.367234], [-70.484544, -33.367213], [-70.484544, -33.367204], [-70.484544, -33.367183], [-70.484543, -33.367174], [-70.484541, -33.367164], [-70.484539, -33.367155], [-70.484534, -33.367137], [-70.484532, -33.367126], [-70.484529, -33.367106], [-70.484526, -33.367087], [-70.484523, -33.367067], [-70.484522, -33.367046], [-70.484523, -33.367026], [-70.484525, -33.367017], [-70.48453, -33.366999], [-70.484532, -33.366989], [-70.484535, -33.366969], [-70.484535, -33.366949], [-70.484533, -33.366939], [-70.484532, -33.366929], [-70.484531, -33.36692], [-70.484531, -33.36691], [-70.48453, -33.366889], [-70.48453, -33.36687], [-70.484531, -33.366851], [-70.484533, -33.366841], [-70.484538, -33.366824], [-70.484541, -33.366814], [-70.484546, -33.366806], [-70.484554, -33.366799], [-70.484563, -33.366795], [-70.484574, -33.366795], [-70.484586, -33.366796], [-70.484597, -33.366797], [-70.484619, -33.366799], [-70.48463, -33.366801], [-70.48464, -33.366805], [-70.48465, -33.366809], [-70.484669, -33.366818], [-70.484689, -33.366827], [-70.484698, -33.366832], [-70.484708, -33.366839], [-70.484724, -33.366851], [-70.484733, -33.366858], [-70.484742, -33.366863], [-70.484761, -33.366873], [-70.48477, -33.366879], [-70.484788, -33.366889], [-70.484797, -33.366896], [-70.484806, -33.366903], [-70.484821, -33.366917], [-70.484828, -33.366925], [-70.484835, -33.366933], [-70.484851, -33.366948], [-70.484858, -33.366956], [-70.484866, -33.366964], [-70.484881, -33.366977], [-70.484898, -33.366992], [-70.484912, -33.367006], [-70.484926, -33.367021], [-70.484939, -33.367037], [-70.484945, -33.367045], [-70.48495, -33.367054], [-70.484955, -33.367062], [-70.48497, -33.367079], [-70.484978, -33.367085], [-70.484995, -33.3671], [-70.48501, -33.367114], [-70.485022, -33.367131], [-70.485027, -33.367141], [-70.485036, -33.367159], [-70.485045, -33.367177], [-70.485053, -33.367195], [-70.485062, -33.367212], [-70.485065, -33.367222], [-70.485071, -33.36724], [-70.485075, -33.367249], [-70.485083, -33.367267], [-70.485088, -33.367276], [-70.485098, -33.367293], [-70.485104, -33.367301], [-70.485115, -33.367319], [-70.485119, -33.367329], [-70.48512, -33.367338], [-70.485122, -33.367348], [-70.485125, -33.367358], [-70.485131, -33.367368], [-70.485144, -33.367385], [-70.48515, -33.367393], [-70.485156, -33.367401], [-70.485158, -33.367411], [-70.485162, -33.367421], [-70.485169, -33.367429], [-70.48518, -33.367447], [-70.485189, -33.367465], [-70.485194, -33.367474], [-70.4852, -33.367482], [-70.485213, -33.367499], [-70.485226, -33.367516], [-70.485234, -33.367523], [-70.485248, -33.367537], [-70.485256, -33.367545], [-70.485274, -33.367558], [-70.485292, -33.367572], [-70.485301, -33.367577], [-70.48532, -33.367589], [-70.485339, -33.367602], [-70.485358, -33.367615], [-70.485376, -33.367627], [-70.485384, -33.367633], [-70.485401, -33.367646], [-70.485418, -33.367659], [-70.485437, -33.367671], [-70.485446, -33.367676], [-70.485466, -33.367687], [-70.485475, -33.367693], [-70.485491, -33.367707], [-70.485499, -33.367714], [-70.485525, -33.367733], [-70.48554, -33.367747], [-70.485547, -33.367756], [-70.485558, -33.367771], [-70.485565, -33.367779], [-70.485581, -33.367794], [-70.485597, -33.367808], [-70.485605, -33.367815], [-70.485612, -33.367822], [-70.485618, -33.367829], [-70.485623, -33.367838], [-70.485636, -33.367856], [-70.485648, -33.367873], [-70.48566, -33.36789], [-70.485674, -33.367906], [-70.485688, -33.36792], [-70.485702, -33.367936], [-70.485715, -33.367952], [-70.485724, -33.367959], [-70.485732, -33.367967], [-70.485747, -33.367982], [-70.485761, -33.367998], [-70.485767, -33.368007], [-70.485778, -33.368024], [-70.485781, -33.368034], [-70.485785, -33.368043], [-70.485793, -33.368061], [-70.485801, -33.368078], [-70.485806, -33.368087], [-70.48581, -33.368096], [-70.485813, -33.368106], [-70.485818, -33.368124], [-70.485822, -33.368142], [-70.485823, -33.368161], [-70.485824, -33.368181], [-70.485824, -33.368201], [-70.485825, -33.368211], [-70.485825, -33.36822], [-70.485825, -33.368238], [-70.485823, -33.368257], [-70.485823, -33.368267], [-70.485824, -33.368276], [-70.485825, -33.368297], [-70.485826, -33.368306], [-70.485828, -33.368326], [-70.485829, -33.368345], [-70.485831, -33.368354], [-70.485834, -33.368363], [-70.485835, -33.368373], [-70.485838, -33.368392], [-70.485841, -33.3684], [-70.485848, -33.368408], [-70.485856, -33.368415], [-70.485863, -33.368422], [-70.485879, -33.368435], [-70.485887, -33.368441], [-70.485894, -33.368449], [-70.485901, -33.368457], [-70.485908, -33.368464], [-70.485916, -33.368472], [-70.485934, -33.368484], [-70.485944, -33.368488], [-70.485955, -33.36849], [-70.485966, -33.368492], [-70.485989, -33.368495], [-70.486, -33.368498], [-70.486011, -33.368502], [-70.48602, -33.368507], [-70.486031, -33.36851], [-70.486043, -33.368513], [-70.486066, -33.368518], [-70.486077, -33.368519], [-70.486088, -33.368521], [-70.486099, -33.368525], [-70.486108, -33.36853], [-70.486127, -33.368542], [-70.486138, -33.368546], [-70.486159, -33.368555], [-70.486169, -33.368557], [-70.486191, -33.368563], [-70.486203, -33.368565], [-70.486214, -33.368564], [-70.486225, -33.368561], [-70.486234, -33.368557], [-70.486243, -33.368551], [-70.486252, -33.368545], [-70.486261, -33.36854], [-70.486271, -33.368536], [-70.486292, -33.368529], [-70.486313, -33.368523], [-70.48632, -33.368515], [-70.48633, -33.368512], [-70.486342, -33.368509], [-70.486354, -33.368507], [-70.486365, -33.368507], [-70.486376, -33.368507], [-70.486399, -33.368508], [-70.486423, -33.368509], [-70.486446, -33.368508], [-70.486457, -33.368509], [-70.486468, -33.368509], [-70.48649, -33.368512], [-70.486502, -33.368513], [-70.486513, -33.368515], [-70.486537, -33.368518], [-70.486548, -33.368519], [-70.486561, -33.368522], [-70.486572, -33.368525], [-70.486582, -33.368529], [-70.486594, -33.368532], [-70.486616, -33.368536], [-70.486639, -33.368539], [-70.486662, -33.368542], [-70.486674, -33.368541], [-70.486684, -33.368539], [-70.486693, -33.368534], [-70.486699, -33.368525], [-70.486705, -33.368518], [-70.486711, -33.368509], [-70.486714, -33.3685], [-70.486717, -33.36849], [-70.486718, -33.368481], [-70.486719, -33.368472], [-70.486721, -33.368461], [-70.486724, -33.368451], [-70.48673, -33.368433], [-70.486734, -33.368423], [-70.486743, -33.368405], [-70.486755, -33.368389], [-70.486762, -33.368381], [-70.48677, -33.368374], [-70.486779, -33.368369], [-70.486787, -33.368362], [-70.486796, -33.368356], [-70.486814, -33.368343], [-70.486832, -33.368329], [-70.486841, -33.368323], [-70.486859, -33.368311], [-70.486868, -33.368305], [-70.486878, -33.3683], [-70.486887, -33.368296], [-70.486899, -33.368294], [-70.48691, -33.36829], [-70.486919, -33.368286], [-70.486928, -33.368281], [-70.486968, -33.368259], [-70.486987, -33.368249], [-70.487006, -33.368241], [-70.487016, -33.368237], [-70.487027, -33.368231], [-70.487046, -33.36822], [-70.487065, -33.368209], [-70.487084, -33.368195], [-70.487104, -33.368181], [-70.487138, -33.368152], [-70.487155, -33.368138], [-70.487174, -33.368124], [-70.487193, -33.36811], [-70.487211, -33.368095], [-70.487227, -33.368082], [-70.487235, -33.368075], [-70.487243, -33.368068], [-70.48726, -33.368052], [-70.487269, -33.368045], [-70.487279, -33.36804], [-70.487289, -33.368036], [-70.4873, -33.368032], [-70.487311, -33.368028], [-70.487334, -33.368024], [-70.487358, -33.368022], [-70.487382, -33.368021], [-70.487405, -33.368022], [-70.487416, -33.368024], [-70.487427, -33.368027], [-70.487437, -33.36803], [-70.487459, -33.368034], [-70.487482, -33.368038], [-70.487505, -33.368042], [-70.487527, -33.36805], [-70.487537, -33.368055], [-70.487548, -33.368058], [-70.48757, -33.368063], [-70.487582, -33.368064], [-70.487595, -33.368065], [-70.487618, -33.368065], [-70.487641, -33.368068], [-70.487664, -33.368072], [-70.487675, -33.368076], [-70.487697, -33.368081], [-70.487719, -33.368086], [-70.487741, -33.36809], [-70.487753, -33.368094], [-70.487763, -33.368096], [-70.487776, -33.368098], [-70.487798, -33.368102], [-70.48782, -33.368104], [-70.487831, -33.368104], [-70.487854, -33.368103], [-70.487866, -33.368104], [-70.487888, -33.368109], [-70.487898, -33.368112], [-70.487909, -33.368115], [-70.487921, -33.368117], [-70.487945, -33.368118], [-70.487968, -33.368119], [-70.487992, -33.368119], [-70.488015, -33.36812], [-70.488026, -33.36812], [-70.488037, -33.368117], [-70.488046, -33.368112], [-70.488065, -33.368099], [-70.488083, -33.368086], [-70.4881, -33.368073], [-70.488117, -33.368059], [-70.488133, -33.368046], [-70.488149, -33.36803], [-70.488163, -33.368015], [-70.488178, -33.368], [-70.488193, -33.367985], [-70.4882, -33.367978], [-70.488214, -33.367963], [-70.488228, -33.367947], [-70.488241, -33.367931], [-70.488246, -33.367922], [-70.488257, -33.367904], [-70.488261, -33.367896], [-70.488264, -33.367886], [-70.48827, -33.367868], [-70.488277, -33.36785], [-70.488284, -33.367831], [-70.488288, -33.367822], [-70.488293, -33.367823], [-70.488298, -33.367825], [-70.488303, -33.367825], [-70.488312, -33.367821], [-70.488317, -33.367812], [-70.488326, -33.367795], [-70.488337, -33.367777], [-70.488347, -33.367761], [-70.488357, -33.367745], [-70.488363, -33.367737], [-70.48837, -33.36773], [-70.488385, -33.367716], [-70.488393, -33.36771], [-70.488402, -33.367704], [-70.488412, -33.367699], [-70.488421, -33.367694], [-70.488432, -33.367691], [-70.488442, -33.367691], [-70.488464, -33.367693], [-70.488474, -33.367696], [-70.488485, -33.367698], [-70.488497, -33.367699], [-70.488508, -33.367699], [-70.488519, -33.3677], [-70.48853, -33.367702], [-70.488539, -33.367708], [-70.488547, -33.367714], [-70.488557, -33.367719], [-70.488566, -33.367725], [-70.488575, -33.367729], [-70.488586, -33.367732], [-70.488597, -33.367737], [-70.488606, -33.367743], [-70.488617, -33.367748], [-70.488637, -33.367757], [-70.488648, -33.36776], [-70.488669, -33.367767], [-70.488679, -33.367772], [-70.488699, -33.367779], [-70.488721, -33.367786], [-70.488731, -33.36779], [-70.488741, -33.367793], [-70.488751, -33.367797], [-70.488761, -33.367802], [-70.48878, -33.36781], [-70.488791, -33.367814], [-70.488803, -33.367815], [-70.488813, -33.367813], [-70.488825, -33.367809], [-70.488836, -33.367808], [-70.488846, -33.36781], [-70.488857, -33.36781], [-70.488868, -33.367808], [-70.488879, -33.367805], [-70.48889, -33.367802], [-70.488899, -33.367798], [-70.488921, -33.36779], [-70.488932, -33.367786], [-70.488986, -33.36777], [-70.489053, -33.367754], [-70.489116, -33.367736], [-70.48913, -33.367729], [-70.489137, -33.367725], [-70.489147, -33.367719], [-70.489158, -33.367715], [-70.489169, -33.367712], [-70.489179, -33.367709], [-70.48919, -33.367708], [-70.489224, -33.367703], [-70.489236, -33.3677], [-70.489246, -33.367694], [-70.489265, -33.367684], [-70.489274, -33.367677], [-70.489291, -33.367664], [-70.489299, -33.367657], [-70.489307, -33.367649], [-70.489317, -33.367644], [-70.489335, -33.367633], [-70.489344, -33.367628], [-70.489365, -33.36762], [-70.489386, -33.367611], [-70.489408, -33.367603], [-70.489417, -33.367598], [-70.489437, -33.367586], [-70.489456, -33.367575], [-70.489476, -33.367565], [-70.489487, -33.367561], [-70.489498, -33.367558], [-70.489519, -33.367553], [-70.489541, -33.367546], [-70.489564, -33.367542], [-70.489575, -33.367539], [-70.489597, -33.367536], [-70.489608, -33.367536], [-70.48962, -33.367535], [-70.489642, -33.367533], [-70.489653, -33.367531], [-70.489664, -33.367527], [-70.489674, -33.367521], [-70.489693, -33.367511], [-70.489713, -33.367501], [-70.489732, -33.367491], [-70.489753, -33.36748], [-70.489773, -33.36747], [-70.489784, -33.367466], [-70.489806, -33.367458], [-70.489826, -33.367448], [-70.489847, -33.36744], [-70.489856, -33.367435], [-70.489866, -33.367431], [-70.489877, -33.367427], [-70.489887, -33.367424], [-70.489898, -33.367421], [-70.48991, -33.36742], [-70.489933, -33.367418], [-70.489957, -33.367415], [-70.489968, -33.367413], [-70.48998, -33.367412], [-70.489991, -33.367412], [-70.490013, -33.367411], [-70.490035, -33.367409], [-70.490051, -33.367408], [-70.490055, -33.36741], [-70.490057, -33.367413], [-70.490057, -33.367416], [-70.490056, -33.367419], [-70.490054, -33.367421], [-70.490054, -33.367425], [-70.490059, -33.367434], [-70.490069, -33.367452], [-70.490071, -33.367458], [-70.490079, -33.367462], [-70.49009, -33.367464], [-70.4901, -33.367465], [-70.490112, -33.367464], [-70.490123, -33.367462], [-70.490146, -33.36746], [-70.490158, -33.367458], [-70.490181, -33.367455], [-70.490192, -33.367452], [-70.490214, -33.367446], [-70.490224, -33.367441], [-70.490234, -33.367436], [-70.490243, -33.367431], [-70.490251, -33.367425], [-70.49026, -33.367417], [-70.490268, -33.367411], [-70.490286, -33.367399], [-70.490295, -33.367394], [-70.490305, -33.367389], [-70.490316, -33.367385], [-70.490325, -33.36738], [-70.490334, -33.367375], [-70.490354, -33.367363], [-70.490364, -33.36736], [-70.490374, -33.367356], [-70.490384, -33.36735], [-70.490392, -33.367344], [-70.4904, -33.367337], [-70.490408, -33.36733], [-70.490426, -33.367318], [-70.490445, -33.367306], [-70.490463, -33.367294], [-70.490482, -33.367282], [-70.490492, -33.367278], [-70.490502, -33.367273], [-70.490513, -33.367272], [-70.490536, -33.367269], [-70.490558, -33.367267], [-70.49057, -33.367267], [-70.490582, -33.367269], [-70.490593, -33.367271], [-70.490616, -33.367271], [-70.490639, -33.36727], [-70.490651, -33.36727], [-70.490674, -33.367271], [-70.490685, -33.367272], [-70.490708, -33.367276], [-70.490731, -33.36728], [-70.490755, -33.367283], [-70.490778, -33.367287], [-70.490789, -33.367291], [-70.49081, -33.367299], [-70.490828, -33.367309], [-70.490835, -33.367317], [-70.490838, -33.367326], [-70.490836, -33.367335], [-70.49083, -33.367343], [-70.490818, -33.367359], [-70.490811, -33.367366], [-70.490801, -33.36737], [-70.49079, -33.367374], [-70.490779, -33.367376], [-70.490768, -33.367378], [-70.490744, -33.367383], [-70.490721, -33.367387], [-70.49071, -33.367389], [-70.4907, -33.367393], [-70.490688, -33.367395], [-70.490677, -33.367395], [-70.490653, -33.367398], [-70.490643, -33.367401], [-70.490632, -33.367405], [-70.49061, -33.367413], [-70.490588, -33.367419], [-70.490566, -33.367423], [-70.490555, -33.367426], [-70.490545, -33.36743], [-70.490535, -33.367434], [-70.490516, -33.367445], [-70.490508, -33.367452], [-70.490491, -33.367465], [-70.490474, -33.367477], [-70.490456, -33.367488], [-70.490438, -33.3675], [-70.49043, -33.367507], [-70.490423, -33.367515], [-70.490419, -33.367523], [-70.490415, -33.367532], [-70.490409, -33.36754], [-70.490405, -33.367549], [-70.490402, -33.367558], [-70.490394, -33.367575], [-70.490389, -33.367583], [-70.490383, -33.367591], [-70.490375, -33.367599], [-70.490361, -33.367614], [-70.490345, -33.367628], [-70.490338, -33.367635], [-70.49033, -33.367642], [-70.49032, -33.367649], [-70.490302, -33.367661], [-70.490292, -33.367667], [-70.490273, -33.367678], [-70.490254, -33.367686], [-70.490233, -33.367695], [-70.490211, -33.367702], [-70.490189, -33.367709], [-70.490166, -33.367716], [-70.490156, -33.367721], [-70.490155, -33.367722], [-70.490155, -33.367725], [-70.490154, -33.36773], [-70.490145, -33.367737], [-70.490136, -33.367741], [-70.490125, -33.367744], [-70.490114, -33.367745], [-70.490103, -33.367747], [-70.490092, -33.367751], [-70.490069, -33.367757], [-70.490059, -33.367762], [-70.490051, -33.367767], [-70.490032, -33.367779], [-70.490023, -33.367786], [-70.490015, -33.367794], [-70.490001, -33.367809], [-70.489986, -33.367825], [-70.489973, -33.36784], [-70.489968, -33.367849], [-70.489963, -33.367857], [-70.489953, -33.367875], [-70.489947, -33.367883], [-70.489941, -33.367891], [-70.489934, -33.367899], [-70.489928, -33.367908], [-70.489925, -33.367917], [-70.489917, -33.367935], [-70.48991, -33.367952], [-70.489902, -33.367971], [-70.489899, -33.367984], [-70.489897, -33.367994], [-70.489895, -33.368002], [-70.489887, -33.36802], [-70.489876, -33.368039], [-70.489865, -33.368057], [-70.489857, -33.368066], [-70.489842, -33.368082], [-70.489826, -33.368097], [-70.489811, -33.368114], [-70.489797, -33.368129], [-70.48979, -33.368139], [-70.489776, -33.368157], [-70.489761, -33.368175], [-70.489719, -33.368224], [-70.489686, -33.368267], [-70.489665, -33.368298], [-70.489657, -33.368312], [-70.489655, -33.368318], [-70.489654, -33.368323], [-70.489654, -33.368327], [-70.489654, -33.368333], [-70.489656, -33.368339], [-70.489661, -33.368351], [-70.489671, -33.368368], [-70.489681, -33.368389], [-70.489685, -33.368399], [-70.489688, -33.36841], [-70.489691, -33.368422], [-70.489692, -33.368432], [-70.489692, -33.368442], [-70.48969, -33.368452], [-70.489685, -33.368471], [-70.489679, -33.36849], [-70.489676, -33.368501], [-70.489675, -33.36851], [-70.489677, -33.368519], [-70.489682, -33.368527], [-70.489697, -33.368542], [-70.489713, -33.368556], [-70.489729, -33.368571], [-70.489737, -33.368578], [-70.489752, -33.368591], [-70.489767, -33.368607], [-70.489779, -33.368624], [-70.489789, -33.368641], [-70.489798, -33.36866], [-70.489809, -33.368679], [-70.489819, -33.368697], [-70.489828, -33.368715], [-70.489834, -33.368724], [-70.489846, -33.368742], [-70.489853, -33.36875], [-70.489862, -33.368759], [-70.48987, -33.368767], [-70.489878, -33.368773], [-70.489888, -33.36878], [-70.489909, -33.368788], [-70.489932, -33.368795], [-70.489943, -33.368798], [-70.489953, -33.368803], [-70.489962, -33.368808], [-70.48998, -33.368822], [-70.489988, -33.368829], [-70.489996, -33.368838], [-70.490003, -33.368847], [-70.490008, -33.368855], [-70.490013, -33.368865], [-70.490016, -33.368875], [-70.490018, -33.368886], [-70.490018, -33.368896], [-70.490016, -33.368905], [-70.490012, -33.368915], [-70.490007, -33.368924], [-70.490001, -33.368933], [-70.489992, -33.36894], [-70.489982, -33.368946], [-70.489972, -33.36895], [-70.489961, -33.368954], [-70.489937, -33.368958], [-70.489914, -33.368963], [-70.489902, -33.368966], [-70.489891, -33.368969], [-70.489881, -33.368974], [-70.489863, -33.368986], [-70.489855, -33.368992], [-70.489838, -33.369005], [-70.48982, -33.369019], [-70.48981, -33.369026], [-70.489793, -33.369038], [-70.489773, -33.369054], [-70.489758, -33.369069], [-70.489743, -33.369085], [-70.489727, -33.369101], [-70.489713, -33.369117], [-70.489698, -33.369133], [-70.489683, -33.369149], [-70.489676, -33.369156], [-70.489668, -33.369162], [-70.489658, -33.369169], [-70.489635, -33.369178], [-70.489623, -33.369182], [-70.489612, -33.369188], [-70.489594, -33.369201], [-70.489585, -33.369209], [-70.489571, -33.369224], [-70.489557, -33.36924], [-70.489548, -33.369248], [-70.48954, -33.369254], [-70.48953, -33.369262], [-70.489509, -33.369274], [-70.48949, -33.369285], [-70.489471, -33.369295], [-70.489452, -33.369306], [-70.489431, -33.369317], [-70.489411, -33.369327], [-70.489389, -33.369335], [-70.489378, -33.36934], [-70.489357, -33.369353], [-70.489347, -33.36936], [-70.489337, -33.369365], [-70.489316, -33.369377], [-70.489295, -33.36939], [-70.489274, -33.369403], [-70.489236, -33.369431], [-70.489228, -33.369437], [-70.489209, -33.369449], [-70.489189, -33.369461], [-70.489169, -33.369472], [-70.489159, -33.369478], [-70.48915, -33.369484], [-70.489133, -33.369496], [-70.489115, -33.369509], [-70.489097, -33.369522], [-70.489086, -33.369528], [-70.489064, -33.369538], [-70.489045, -33.369547], [-70.489034, -33.369552], [-70.489023, -33.369555], [-70.489011, -33.369556], [-70.489, -33.369556], [-70.488977, -33.369555], [-70.488966, -33.369554], [-70.488954, -33.369554], [-70.488942, -33.369556], [-70.488931, -33.36956], [-70.488921, -33.369564], [-70.488911, -33.369569], [-70.488904, -33.369576], [-70.488897, -33.369584], [-70.488892, -33.369593], [-70.488889, -33.369602], [-70.488887, -33.369613], [-70.488885, -33.369634], [-70.488887, -33.369654], [-70.488889, -33.369665], [-70.488892, -33.369684], [-70.488893, -33.369706], [-70.488894, -33.369716], [-70.488892, -33.369725], [-70.488887, -33.369735], [-70.488881, -33.369743], [-70.488874, -33.36975], [-70.488864, -33.369756], [-70.488854, -33.36976], [-70.488844, -33.369764], [-70.488821, -33.36977], [-70.488811, -33.369773], [-70.488799, -33.369775], [-70.488773, -33.369775], [-70.488759, -33.369775], [-70.488737, -33.36977], [-70.488715, -33.369764], [-70.488695, -33.369758], [-70.488673, -33.369752], [-70.48865, -33.369745], [-70.488627, -33.36974], [-70.488609, -33.369736], [-70.488577, -33.369735], [-70.488566, -33.369735], [-70.488552, -33.369735], [-70.488548, -33.369736], [-70.488544, -33.369738], [-70.488541, -33.36974], [-70.488537, -33.369748], [-70.48853, -33.369765], [-70.488528, -33.369772], [-70.488517, -33.369786], [-70.488508, -33.369792], [-70.488503, -33.369794], [-70.488497, -33.369796], [-70.488486, -33.369799], [-70.488475, -33.369802], [-70.488468, -33.369803], [-70.488466, -33.369805], [-70.488466, -33.369806], [-70.488465, -33.369808], [-70.488465, -33.369809], [-70.488467, -33.369813], [-70.488472, -33.369819], [-70.488479, -33.369827], [-70.488484, -33.369841], [-70.488485, -33.369851], [-70.488482, -33.36987], [-70.488477, -33.369889], [-70.488473, -33.369896], [-70.488471, -33.369903], [-70.488461, -33.369927], [-70.488452, -33.369942], [-70.488442, -33.369956], [-70.488442, -33.369959], [-70.488446, -33.369963], [-70.488459, -33.369972], [-70.48849, -33.369985], [-70.488502, -33.369993], [-70.488519, -33.370006], [-70.488526, -33.370014], [-70.488531, -33.370022], [-70.488531, -33.370032], [-70.488527, -33.370051], [-70.488525, -33.370061], [-70.488522, -33.37007], [-70.488517, -33.370079], [-70.488512, -33.370087], [-70.488504, -33.370096], [-70.488498, -33.370104], [-70.488488, -33.370122], [-70.488477, -33.370142], [-70.488468, -33.370159], [-70.488457, -33.370178], [-70.488453, -33.370187], [-70.48845, -33.370193], [-70.488445, -33.370206], [-70.488443, -33.370214], [-70.488443, -33.370217], [-70.488444, -33.370219], [-70.488446, -33.370221], [-70.488449, -33.370222], [-70.488458, -33.370225], [-70.488468, -33.370228], [-70.488485, -33.370229], [-70.488501, -33.37023], [-70.488519, -33.37023], [-70.488542, -33.37023], [-70.488567, -33.370231], [-70.48859, -33.370231], [-70.488616, -33.370231], [-70.488643, -33.370231], [-70.488655, -33.370231], [-70.488668, -33.370233], [-70.48869, -33.370237], [-70.488702, -33.37024], [-70.488725, -33.37024], [-70.488737, -33.370239], [-70.488762, -33.370236], [-70.488774, -33.370235], [-70.488785, -33.370235], [-70.488799, -33.370236], [-70.488822, -33.370244], [-70.488832, -33.370248], [-70.488852, -33.370259], [-70.488862, -33.370265], [-70.48887, -33.370273], [-70.488876, -33.37028], [-70.488884, -33.370298], [-70.488886, -33.370308], [-70.48889, -33.370327], [-70.488891, -33.370347], [-70.488891, -33.370366], [-70.48889, -33.370385], [-70.488889, -33.370407], [-70.488888, -33.370432], [-70.488888, -33.370457], [-70.488889, -33.370482], [-70.488889, -33.370526], [-70.488889, -33.370547], [-70.48889, -33.370568], [-70.48889, -33.370587], [-70.488889, -33.370597], [-70.488887, -33.370617], [-70.488887, -33.370636], [-70.488887, -33.370657], [-70.488887, -33.370678], [-70.488887, -33.370698], [-70.488885, -33.370718], [-70.48888, -33.370737], [-70.488874, -33.370758], [-70.488867, -33.370777], [-70.488859, -33.370798], [-70.488855, -33.370807], [-70.488851, -33.370827], [-70.488847, -33.370847], [-70.48884, -33.370865], [-70.488835, -33.370882], [-70.488823, -33.370898], [-70.488809, -33.370912], [-70.488792, -33.370926], [-70.488775, -33.370941], [-70.488762, -33.370958], [-70.48875, -33.370976], [-70.48874, -33.370995], [-70.488734, -33.371014], [-70.488725, -33.371032], [-70.488716, -33.37105], [-70.488708, -33.371072], [-70.4887, -33.371092], [-70.48869, -33.37111], [-70.488671, -33.371122], [-70.488655, -33.371135], [-70.488635, -33.371149], [-70.488615, -33.371162], [-70.488597, -33.371174], [-70.488577, -33.371186], [-70.488557, -33.371196], [-70.488535, -33.371205], [-70.488514, -33.371212], [-70.488487, -33.371231], [-70.488483, -33.371242], [-70.488484, -33.371247], [-70.488492, -33.371254], [-70.488504, -33.371259], [-70.488556, -33.371263], [-70.488579, -33.371267], [-70.488607, -33.371273], [-70.488632, -33.371278], [-70.488656, -33.371281], [-70.48868, -33.371285], [-70.488704, -33.371289], [-70.48873, -33.371294], [-70.488752, -33.371297], [-70.488781, -33.371303], [-70.488807, -33.371307], [-70.488832, -33.371309], [-70.488858, -33.37131], [-70.488882, -33.371307], [-70.488905, -33.371306], [-70.488929, -33.371306], [-70.488952, -33.371309], [-70.488976, -33.371316], [-70.488996, -33.371328], [-70.489012, -33.371342], [-70.489034, -33.371362], [-70.489053, -33.371382], [-70.489074, -33.371405], [-70.489093, -33.371423], [-70.48911, -33.371438], [-70.489129, -33.371451], [-70.489149, -33.371465], [-70.489166, -33.371481], [-70.489183, -33.371498], [-70.489199, -33.371516], [-70.489216, -33.371529], [-70.489235, -33.371545], [-70.489253, -33.371555], [-70.489274, -33.371568], [-70.489292, -33.37158], [-70.489312, -33.371593], [-70.48933, -33.371606], [-70.489349, -33.37162], [-70.489368, -33.371631], [-70.489387, -33.371641], [-70.489409, -33.37165], [-70.489427, -33.371661], [-70.489446, -33.371674], [-70.489467, -33.371685], [-70.489487, -33.371699], [-70.489505, -33.371711], [-70.489521, -33.371723], [-70.489539, -33.371734], [-70.489559, -33.371744], [-70.489586, -33.371758], [-70.489606, -33.371767], [-70.489631, -33.371776], [-70.489653, -33.371784], [-70.489677, -33.37179], [-70.489704, -33.371798], [-70.489732, -33.371804], [-70.489758, -33.37181], [-70.489782, -33.371815], [-70.48981, -33.371822], [-70.489835, -33.371827], [-70.489859, -33.371832], [-70.489885, -33.371836], [-70.489908, -33.371841], [-70.489931, -33.371846], [-70.489955, -33.371852], [-70.489975, -33.371859], [-70.489998, -33.37186], [-70.490021, -33.371863], [-70.490042, -33.371869], [-70.490062, -33.371878], [-70.490071, -33.371889], [-70.490073, -33.371891], [-70.490071, -33.37191], [-70.490056, -33.371923], [-70.489992, -33.371937], [-70.489969, -33.371938], [-70.489943, -33.371941], [-70.489918, -33.371946], [-70.489894, -33.371953], [-70.489868, -33.371961], [-70.489843, -33.37197], [-70.48982, -33.371978], [-70.489798, -33.371985], [-70.489774, -33.371991], [-70.48975, -33.371997], [-70.489724, -33.372002], [-70.489701, -33.372005], [-70.489678, -33.372009], [-70.489652, -33.372012], [-70.48963, -33.372014], [-70.489609, -33.372021], [-70.489595, -33.372036], [-70.489584, -33.372054], [-70.489571, -33.372074], [-70.489559, -33.372091], [-70.489544, -33.372105], [-70.489524, -33.372117], [-70.489503, -33.37212], [-70.489479, -33.372122], [-70.489454, -33.372122], [-70.489428, -33.372122], [-70.489402, -33.372122], [-70.489375, -33.372127], [-70.489349, -33.372136], [-70.489326, -33.372144], [-70.489302, -33.372154], [-70.489279, -33.372164], [-70.489259, -33.372174], [-70.489236, -33.372184], [-70.489215, -33.372194], [-70.489192, -33.372206], [-70.48917, -33.372215], [-70.489148, -33.372224], [-70.489125, -33.372233], [-70.489102, -33.372243], [-70.48908, -33.37225], [-70.489057, -33.372255], [-70.489033, -33.372255], [-70.489011, -33.372253], [-70.488984, -33.37225], [-70.488957, -33.372247], [-70.488932, -33.372245], [-70.488909, -33.372243], [-70.488882, -33.372242], [-70.488855, -33.372241], [-70.488828, -33.37224], [-70.488802, -33.372243], [-70.488777, -33.372248], [-70.488751, -33.372255], [-70.488726, -33.372261], [-70.488698, -33.372267], [-70.488672, -33.372273], [-70.488647, -33.372279], [-70.488624, -33.372285], [-70.488601, -33.372292], [-70.488579, -33.372299], [-70.488555, -33.372307], [-70.488535, -33.372316], [-70.488514, -33.372325], [-70.488492, -33.372332], [-70.488465, -33.372338], [-70.488438, -33.372344], [-70.488412, -33.372347], [-70.488384, -33.372349], [-70.488354, -33.372353], [-70.488297, -33.372366], [-70.488269, -33.372373], [-70.488244, -33.37238], [-70.48822, -33.372386], [-70.488192, -33.372394], [-70.488166, -33.372402], [-70.488139, -33.372409], [-70.488113, -33.372413], [-70.488083, -33.372419], [-70.488058, -33.372422], [-70.48803, -33.372424], [-70.488007, -33.372428], [-70.48798, -33.372434], [-70.487952, -33.372439], [-70.487921, -33.372445], [-70.487893, -33.372452], [-70.487868, -33.372459], [-70.487844, -33.372468], [-70.487818, -33.372475], [-70.487793, -33.372484], [-70.487767, -33.372492], [-70.487742, -33.372499], [-70.487715, -33.372507], [-70.487692, -33.372514], [-70.487666, -33.372521], [-70.487641, -33.372527], [-70.487618, -33.372535], [-70.487593, -33.372543], [-70.487572, -33.372549], [-70.48755, -33.372557], [-70.487527, -33.372567], [-70.487502, -33.372576], [-70.487478, -33.372583], [-70.487455, -33.372591], [-70.487432, -33.372597], [-70.48741, -33.372605], [-70.487385, -33.372612], [-70.487357, -33.372618], [-70.487333, -33.372621], [-70.48731, -33.372627], [-70.487288, -33.372634], [-70.48726, -33.372643], [-70.487232, -33.372652], [-70.48721, -33.37266], [-70.487167, -33.372677], [-70.487142, -33.372687], [-70.487121, -33.372696], [-70.487098, -33.372702], [-70.487078, -33.372711], [-70.48706, -33.372721], [-70.487038, -33.372732], [-70.487013, -33.372744], [-70.486992, -33.372754], [-70.486972, -33.372765], [-70.486954, -33.372778], [-70.486934, -33.372793], [-70.486915, -33.372807], [-70.486895, -33.372821], [-70.486878, -33.372833], [-70.486857, -33.372846], [-70.486833, -33.37286], [-70.486811, -33.37287], [-70.486789, -33.37288], [-70.486764, -33.372889], [-70.486742, -33.372898], [-70.486719, -33.372907], [-70.486694, -33.372915], [-70.486666, -33.372922], [-70.486643, -33.372929], [-70.486619, -33.372939], [-70.486597, -33.372948], [-70.486574, -33.372956], [-70.486551, -33.372965], [-70.486525, -33.372973], [-70.486499, -33.372981], [-70.486477, -33.372987], [-70.486454, -33.372992], [-70.486431, -33.372995], [-70.486407, -33.372997], [-70.486383, -33.372994], [-70.486362, -33.372988], [-70.486335, -33.372981], [-70.486313, -33.372974], [-70.486311, -33.372973], [-70.486292, -33.372966], [-70.486238, -33.372941], [-70.486207, -33.372923], [-70.486192, -33.372912], [-70.486176, -33.372899], [-70.486156, -33.372884], [-70.486147, -33.372878], [-70.486137, -33.372872], [-70.486126, -33.372867], [-70.486114, -33.372864], [-70.486104, -33.372862], [-70.486091, -33.372861], [-70.48608, -33.372862], [-70.486059, -33.372866], [-70.486047, -33.372869], [-70.486026, -33.372877], [-70.486017, -33.37288], [-70.486005, -33.372883], [-70.485995, -33.372885], [-70.485979, -33.372885], [-70.48596, -33.372885], [-70.485948, -33.372885], [-70.48594, -33.372885], [-70.485935, -33.372887], [-70.485932, -33.372889], [-70.48593, -33.372892], [-70.485929, -33.372895], [-70.48593, -33.372905], [-70.485938, -33.372924], [-70.485951, -33.372952], [-70.48596, -33.372967], [-70.485967, -33.372986], [-70.485974, -33.373005], [-70.485978, -33.373014], [-70.485981, -33.373033], [-70.485982, -33.373042], [-70.485982, -33.373054], [-70.48598, -33.373076], [-70.485976, -33.373096], [-70.485971, -33.373117], [-70.485964, -33.373135], [-70.485956, -33.373155], [-70.485949, -33.373174], [-70.485942, -33.373193], [-70.485933, -33.373213], [-70.485928, -33.373224], [-70.485917, -33.373245], [-70.485902, -33.373271], [-70.485889, -33.373289], [-70.485882, -33.373296], [-70.485874, -33.373303], [-70.485867, -33.37331], [-70.485859, -33.373316], [-70.485851, -33.373323], [-70.485833, -33.373335], [-70.485813, -33.373348], [-70.485793, -33.373359], [-70.485773, -33.373366], [-70.48575, -33.373374], [-70.485726, -33.373383], [-70.485705, -33.373391], [-70.485694, -33.373395], [-70.485675, -33.373404], [-70.485665, -33.373409], [-70.485656, -33.373415], [-70.485638, -33.373426], [-70.485629, -33.373433], [-70.48561, -33.373444], [-70.485592, -33.373457], [-70.485584, -33.373463], [-70.485565, -33.373477], [-70.485549, -33.373491], [-70.485533, -33.373507], [-70.485519, -33.373524], [-70.485513, -33.373531], [-70.485499, -33.373546], [-70.485482, -33.373563], [-70.485474, -33.373571], [-70.485462, -33.37358], [-70.485414, -33.373605], [-70.485397, -33.373613], [-70.485356, -33.373626], [-70.485329, -33.373634], [-70.485321, -33.373639], [-70.485316, -33.373647], [-70.485316, -33.373653], [-70.485319, -33.373661], [-70.485343, -33.373691], [-70.485358, -33.373709], [-70.485363, -33.373717], [-70.485368, -33.373727], [-70.485374, -33.373745], [-70.485378, -33.373754], [-70.485381, -33.373773], [-70.485384, -33.373791], [-70.485385, -33.3738], [-70.485385, -33.37381], [-70.485386, -33.37382], [-70.485389, -33.373829], [-70.485392, -33.373838], [-70.4854, -33.373845], [-70.485421, -33.373852], [-70.485432, -33.373854], [-70.485453, -33.373863], [-70.485462, -33.373868], [-70.485472, -33.373874], [-70.48548, -33.37388], [-70.485491, -33.373885], [-70.485513, -33.373887], [-70.485525, -33.373887], [-70.485547, -33.373892], [-70.485559, -33.373896], [-70.485568, -33.373902], [-70.485586, -33.373917], [-70.485602, -33.373931], [-70.48561, -33.373938], [-70.485619, -33.373945], [-70.485638, -33.373957], [-70.485658, -33.373966], [-70.485678, -33.373973], [-70.48569, -33.373977], [-70.485711, -33.373985], [-70.485733, -33.373995], [-70.485744, -33.374001], [-70.48576, -33.374014], [-70.485775, -33.374029], [-70.485791, -33.374047], [-70.485801, -33.374064], [-70.485818, -33.374093], [-70.485832, -33.374111], [-70.485844, -33.374129], [-70.485851, -33.374138], [-70.485857, -33.374147], [-70.485863, -33.374156], [-70.485877, -33.374172], [-70.485892, -33.374189], [-70.485901, -33.374197], [-70.485934, -33.374224], [-70.485953, -33.374238], [-70.485972, -33.374252], [-70.485989, -33.374265], [-70.486005, -33.374278], [-70.486021, -33.374294], [-70.486035, -33.374311], [-70.486044, -33.374321], [-70.486052, -33.374329], [-70.48606, -33.374338], [-70.486068, -33.374345], [-70.486076, -33.374352], [-70.486084, -33.374358], [-70.486095, -33.374363], [-70.486107, -33.374366], [-70.486118, -33.374368], [-70.486129, -33.374368], [-70.486141, -33.374368], [-70.486152, -33.374371], [-70.486163, -33.374376], [-70.486183, -33.374387], [-70.486204, -33.374398], [-70.486214, -33.374403], [-70.486224, -33.374405], [-70.486237, -33.374407], [-70.486248, -33.374408], [-70.48626, -33.374406], [-70.486271, -33.374403], [-70.486292, -33.374396], [-70.486303, -33.374392], [-70.486324, -33.374386], [-70.486346, -33.374379], [-70.486357, -33.374376], [-70.486368, -33.374374], [-70.48638, -33.374372], [-70.486392, -33.374372], [-70.486402, -33.374373], [-70.486413, -33.374375], [-70.486425, -33.374377], [-70.486446, -33.374384], [-70.486456, -33.374388], [-70.486466, -33.374394], [-70.486484, -33.374415], [-70.486499, -33.374434], [-70.486512, -33.374451], [-70.486524, -33.374469], [-70.486534, -33.374487], [-70.486546, -33.374507], [-70.486559, -33.374524], [-70.486573, -33.374541], [-70.486588, -33.374557], [-70.486604, -33.374572], [-70.486623, -33.374585], [-70.486645, -33.374599], [-70.486671, -33.374609], [-70.486696, -33.374616], [-70.486719, -33.374624], [-70.486742, -33.374629], [-70.486769, -33.374633], [-70.486794, -33.374634], [-70.486821, -33.374632], [-70.486872, -33.374627], [-70.486899, -33.374625], [-70.486926, -33.374621], [-70.486949, -33.374615], [-70.486977, -33.37461], [-70.487004, -33.374607], [-70.48703, -33.374608], [-70.487054, -33.374611], [-70.487077, -33.374614], [-70.48711, -33.374622], [-70.487136, -33.374629], [-70.48716, -33.374637], [-70.487182, -33.374643], [-70.487206, -33.374652], [-70.487232, -33.374662], [-70.487256, -33.374673], [-70.487278, -33.374683], [-70.487299, -33.374695], [-70.487318, -33.374705], [-70.487337, -33.374719], [-70.487347, -33.37474], [-70.487347, -33.374759], [-70.487343, -33.374779], [-70.487338, -33.374804], [-70.487342, -33.374826], [-70.487351, -33.374844], [-70.487363, -33.374862], [-70.487377, -33.374882], [-70.487387, -33.374899], [-70.487398, -33.374918], [-70.487408, -33.374938], [-70.487419, -33.374961], [-70.487427, -33.37498], [-70.487435, -33.375002], [-70.487441, -33.375021], [-70.487449, -33.375048], [-70.487455, -33.375073], [-70.487459, -33.375095], [-70.487464, -33.375121], [-70.487464, -33.37514], [-70.487466, -33.37516], [-70.48747, -33.375185], [-70.487474, -33.375206], [-70.487477, -33.375224], [-70.487479, -33.375248], [-70.487483, -33.375267], [-70.487483, -33.375289], [-70.487483, -33.375313], [-70.487482, -33.375334], [-70.487478, -33.375355], [-70.487472, -33.375377], [-70.487466, -33.375401], [-70.487459, -33.375426], [-70.487452, -33.375449], [-70.487447, -33.375471], [-70.487446, -33.375493], [-70.487443, -33.375516], [-70.487446, -33.375537], [-70.487453, -33.375561], [-70.487452, -33.375583], [-70.487448, -33.375603], [-70.487439, -33.375623], [-70.48743, -33.375645], [-70.487422, -33.375668], [-70.487417, -33.375687], [-70.487412, -33.375708], [-70.487408, -33.375728], [-70.487406, -33.37575], [-70.487404, -33.375773], [-70.487403, -33.375796], [-70.487401, -33.375822], [-70.487399, -33.375842], [-70.487397, -33.375862], [-70.487395, -33.375881], [-70.487394, -33.3759], [-70.487395, -33.375925], [-70.487399, -33.37595], [-70.487402, -33.375972], [-70.487405, -33.375994], [-70.487407, -33.376015], [-70.487404, -33.376036], [-70.487398, -33.376059], [-70.487393, -33.376079], [-70.487386, -33.376124], [-70.487383, -33.376145], [-70.487378, -33.376167], [-70.487375, -33.376189], [-70.487371, -33.376211], [-70.48737, -33.376235], [-70.487369, -33.376264], [-70.487371, -33.376286], [-70.487375, -33.376308], [-70.48738, -33.376333], [-70.487387, -33.376359], [-70.487393, -33.376385], [-70.487398, -33.37641], [-70.487405, -33.37643], [-70.487414, -33.376453], [-70.487422, -33.376474], [-70.487434, -33.376492], [-70.487446, -33.376503], [-70.487453, -33.376506], [-70.487464, -33.376507], [-70.487489, -33.376502], [-70.487557, -33.376473], [-70.487579, -33.376458], [-70.487601, -33.376447], [-70.487624, -33.376435], [-70.487643, -33.376426], [-70.487662, -33.376417], [-70.487685, -33.376407], [-70.487709, -33.376396], [-70.487733, -33.376388], [-70.48776, -33.37638], [-70.487785, -33.376372], [-70.487813, -33.376367], [-70.487844, -33.376361], [-70.487872, -33.376356], [-70.487899, -33.376351], [-70.487925, -33.376348], [-70.487948, -33.376346], [-70.487974, -33.376346], [-70.488007, -33.376345], [-70.488037, -33.376345], [-70.488061, -33.376347], [-70.488088, -33.376347], [-70.48811, -33.376348], [-70.488132, -33.37635], [-70.488157, -33.376353], [-70.488169, -33.376354], [-70.488193, -33.37636], [-70.488205, -33.376361], [-70.488219, -33.376363], [-70.488231, -33.376366], [-70.488243, -33.376367], [-70.488266, -33.376371], [-70.488281, -33.376374], [-70.488294, -33.376375], [-70.488306, -33.376374], [-70.488321, -33.376375], [-70.488333, -33.376375], [-70.488344, -33.376375], [-70.48836, -33.376377], [-70.488371, -33.376379], [-70.488383, -33.37638], [-70.488398, -33.376382], [-70.488425, -33.376382], [-70.488439, -33.37638], [-70.488452, -33.376378], [-70.488464, -33.376375], [-70.488476, -33.376373], [-70.488488, -33.37637], [-70.4885, -33.376368], [-70.488513, -33.376365], [-70.488525, -33.376364], [-70.488539, -33.376361], [-70.488554, -33.376357], [-70.488566, -33.376354], [-70.488579, -33.37635], [-70.488589, -33.376346], [-70.488601, -33.37634], [-70.488611, -33.376335], [-70.488622, -33.376332], [-70.488632, -33.376329], [-70.488668, -33.37632], [-70.488681, -33.376317], [-70.488693, -33.376316], [-70.488709, -33.376314], [-70.48872, -33.376315], [-70.488731, -33.376318], [-70.488742, -33.376323], [-70.488748, -33.376332], [-70.488752, -33.376341], [-70.488755, -33.376352], [-70.488756, -33.376364], [-70.488759, -33.376378], [-70.48876, -33.376391], [-70.488761, -33.376402], [-70.488763, -33.376415], [-70.488765, -33.376427], [-70.488761, -33.376437], [-70.488756, -33.376447], [-70.488753, -33.376456], [-70.488747, -33.376465], [-70.488734, -33.376483], [-70.48872, -33.376497], [-70.488714, -33.376506], [-70.488707, -33.376513], [-70.488695, -33.376529], [-70.488688, -33.376538], [-70.488677, -33.376554], [-70.488669, -33.376565], [-70.488661, -33.376575], [-70.488635, -33.376622], [-70.488631, -33.37663], [-70.488625, -33.37664], [-70.488619, -33.376648], [-70.488614, -33.376658], [-70.488608, -33.376669], [-70.48859, -33.376701], [-70.488586, -33.376709], [-70.488581, -33.376718], [-70.488577, -33.376728], [-70.488572, -33.376739], [-70.488567, -33.376752], [-70.488562, -33.376766], [-70.488558, -33.37678], [-70.488545, -33.376809], [-70.488528, -33.376836], [-70.488513, -33.376863], [-70.488508, -33.376878], [-70.488493, -33.376909], [-70.488486, -33.376925], [-70.488478, -33.37694], [-70.488472, -33.376955], [-70.488464, -33.376967], [-70.488458, -33.376978], [-70.488453, -33.376992], [-70.488449, -33.377], [-70.488446, -33.37701], [-70.488442, -33.377021], [-70.488437, -33.377033], [-70.48843, -33.377043], [-70.488425, -33.377053], [-70.488422, -33.377074], [-70.48842, -33.377083], [-70.488417, -33.377094], [-70.488414, -33.377104], [-70.488413, -33.377114], [-70.488413, -33.377126], [-70.488415, -33.377136], [-70.488416, -33.377148], [-70.488419, -33.377159], [-70.488422, -33.377184], [-70.488424, -33.377197], [-70.488426, -33.377212], [-70.488427, -33.377224], [-70.488429, -33.377236], [-70.488435, -33.377254], [-70.488439, -33.377275], [-70.488441, -33.377286], [-70.488446, -33.377308], [-70.488448, -33.377319], [-70.488449, -33.377329], [-70.488451, -33.377342], [-70.488454, -33.377355], [-70.488455, -33.377368], [-70.48846, -33.377401], [-70.488465, -33.377438], [-70.488467, -33.377441], [-70.488472, -33.377443], [-70.488478, -33.377443], [-70.488485, -33.377442], [-70.488494, -33.377438], [-70.488502, -33.377435], [-70.488509, -33.377433], [-70.48852, -33.377431], [-70.488535, -33.377431], [-70.48855, -33.377431], [-70.488569, -33.377431], [-70.488596, -33.377432], [-70.488633, -33.377437], [-70.488646, -33.37744], [-70.488659, -33.377443], [-70.488671, -33.377446], [-70.488686, -33.377448], [-70.488697, -33.377448], [-70.488709, -33.37745], [-70.488736, -33.377453], [-70.488747, -33.377455], [-70.488757, -33.377458], [-70.488771, -33.37746], [-70.488787, -33.377463], [-70.488857, -33.377471], [-70.488894, -33.377475], [-70.48893, -33.377482], [-70.48898, -33.377493], [-70.489018, -33.377505], [-70.489058, -33.37752], [-70.489113, -33.377549], [-70.489125, -33.377561], [-70.489149, -33.377586], [-70.489159, -33.377596], [-70.489167, -33.377605], [-70.489176, -33.377616], [-70.489183, -33.377623], [-70.489189, -33.377632], [-70.489198, -33.377641], [-70.489207, -33.377648], [-70.489214, -33.377655], [-70.489223, -33.377662], [-70.489231, -33.377671], [-70.489244, -33.377686], [-70.489251, -33.377695], [-70.489257, -33.377704], [-70.489262, -33.377713], [-70.489266, -33.377721], [-70.489272, -33.377729], [-70.489282, -33.377739], [-70.48929, -33.377746], [-70.489298, -33.377753], [-70.48933, -33.377779], [-70.489339, -33.37779], [-70.489348, -33.377797], [-70.489355, -33.377805], [-70.489365, -33.377816], [-70.489372, -33.377825], [-70.48939, -33.377843], [-70.489406, -33.377855], [-70.489415, -33.377863], [-70.489419, -33.377867], [-70.489424, -33.377875], [-70.489429, -33.377882], [-70.489432, -33.377886], [-70.489436, -33.377888], [-70.489441, -33.377889], [-70.489444, -33.377889], [-70.489448, -33.377889], [-70.489456, -33.377887], [-70.489478, -33.377881], [-70.489499, -33.37788], [-70.489512, -33.377879], [-70.489524, -33.377878], [-70.489538, -33.377875], [-70.48955, -33.377872], [-70.489565, -33.377869], [-70.489587, -33.377864], [-70.489601, -33.377861], [-70.489614, -33.377857], [-70.489625, -33.377855], [-70.489637, -33.37785], [-70.489659, -33.377843], [-70.489671, -33.377837], [-70.489702, -33.377824], [-70.489715, -33.377818], [-70.489725, -33.377813], [-70.489756, -33.377799], [-70.489767, -33.377793], [-70.48978, -33.377788], [-70.489791, -33.377784], [-70.489802, -33.377779], [-70.489813, -33.377775], [-70.489824, -33.377771], [-70.489834, -33.377768], [-70.489846, -33.377764], [-70.489856, -33.37776], [-70.489867, -33.377758], [-70.489879, -33.377755], [-70.489894, -33.377751], [-70.489905, -33.377749], [-70.489927, -33.377742], [-70.48994, -33.377738], [-70.489952, -33.377735], [-70.489962, -33.377732], [-70.489974, -33.377729], [-70.489985, -33.377726], [-70.489999, -33.377726], [-70.49001, -33.377725], [-70.490022, -33.377723], [-70.490033, -33.377722], [-70.490045, -33.377721], [-70.490059, -33.377721], [-70.490072, -33.37772], [-70.490085, -33.377718], [-70.490097, -33.377716], [-70.49011, -33.377716], [-70.490122, -33.377714], [-70.490137, -33.377713], [-70.49015, -33.377712], [-70.490162, -33.377711], [-70.490207, -33.37771], [-70.49025, -33.377714], [-70.490285, -33.377719], [-70.490333, -33.377731], [-70.490396, -33.377751], [-70.490483, -33.377776], [-70.490545, -33.377802], [-70.490559, -33.377808], [-70.490572, -33.377816], [-70.490581, -33.377822], [-70.490592, -33.377828], [-70.490601, -33.377835], [-70.490609, -33.377841], [-70.49062, -33.377848], [-70.490631, -33.377854], [-70.49064, -33.377861], [-70.490649, -33.377868], [-70.490657, -33.377874], [-70.490667, -33.377881], [-70.490675, -33.377888], [-70.490692, -33.377903], [-70.4907, -33.377911], [-70.490708, -33.377917], [-70.490721, -33.377928], [-70.490732, -33.377936], [-70.490742, -33.377942], [-70.490748, -33.377946], [-70.490755, -33.377948], [-70.490761, -33.377949], [-70.490766, -33.377949], [-70.490769, -33.377949], [-70.490774, -33.377947], [-70.490781, -33.377944], [-70.490802, -33.377932], [-70.490813, -33.377924], [-70.490823, -33.377917], [-70.490832, -33.37791], [-70.49085, -33.377899], [-70.490872, -33.377886], [-70.490883, -33.37788], [-70.490892, -33.377875], [-70.490915, -33.377855], [-70.490925, -33.377848], [-70.490934, -33.37784], [-70.490945, -33.377833], [-70.490953, -33.377825], [-70.490962, -33.377819], [-70.490971, -33.377814], [-70.490982, -33.377808], [-70.490992, -33.377802], [-70.491001, -33.377796], [-70.49101, -33.377791], [-70.491019, -33.377785], [-70.49103, -33.377777], [-70.49104, -33.377772], [-70.491049, -33.377766], [-70.491058, -33.37776], [-70.491068, -33.377752], [-70.491077, -33.377746], [-70.491088, -33.377738], [-70.491098, -33.377733], [-70.491109, -33.377729], [-70.491122, -33.377727], [-70.491135, -33.377725], [-70.491148, -33.377724], [-70.491176, -33.377724], [-70.491189, -33.377726], [-70.491199, -33.37773], [-70.49121, -33.377733], [-70.491222, -33.377739], [-70.491233, -33.377745], [-70.491245, -33.37775], [-70.491257, -33.377754], [-70.491268, -33.377759], [-70.49128, -33.377762], [-70.491295, -33.377767], [-70.491309, -33.377771], [-70.491324, -33.377776], [-70.491334, -33.37778], [-70.491345, -33.377785], [-70.491357, -33.377791], [-70.491369, -33.377796], [-70.491379, -33.377801], [-70.49139, -33.377805], [-70.491404, -33.377808], [-70.491418, -33.377809], [-70.491431, -33.377808], [-70.491441, -33.377805], [-70.491452, -33.377801], [-70.491463, -33.377797], [-70.491474, -33.377792], [-70.491486, -33.377787], [-70.491496, -33.377784], [-70.491509, -33.377778], [-70.49152, -33.377775], [-70.491531, -33.377771], [-70.491542, -33.377769], [-70.491556, -33.377765], [-70.491578, -33.37776], [-70.491588, -33.377757], [-70.491598, -33.377753], [-70.491608, -33.377747], [-70.491618, -33.377742], [-70.491627, -33.377734], [-70.491642, -33.377718], [-70.491649, -33.377711], [-70.491656, -33.377704], [-70.491664, -33.377696], [-70.491671, -33.37769], [-70.49168, -33.377684], [-70.491691, -33.377676], [-70.4917, -33.377671], [-70.49171, -33.377665], [-70.491723, -33.377658], [-70.491733, -33.377653], [-70.491755, -33.377642], [-70.49177, -33.377635], [-70.491783, -33.37763], [-70.491793, -33.377627], [-70.491805, -33.377624], [-70.491816, -33.377621], [-70.491828, -33.377619], [-70.491843, -33.377616], [-70.491853, -33.377613], [-70.491868, -33.377612], [-70.491882, -33.377612], [-70.491894, -33.377613], [-70.491907, -33.377615], [-70.491922, -33.377615], [-70.491936, -33.377616], [-70.491948, -33.377618], [-70.491975, -33.377617], [-70.491988, -33.377617], [-70.491999, -33.377614], [-70.49202, -33.377605], [-70.492031, -33.3776], [-70.492041, -33.377594], [-70.492051, -33.377589], [-70.492063, -33.377582], [-70.492072, -33.377575], [-70.492103, -33.377548], [-70.492113, -33.377541], [-70.492124, -33.377534], [-70.492136, -33.37753], [-70.492148, -33.377526], [-70.492159, -33.377525], [-70.492173, -33.377526], [-70.492185, -33.377527], [-70.492197, -33.377529], [-70.492208, -33.377532], [-70.49222, -33.377537], [-70.492231, -33.377541], [-70.492244, -33.377546], [-70.492258, -33.377551], [-70.492269, -33.377555], [-70.49228, -33.37756], [-70.49229, -33.377562], [-70.492303, -33.377567], [-70.492327, -33.377573], [-70.49234, -33.377575], [-70.492354, -33.377578], [-70.492367, -33.37758], [-70.49238, -33.377583], [-70.49239, -33.377589], [-70.492416, -33.377601], [-70.492425, -33.377607], [-70.492435, -33.377615], [-70.492444, -33.377624], [-70.492452, -33.377632], [-70.49246, -33.377641], [-70.49247, -33.377649], [-70.492476, -33.377657], [-70.492485, -33.377666], [-70.492493, -33.377674], [-70.492499, -33.377682], [-70.492504, -33.377693], [-70.492507, -33.377706], [-70.49251, -33.377716], [-70.492514, -33.377725], [-70.492517, -33.377735], [-70.492522, -33.377746], [-70.492533, -33.377766], [-70.492534, -33.377775], [-70.492531, -33.377785], [-70.492525, -33.377794], [-70.492518, -33.377805], [-70.49251, -33.377814], [-70.492504, -33.377822], [-70.492489, -33.377841], [-70.492482, -33.377852], [-70.492472, -33.377865], [-70.492454, -33.377887], [-70.492443, -33.377898], [-70.492434, -33.377907], [-70.492423, -33.377917], [-70.492388, -33.377948], [-70.49238, -33.377956], [-70.492352, -33.37798], [-70.49233, -33.377996], [-70.49231, -33.378011], [-70.4923, -33.378016], [-70.492291, -33.378023], [-70.49228, -33.378029], [-70.492256, -33.378044], [-70.492247, -33.378051], [-70.492225, -33.378067], [-70.492216, -33.378073], [-70.492209, -33.378079], [-70.4922, -33.378085], [-70.492163, -33.378112], [-70.492152, -33.378117], [-70.492141, -33.378123], [-70.492129, -33.378127], [-70.492117, -33.37813], [-70.492106, -33.378135], [-70.492095, -33.378138], [-70.492083, -33.378142], [-70.49207, -33.378149], [-70.49206, -33.378153], [-70.492051, -33.378158], [-70.492041, -33.378163], [-70.49203, -33.378169], [-70.49202, -33.378176], [-70.492013, -33.378184], [-70.491997, -33.378198], [-70.491986, -33.378208], [-70.491957, -33.378234], [-70.491948, -33.378243], [-70.491939, -33.378254], [-70.49192, -33.378272], [-70.491912, -33.378281], [-70.491887, -33.378302], [-70.491878, -33.378308], [-70.491866, -33.378315], [-70.491853, -33.378323], [-70.491841, -33.37833], [-70.491828, -33.378336], [-70.491815, -33.378343], [-70.491805, -33.378349], [-70.491795, -33.378356], [-70.491784, -33.378361], [-70.49176, -33.378371], [-70.491748, -33.378376], [-70.491736, -33.378381], [-70.491724, -33.378385], [-70.491713, -33.37839], [-70.491703, -33.378396], [-70.491693, -33.3784], [-70.491669, -33.378412], [-70.491643, -33.378422], [-70.491628, -33.378428], [-70.491616, -33.378433], [-70.491606, -33.378437], [-70.491595, -33.378444], [-70.491585, -33.378449], [-70.491563, -33.378462], [-70.491553, -33.378468], [-70.491543, -33.378473], [-70.491533, -33.378478], [-70.491503, -33.378495], [-70.491493, -33.378502], [-70.491484, -33.378507], [-70.491431, -33.378553], [-70.491422, -33.378562], [-70.491415, -33.37857], [-70.491407, -33.37858], [-70.491399, -33.378588], [-70.491391, -33.378598], [-70.491385, -33.378606], [-70.491378, -33.378616], [-70.491362, -33.378633], [-70.491361, -33.378634], [-70.491285, -33.378691], [-70.491274, -33.378696], [-70.491263, -33.378702], [-70.491254, -33.378707], [-70.491245, -33.378713], [-70.491234, -33.378719], [-70.491217, -33.378732], [-70.491208, -33.378739], [-70.491191, -33.378756], [-70.491177, -33.378771], [-70.491168, -33.378781], [-70.491155, -33.378799], [-70.491142, -33.378817], [-70.491128, -33.378834], [-70.491112, -33.37885], [-70.491098, -33.378866], [-70.491083, -33.378884], [-70.491076, -33.378892], [-70.491068, -33.378899], [-70.491057, -33.378904], [-70.491046, -33.378904], [-70.491029, -33.378893], [-70.491023, -33.378885], [-70.491019, -33.378867], [-70.49102, -33.378856], [-70.491022, -33.378845], [-70.491025, -33.378835], [-70.491034, -33.378817], [-70.491048, -33.378796], [-70.491063, -33.378773], [-70.491086, -33.37875], [-70.491102, -33.378729], [-70.491108, -33.37872], [-70.491114, -33.378711], [-70.491118, -33.378702], [-70.491123, -33.378692], [-70.491124, -33.378682], [-70.491123, -33.378672], [-70.491118, -33.378664], [-70.491109, -33.378659], [-70.491097, -33.37866], [-70.491087, -33.378664], [-70.491077, -33.378668], [-70.49106, -33.378681], [-70.491053, -33.378687], [-70.491038, -33.378701], [-70.491023, -33.378715], [-70.491006, -33.37873], [-70.490991, -33.378745], [-70.490983, -33.378753], [-70.490977, -33.378761], [-70.49097, -33.378767], [-70.490963, -33.378775], [-70.490947, -33.37879], [-70.490939, -33.378797], [-70.490931, -33.378804], [-70.490919, -33.378821], [-70.490914, -33.37883], [-70.490911, -33.37885], [-70.490912, -33.378868], [-70.490914, -33.378878], [-70.490914, -33.378888], [-70.490917, -33.378911], [-70.490922, -33.37893], [-70.490929, -33.378949], [-70.490936, -33.378967], [-70.490944, -33.378986], [-70.490954, -33.379004], [-70.490963, -33.379023], [-70.490967, -33.379033], [-70.490969, -33.379044], [-70.490967, -33.379053], [-70.490957, -33.379071], [-70.490946, -33.379088], [-70.490939, -33.3791], [-70.490931, -33.37912], [-70.49093, -33.379137], [-70.49093, -33.379154], [-70.490938, -33.379178], [-70.490942, -33.379199], [-70.490944, -33.37922], [-70.490941, -33.379245], [-70.490936, -33.379274], [-70.490931, -33.37929], [-70.49093, -33.3793], [-70.490934, -33.37931], [-70.490947, -33.379326], [-70.490963, -33.379341], [-70.490977, -33.379354], [-70.491011, -33.379377], [-70.491036, -33.379396], [-70.491055, -33.379412], [-70.491078, -33.37944], [-70.491104, -33.379464], [-70.49112, -33.379474], [-70.491142, -33.379484], [-70.491154, -33.379489], [-70.491167, -33.379493], [-70.491194, -33.379499], [-70.491207, -33.379502], [-70.491231, -33.379505], [-70.491244, -33.379508], [-70.491268, -33.379511], [-70.49128, -33.379514], [-70.491303, -33.37952], [-70.491326, -33.379526], [-70.491349, -33.379532], [-70.491465, -33.379569], [-70.491477, -33.379573], [-70.491497, -33.379583], [-70.491517, -33.379595], [-70.491535, -33.379606], [-70.491554, -33.379618], [-70.491572, -33.379632], [-70.491589, -33.379647], [-70.491596, -33.379654], [-70.491611, -33.379671], [-70.491619, -33.379681], [-70.491632, -33.379698], [-70.491644, -33.379716], [-70.491655, -33.379736], [-70.491669, -33.379756], [-70.491676, -33.379765], [-70.49169, -33.37978], [-70.491707, -33.379795], [-70.491725, -33.37981], [-70.491744, -33.379825], [-70.491761, -33.379838], [-70.49177, -33.379844], [-70.491781, -33.37985], [-70.491792, -33.379855], [-70.491804, -33.379859], [-70.491828, -33.379865], [-70.49184, -33.379867], [-70.49185, -33.379869], [-70.491863, -33.379872], [-70.491887, -33.379878], [-70.4919, -33.379881], [-70.491913, -33.379885], [-70.491935, -33.37989], [-70.491948, -33.379893], [-70.49197, -33.379897], [-70.49198, -33.379899], [-70.491991, -33.379902], [-70.492014, -33.379911], [-70.492036, -33.379917], [-70.492057, -33.379923], [-70.492081, -33.379928], [-70.492106, -33.379933], [-70.492118, -33.379935], [-70.492141, -33.379942], [-70.492167, -33.379947], [-70.492189, -33.379951], [-70.492202, -33.379952], [-70.492216, -33.379954], [-70.49223, -33.379957], [-70.492267, -33.379966], [-70.492334, -33.379983], [-70.492381, -33.379996], [-70.492392, -33.379999], [-70.492404, -33.380004], [-70.492425, -33.380013], [-70.492447, -33.380024], [-70.492469, -33.380037], [-70.492479, -33.380042], [-70.492498, -33.380053], [-70.492517, -33.380065], [-70.492538, -33.380076], [-70.492558, -33.380086], [-70.492568, -33.380092], [-70.492577, -33.380099], [-70.492594, -33.380113], [-70.492609, -33.380126], [-70.492627, -33.380141], [-70.492638, -33.380148], [-70.492656, -33.380159], [-70.492666, -33.380165], [-70.492675, -33.380171], [-70.492694, -33.380182], [-70.492708, -33.380191], [-70.492738, -33.380209], [-70.492771, -33.380223], [-70.492818, -33.380236], [-70.492846, -33.380247], [-70.492871, -33.380263], [-70.492897, -33.380281], [-70.492912, -33.380288], [-70.492932, -33.380298], [-70.492954, -33.380308], [-70.492964, -33.380313], [-70.492995, -33.38033], [-70.493013, -33.380342], [-70.493022, -33.380348], [-70.49303, -33.380356], [-70.493037, -33.380363], [-70.493044, -33.380373], [-70.493049, -33.380382], [-70.493053, -33.380392], [-70.493056, -33.380403], [-70.493057, -33.380425], [-70.493055, -33.380444], [-70.493053, -33.380453], [-70.49305, -33.380472], [-70.493047, -33.380491], [-70.493046, -33.3805], [-70.493045, -33.380518], [-70.493046, -33.380539], [-70.493046, -33.380558], [-70.493046, -33.380577], [-70.493046, -33.380588], [-70.493045, -33.380607], [-70.493045, -33.380617], [-70.493043, -33.380626], [-70.493039, -33.380646], [-70.493036, -33.380657], [-70.493032, -33.380668], [-70.49302, -33.380687], [-70.493007, -33.380705], [-70.493, -33.380715], [-70.492987, -33.380732], [-70.492977, -33.38075], [-70.492973, -33.380771], [-70.492968, -33.380792], [-70.492962, -33.380811], [-70.492954, -33.38083], [-70.492945, -33.380849], [-70.492934, -33.38087], [-70.492929, -33.380879], [-70.49292, -33.380897], [-70.492914, -33.380906], [-70.492908, -33.380915], [-70.492902, -33.380924], [-70.492896, -33.380934], [-70.492883, -33.380952], [-70.49287, -33.38097], [-70.49286, -33.380987], [-70.49285, -33.381006], [-70.492841, -33.381024], [-70.492836, -33.381033], [-70.492832, -33.381042], [-70.492822, -33.381061], [-70.492817, -33.381071], [-70.492811, -33.38108], [-70.492796, -33.381097], [-70.492783, -33.381112], [-70.49277, -33.381128], [-70.492758, -33.381144], [-70.492745, -33.381161], [-70.492733, -33.381179], [-70.492722, -33.381196], [-70.49271, -33.381213], [-70.492697, -33.381232], [-70.492686, -33.38125], [-70.49268, -33.381258], [-70.492675, -33.381267], [-70.492663, -33.381284], [-70.492652, -33.381301], [-70.492646, -33.38131], [-70.49264, -33.381318], [-70.492633, -33.381326], [-70.492617, -33.381343], [-70.4926, -33.381358], [-70.492591, -33.381365], [-70.492572, -33.381377], [-70.492563, -33.381383], [-70.492545, -33.381396], [-70.49253, -33.381411], [-70.492523, -33.38142], [-70.492514, -33.381437], [-70.492509, -33.381447], [-70.492504, -33.381457], [-70.492498, -33.381477], [-70.492496, -33.381486], [-70.492492, -33.381495], [-70.492487, -33.381505], [-70.492477, -33.381523], [-70.492466, -33.38154], [-70.492461, -33.381548], [-70.49245, -33.381566], [-70.492445, -33.381575], [-70.49244, -33.381584], [-70.492439, -33.381604], [-70.492439, -33.381613], [-70.492441, -33.381632], [-70.492441, -33.381643], [-70.492442, -33.381652], [-70.492439, -33.381671], [-70.492437, -33.381682], [-70.492434, -33.381691], [-70.49243, -33.3817], [-70.492417, -33.381717], [-70.492409, -33.381727], [-70.492404, -33.381735], [-70.492398, -33.381743], [-70.492392, -33.381751], [-70.492377, -33.381766], [-70.492361, -33.381782], [-70.492312, -33.381824], [-70.492293, -33.381839], [-70.492275, -33.381853], [-70.492256, -33.381864], [-70.492237, -33.381874], [-70.492216, -33.381886], [-70.492198, -33.381898], [-70.492178, -33.381911], [-70.492167, -33.381917], [-70.492144, -33.381929], [-70.49212, -33.38194], [-70.492097, -33.381951], [-70.492087, -33.381956], [-70.492076, -33.381961], [-70.492053, -33.381969], [-70.492043, -33.381972], [-70.492018, -33.381977], [-70.491994, -33.38198], [-70.491983, -33.38198], [-70.491971, -33.381981], [-70.491949, -33.381983], [-70.491936, -33.381984], [-70.491924, -33.381986], [-70.491913, -33.381988], [-70.491902, -33.381991], [-70.49188, -33.382001], [-70.491862, -33.38201], [-70.491851, -33.382016], [-70.491831, -33.382028], [-70.491814, -33.38204], [-70.491805, -33.382045], [-70.491787, -33.382057], [-70.491778, -33.382063], [-70.491768, -33.38207], [-70.491749, -33.382083], [-70.491729, -33.382096], [-70.49172, -33.382102], [-70.49171, -33.382107], [-70.491687, -33.382116], [-70.491676, -33.382119], [-70.491654, -33.382128], [-70.491644, -33.382132], [-70.491634, -33.382137], [-70.491613, -33.38215], [-70.491594, -33.38216], [-70.491571, -33.382173], [-70.491562, -33.382178], [-70.491541, -33.382186], [-70.491529, -33.38219], [-70.491502, -33.382196], [-70.49149, -33.382198], [-70.491473, -33.382199], [-70.491441, -33.3822], [-70.491408, -33.382196], [-70.491379, -33.382191], [-70.491364, -33.382187], [-70.491347, -33.382179], [-70.49133, -33.382172], [-70.491323, -33.38217], [-70.491316, -33.382169], [-70.491312, -33.38217], [-70.49131, -33.382172], [-70.491305, -33.382175], [-70.491302, -33.382181], [-70.491286, -33.382216], [-70.491272, -33.382247], [-70.491259, -33.382275], [-70.491247, -33.382294], [-70.491241, -33.382301], [-70.491211, -33.382333], [-70.491195, -33.38235], [-70.491188, -33.382357], [-70.491168, -33.382374], [-70.491148, -33.382388], [-70.491127, -33.3824], [-70.491104, -33.382409], [-70.491092, -33.382414], [-70.491081, -33.382417], [-70.491067, -33.38242], [-70.491011, -33.382434], [-70.490941, -33.382455], [-70.490926, -33.382459], [-70.490907, -33.382464], [-70.490892, -33.382466], [-70.490884, -33.382466], [-70.490871, -33.382465], [-70.490858, -33.382464], [-70.49085, -33.382463], [-70.490846, -33.382464], [-70.490844, -33.382466], [-70.490843, -33.382468], [-70.490842, -33.382474], [-70.49084, -33.382491], [-70.490836, -33.382514], [-70.49083, -33.382535], [-70.490828, -33.382544], [-70.490825, -33.382554], [-70.490816, -33.382574], [-70.490811, -33.382584], [-70.490801, -33.382602], [-70.490788, -33.38262], [-70.490782, -33.382627], [-70.490766, -33.382644], [-70.490749, -33.38266], [-70.490734, -33.382675], [-70.490704, -33.382707], [-70.490698, -33.382714], [-70.490689, -33.382722], [-70.49068, -33.38273], [-70.49067, -33.382736], [-70.49066, -33.382742], [-70.49065, -33.382745], [-70.490626, -33.382745], [-70.490613, -33.382744], [-70.490602, -33.382742], [-70.490591, -33.382738], [-70.490581, -33.382734], [-70.49056, -33.382723], [-70.490539, -33.382714], [-70.49053, -33.38271], [-70.490485, -33.382695], [-70.490459, -33.382685], [-70.490434, -33.382677], [-70.490423, -33.382674], [-70.490401, -33.382671], [-70.490377, -33.382667], [-70.490367, -33.382665], [-70.490344, -33.382662], [-70.49032, -33.382661], [-70.49031, -33.382661], [-70.490278, -33.382661], [-70.490269, -33.382662], [-70.490266, -33.382663], [-70.490264, -33.382665], [-70.490263, -33.382667], [-70.490263, -33.382669], [-70.490266, -33.382675], [-70.490283, -33.382714], [-70.490291, -33.382734], [-70.490302, -33.382768], [-70.490314, -33.382827], [-70.490323, -33.382886], [-70.490326, -33.382907], [-70.490327, -33.382916], [-70.490328, -33.382926], [-70.490334, -33.382944], [-70.490341, -33.382964], [-70.490348, -33.382984], [-70.490352, -33.383005], [-70.490353, -33.383015], [-70.490353, -33.383036], [-70.490352, -33.383055], [-70.490348, -33.383075], [-70.490343, -33.383093], [-70.49034, -33.383103], [-70.490338, -33.383112], [-70.490337, -33.383122], [-70.490339, -33.383132], [-70.490345, -33.383141], [-70.490352, -33.383148], [-70.490359, -33.383155], [-70.490365, -33.383164], [-70.490369, -33.383173], [-70.490369, -33.383183], [-70.490367, -33.383192], [-70.490362, -33.383201], [-70.49035, -33.383218], [-70.490336, -33.383234], [-70.490323, -33.383249], [-70.490308, -33.383264], [-70.4903, -33.383272], [-70.490292, -33.383279], [-70.49026, -33.383308], [-70.490245, -33.383322], [-70.49022, -33.383343], [-70.490213, -33.38335], [-70.490197, -33.383365], [-70.490164, -33.383396], [-70.490135, -33.383424], [-70.490128, -33.383431], [-70.490113, -33.383448], [-70.490106, -33.383455], [-70.490098, -33.383461], [-70.49009, -33.383467], [-70.490083, -33.383474], [-70.490075, -33.383481], [-70.490066, -33.383488], [-70.49005, -33.383501], [-70.490041, -33.383508], [-70.490031, -33.383514], [-70.490022, -33.383519], [-70.490012, -33.383524], [-70.489993, -33.383533], [-70.489972, -33.383543], [-70.489963, -33.383547], [-70.489945, -33.383558], [-70.489929, -33.383571], [-70.489913, -33.383584], [-70.489896, -33.383596], [-70.489878, -33.383607], [-70.489858, -33.383617], [-70.489848, -33.383621], [-70.489837, -33.383625], [-70.489834, -33.383625], [-70.48982, -33.383632], [-70.48981, -33.383635], [-70.4898, -33.383638], [-70.48978, -33.383647], [-70.489771, -33.383653], [-70.489761, -33.383657], [-70.48975, -33.383661], [-70.489741, -33.383665], [-70.489724, -33.383678], [-70.489716, -33.383685], [-70.489707, -33.38369], [-70.489688, -33.3837], [-70.489679, -33.383705], [-70.489669, -33.383709], [-70.489658, -33.383712], [-70.489647, -33.383714], [-70.489624, -33.383716], [-70.489613, -33.383717], [-70.489602, -33.383719], [-70.489582, -33.383728], [-70.489563, -33.383737], [-70.489545, -33.383748], [-70.489527, -33.38376], [-70.489518, -33.383767], [-70.489498, -33.383777], [-70.489488, -33.383782], [-70.489479, -33.383788], [-70.48947, -33.383795], [-70.489462, -33.3838], [-70.489453, -33.383806], [-70.489443, -33.38381], [-70.489432, -33.383813], [-70.489422, -33.383817], [-70.489413, -33.383822], [-70.489397, -33.383835], [-70.489389, -33.383842], [-70.489371, -33.383855], [-70.489361, -33.383862], [-70.489341, -33.383872], [-70.489321, -33.383881], [-70.489298, -33.383892], [-70.489274, -33.383902], [-70.489251, -33.38391], [-70.489229, -33.383915], [-70.48921, -33.383918], [-70.489193, -33.383919], [-70.489166, -33.383919], [-70.489138, -33.383918], [-70.489127, -33.383917], [-70.48911, -33.383917], [-70.489107, -33.383917], [-70.489104, -33.383918], [-70.489103, -33.383919], [-70.489102, -33.383921], [-70.489102, -33.383922], [-70.489102, -33.383925], [-70.489104, -33.383929], [-70.489112, -33.383934], [-70.48913, -33.383944], [-70.48915, -33.383951], [-70.489171, -33.383959], [-70.489181, -33.383963], [-70.48919, -33.383968], [-70.489198, -33.383974], [-70.489204, -33.383983], [-70.489208, -33.383992], [-70.489208, -33.38401], [-70.489208, -33.38402], [-70.489207, -33.384029], [-70.489205, -33.384038], [-70.489198, -33.384057], [-70.489194, -33.384065], [-70.489189, -33.384074], [-70.489183, -33.384083], [-70.48917, -33.384098], [-70.489163, -33.384106], [-70.489155, -33.384113], [-70.489149, -33.38412], [-70.489144, -33.384129], [-70.489138, -33.384137], [-70.48913, -33.384144], [-70.489112, -33.384157], [-70.489103, -33.384162], [-70.489093, -33.384168], [-70.489076, -33.384183], [-70.489073, -33.384187], [-70.489011, -33.384218], [-70.488988, -33.384232], [-70.488983, -33.384236], [-70.48898, -33.38424], [-70.48898, -33.384242], [-70.488979, -33.384245], [-70.488981, -33.384248], [-70.488983, -33.38425], [-70.48899, -33.384253], [-70.489011, -33.384256], [-70.489021, -33.384257], [-70.489044, -33.384256], [-70.489058, -33.384253], [-70.489077, -33.384247], [-70.489102, -33.384239], [-70.489106, -33.384237], [-70.489115, -33.384233], [-70.489135, -33.384224], [-70.489153, -33.384215], [-70.489161, -33.384208], [-70.48917, -33.384202], [-70.48919, -33.384193], [-70.489201, -33.38419], [-70.489224, -33.384184], [-70.489235, -33.384183], [-70.489246, -33.38418], [-70.489256, -33.384176], [-70.489265, -33.38417], [-70.489281, -33.384157], [-70.489296, -33.384143], [-70.489311, -33.384129], [-70.489325, -33.384114], [-70.489331, -33.384107], [-70.489338, -33.3841], [-70.489346, -33.384094], [-70.489362, -33.384081], [-70.489369, -33.384074], [-70.489387, -33.384063], [-70.489397, -33.384059], [-70.489406, -33.384053], [-70.489415, -33.384048], [-70.489425, -33.384045], [-70.489444, -33.384037], [-70.489451, -33.384031], [-70.489472, -33.384024], [-70.489493, -33.384017], [-70.489514, -33.384012], [-70.489536, -33.384006], [-70.489559, -33.384], [-70.489582, -33.383994], [-70.489604, -33.38399], [-70.489615, -33.383989], [-70.48964, -33.383987], [-70.489652, -33.383987], [-70.489677, -33.383988], [-70.489689, -33.38399], [-70.489701, -33.383992], [-70.489712, -33.383995], [-70.489722, -33.383999], [-70.489733, -33.384004], [-70.489754, -33.384016], [-70.489765, -33.384021], [-70.489787, -33.38403], [-70.489806, -33.384041], [-70.489825, -33.384052], [-70.489837, -33.384066], [-70.489839, -33.384076], [-70.489839, -33.384085], [-70.489837, -33.384095], [-70.489833, -33.384105], [-70.489828, -33.384114], [-70.489817, -33.384131], [-70.489809, -33.384148], [-70.489808, -33.384157], [-70.489808, -33.384167], [-70.48981, -33.384178], [-70.489816, -33.384197], [-70.489823, -33.384217], [-70.489828, -33.384235], [-70.489831, -33.384254], [-70.489832, -33.384276], [-70.489831, -33.384297], [-70.489829, -33.384307], [-70.489827, -33.384317], [-70.48982, -33.384335], [-70.489813, -33.384353], [-70.489811, -33.384362], [-70.489807, -33.384382], [-70.489805, -33.384392], [-70.489804, -33.384401], [-70.489803, -33.38442], [-70.489803, -33.38444], [-70.489805, -33.384459], [-70.489806, -33.384468], [-70.489804, -33.384478], [-70.489801, -33.384487], [-70.489795, -33.384506], [-70.489794, -33.384515], [-70.489794, -33.384525], [-70.489796, -33.384534], [-70.489798, -33.384544], [-70.489801, -33.384563], [-70.489801, -33.384574], [-70.489798, -33.384585], [-70.489796, -33.384594], [-70.489792, -33.384603], [-70.489786, -33.384611], [-70.489776, -33.384628], [-70.489771, -33.384638], [-70.489765, -33.384657], [-70.489759, -33.384676], [-70.48975, -33.384701], [-70.489746, -33.384707], [-70.489739, -33.384713], [-70.489728, -33.384726], [-70.489726, -33.384727], [-70.489726, -33.384728], [-70.489726, -33.384729], [-70.489735, -33.384746], [-70.489734, -33.384747], [-70.489732, -33.384749], [-70.489728, -33.384751], [-70.489723, -33.384753], [-70.48972, -33.384755], [-70.48972, -33.384757], [-70.489721, -33.384757], [-70.489722, -33.384758], [-70.489725, -33.384758], [-70.489728, -33.384758], [-70.489731, -33.384759], [-70.489736, -33.384759], [-70.489741, -33.38476], [-70.489745, -33.384761], [-70.489753, -33.384765], [-70.48976, -33.384777], [-70.489762, -33.384787], [-70.48976, -33.384796], [-70.489758, -33.384805], [-70.489754, -33.384814], [-70.489749, -33.384834], [-70.489744, -33.384844], [-70.489738, -33.384855], [-70.489727, -33.384875], [-70.489715, -33.384893], [-70.489701, -33.384909], [-70.489686, -33.384925], [-70.489671, -33.384941], [-70.489658, -33.384959], [-70.489645, -33.384977], [-70.489632, -33.384994], [-70.489618, -33.38501], [-70.489616, -33.385014], [-70.489608, -33.385019], [-70.489587, -33.385027], [-70.489578, -33.385031], [-70.489568, -33.385036], [-70.489559, -33.38504], [-70.489549, -33.385044], [-70.489538, -33.385046], [-70.489527, -33.385048], [-70.489507, -33.385055], [-70.489497, -33.385059], [-70.489458, -33.38508], [-70.489414, -33.385103], [-70.489401, -33.385109], [-70.489382, -33.385119], [-70.489373, -33.385124], [-70.489332, -33.38514], [-70.489303, -33.385153], [-70.489296, -33.385159], [-70.489295, -33.385162], [-70.489295, -33.385165], [-70.489298, -33.385168], [-70.489301, -33.385169], [-70.489307, -33.385169], [-70.489321, -33.385165], [-70.489358, -33.385151], [-70.489391, -33.385142], [-70.489423, -33.385139], [-70.489442, -33.385139], [-70.489469, -33.385141], [-70.48949, -33.385143], [-70.489502, -33.385148], [-70.489508, -33.385154], [-70.489512, -33.385162], [-70.489512, -33.385171], [-70.489508, -33.38518], [-70.489502, -33.385188], [-70.489485, -33.385199], [-70.489476, -33.385204], [-70.489467, -33.38521], [-70.489458, -33.385226], [-70.489455, -33.385235], [-70.48945, -33.385244], [-70.489443, -33.385251], [-70.489425, -33.385262], [-70.489405, -33.385271], [-70.489395, -33.385275], [-70.489376, -33.385279], [-70.48936, -33.385282], [-70.48935, -33.385283], [-70.48933, -33.385282], [-70.489281, -33.385276], [-70.489259, -33.385275], [-70.489249, -33.385277], [-70.489237, -33.385281], [-70.489223, -33.385289], [-70.489213, -33.385299], [-70.489209, -33.385304], [-70.489205, -33.385309], [-70.4892, -33.385323], [-70.489198, -33.385343], [-70.489197, -33.385357], [-70.489199, -33.385362], [-70.489201, -33.385365], [-70.489204, -33.385366], [-70.489205, -33.385366], [-70.489207, -33.385366], [-70.489211, -33.385363], [-70.489214, -33.38536], [-70.489224, -33.385347], [-70.489235, -33.385337], [-70.489244, -33.385332], [-70.489254, -33.385329], [-70.489272, -33.385327], [-70.489292, -33.385328], [-70.489317, -33.385334], [-70.489323, -33.385336], [-70.489333, -33.385338], [-70.489344, -33.385339], [-70.489355, -33.385338], [-70.489366, -33.385335], [-70.489376, -33.385334], [-70.489387, -33.385334], [-70.489399, -33.385335], [-70.489419, -33.385329], [-70.489428, -33.385323], [-70.489438, -33.385319], [-70.489449, -33.385317], [-70.489461, -33.385317], [-70.489472, -33.385318], [-70.489483, -33.385318], [-70.489501, -33.385307], [-70.489509, -33.3853], [-70.489519, -33.385295], [-70.489538, -33.385287], [-70.48956, -33.38528], [-70.489571, -33.385277], [-70.489581, -33.385275], [-70.489591, -33.385271], [-70.489612, -33.385266], [-70.489623, -33.385263], [-70.489633, -33.385259], [-70.489642, -33.385254], [-70.489659, -33.385242], [-70.489668, -33.385236], [-70.489689, -33.38523], [-70.489706, -33.385218], [-70.489716, -33.385214], [-70.489728, -33.385211], [-70.48975, -33.385205], [-70.489762, -33.385205], [-70.490645, -33.384942], [-70.491625, -33.384955], [-70.492066, -33.384916], [-70.492864, -33.384865], [-70.493511, -33.384658], [-70.493926, -33.384478], [-70.494869, -33.384395], [-70.495335, -33.384456], [-70.495933, -33.384569], [-70.496432, -33.384717], [-70.496939, -33.384856], [-70.497574, -33.384706], [-70.49837, -33.384516], [-70.498777, -33.384532], [-70.499628, -33.384742], [-70.500334, -33.384767], [-70.501068, -33.38492], [-70.502436, -33.384968], [-70.503505, -33.384724], [-70.506532, -33.383218], [-70.50654, -33.383211], [-70.506726, -33.38306], [-70.506931, -33.382903], [-70.50707, -33.382786], [-70.507216, -33.382686], [-70.50736, -33.382592], [-70.507416, -33.382557], [-70.507521, -33.382501], [-70.50763, -33.382446], [-70.507696, -33.382424], [-70.507771, -33.382396], [-70.508027, -33.382291], [-70.508231, -33.382205], [-70.508306, -33.382157], [-70.508463, -33.382102], [-70.508605, -33.382055], [-70.508684, -33.382025], [-70.508756, -33.381996], [-70.50886, -33.381944], [-70.508927, -33.381907], [-70.509016, -33.381852], [-70.509031, -33.381842], [-70.509081, -33.381809], [-70.509264, -33.381691], [-70.509427, -33.381597], [-70.509561, -33.381528], [-70.509672, -33.381475], [-70.510123, -33.381278], [-70.510239, -33.38122], [-70.510309, -33.381182], [-70.510532, -33.381048], [-70.510602, -33.381009], [-70.510692, -33.380962], [-70.51084, -33.380897], [-70.510908, -33.380868], [-70.511194, -33.380751], [-70.511421, -33.380661], [-70.511585, -33.380724], [-70.511937, -33.380895], [-70.512021, -33.380938], [-70.512377, -33.381108], [-70.512628, -33.381208], [-70.512754, -33.381272], [-70.512824, -33.381318], [-70.51293, -33.381387], [-70.513183, -33.381573], [-70.513377, -33.381717], [-70.514027, -33.382177], [-70.514609, -33.382593], [-70.514793, -33.382721], [-70.515046, -33.382868], [-70.515234, -33.382969], [-70.515639, -33.383179], [-70.516185, -33.383461], [-70.516269, -33.383509], [-70.516468, -33.383643], [-70.516788, -33.383878], [-70.516921, -33.383978], [-70.517298, -33.38424], [-70.517548, -33.384405], [-70.517631, -33.38446], [-70.51777, -33.384543], [-70.517934, -33.384635], [-70.518295, -33.384822], [-70.518755, -33.385056], [-70.518923, -33.385146], [-70.519015, -33.385197], [-70.519093, -33.385245], [-70.519302, -33.385401], [-70.519557, -33.385582], [-70.519698, -33.38565], [-70.519769, -33.385681], [-70.519931, -33.385738], [-70.520254, -33.385843], [-70.520586, -33.385962], [-70.52077, -33.386036], [-70.521022, -33.38614], [-70.521309, -33.38624], [-70.521364, -33.386259], [-70.521827, -33.386427], [-70.522242, -33.386608], [-70.522334, -33.386654], [-70.522653, -33.386832], [-70.522883, -33.38697], [-70.5232, -33.387191], [-70.523802, -33.387617], [-70.524065, -33.387805], [-70.525288, -33.388663], [-70.52555, -33.38885], [-70.526037, -33.389193], [-70.526231, -33.389333], [-70.526702, -33.389665], [-70.526769, -33.389716], [-70.526843, -33.389641], [-70.526979, -33.389517], [-70.527058, -33.389451], [-70.527299, -33.389247], [-70.527829, -33.388815], [-70.527937, -33.388724], [-70.528484, -33.388276], [-70.528743, -33.388067], [-70.529009, -33.387848], [-70.529783, -33.387217], [-70.530949, -33.386266], [-70.531232, -33.386039], [-70.53176, -33.385635], [-70.531866, -33.38556], [-70.532077, -33.3854], [-70.532282, -33.385248], [-70.5325, -33.38509], [-70.532688, -33.384935], [-70.533124, -33.384609], [-70.533338, -33.384462], [-70.533668, -33.384218], [-70.533815, -33.384104], [-70.533995, -33.38397], [-70.534031, -33.383919], [-70.533562, -33.383443], [-70.532817, -33.382663], [-70.532174, -33.382034], [-70.531226, -33.381146], [-70.529547, -33.379598], [-70.52921, -33.379255], [-70.528785, -33.378749], [-70.528663, -33.378616], [-70.528299, -33.378183], [-70.527982, -33.377818], [-70.52773, -33.377562], [-70.527447, -33.377315], [-70.52712, -33.377074], [-70.526612, -33.376737], [-70.526327, -33.376569], [-70.525769, -33.376263], [-70.525073, -33.375932], [-70.524687, -33.375736], [-70.523409, -33.37521], [-70.523038, -33.375076], [-70.522618, -33.374901], [-70.522006, -33.374636], [-70.521446, -33.374384], [-70.520573, -33.37401], [-70.52006, -33.37376], [-70.518629, -33.373149], [-70.517645, -33.372708], [-70.517199, -33.372534], [-70.516447, -33.372217], [-70.515962, -33.372025], [-70.515738, -33.371953], [-70.51544, -33.371872], [-70.515015, -33.371743], [-70.512999, -33.371112], [-70.512093, -33.370873], [-70.511759, -33.370798], [-70.51127, -33.370697], [-70.510679, -33.370587], [-70.510048, -33.370489], [-70.508272, -33.370237], [-70.507942, -33.370203], [-70.507631, -33.370178], [-70.506453, -33.3701], [-70.506062, -33.370056], [-70.50579, -33.370014], [-70.505497, -33.369939], [-70.505288, -33.369867], [-70.504625, -33.369618], [-70.504222, -33.369452], [-70.503085, -33.368916], [-70.502809, -33.368804], [-70.502551, -33.36869], [-70.502002, -33.368436], [-70.499818, -33.367402], [-70.499398, -33.367223], [-70.499159, -33.367162], [-70.498933, -33.367096], [-70.49871, -33.367049], [-70.498413, -33.367018], [-70.497015, -33.366992], [-70.496669, -33.366977], [-70.496392, -33.366979], [-70.495764, -33.366962], [-70.495688, -33.366949], [-70.495556, -33.366909], [-70.495439, -33.366852], [-70.495321, -33.366772], [-70.495188, -33.36664], [-70.494975, -33.36637], [-70.494254, -33.365497], [-70.494164, -33.365394], [-70.494027, -33.365258], [-70.493793, -33.365108], [-70.493207, -33.364774], [-70.493065, -33.364712], [-70.492841, -33.364635], [-70.492707, -33.364611], [-70.492552, -33.364595], [-70.491984, -33.364571], [-70.491871, -33.364557], [-70.491521, -33.364495], [-70.491301, -33.364468], [-70.491011, -33.364468], [-70.489649, -33.364517], [-70.489512, -33.364533], [-70.489401, -33.364554], [-70.488989, -33.364649], [-70.488779, -33.364687], [-70.488556, -33.364701], [-70.488379, -33.364703], [-70.487823, -33.364675], [-70.487027, -33.36462], [-70.485893, -33.364554], [-70.485629, -33.364532], [-70.485508, -33.364517], [-70.485271, -33.364471], [-70.48477, -33.364332], [-70.484651, -33.364305], [-70.484489, -33.364285], [-70.484427, -33.364284], [-70.484339, -33.364291], [-70.484187, -33.364322], [-70.484021, -33.364392], [-70.483835, -33.36452], [-70.483643, -33.3647], [-70.483561, -33.364761], [-70.483484, -33.364807], [-70.483358, -33.36486], [-70.483248, -33.364893], [-70.483167, -33.364907], [-70.483023, -33.364921], [-70.482825, -33.364908], [-70.482734, -33.364888], [-70.482554, -33.364814], [-70.482455, -33.36476], [-70.482052, -33.364511], [-70.481904, -33.364441], [-70.481749, -33.364395], [-70.481579, -33.364372], [-70.481399, -33.364365], [-70.481214, -33.364351], [-70.481087, -33.36432], [-70.480826, -33.364238], [-70.48067, -33.364214], [-70.480413, -33.364207], [-70.480121, -33.364217]]]}, "properties": {"Name": "20", "descriptio": "FID_uvecin   <Null>    <br>   U_Vecinal   20    <br>   VECINAL   C-20    <br>   Shape_Leng   17142,276338    <br>   Shape.area   6360148,589173    <br>   Shape.len   17142,276351", "timestamp": "", "begin": "", "end": "", "altitudeMo": "", "tessellate": -1, "extrude": 0, "visibility": -1, "drawOrder": null, "icon": ""}}]}